post_id,post_uri,author_id,created_at,source,in_main,in_legacy,in_rules,in_collect,label_llm_v2d,label_llm_v2c,label_rules_v2,derived_chain,annotation_run_id,prompt_hash,model_name,model_name_resolved,provenance_status,exclusion_reason
17,at://did:plc:i5a2vsezf56iu2yjtmb7m2tb/app.bsky.feed.post/3mtpezdgezc2j,did:plc:i5a2vsezf56iu2yjtmb7m2tb,2026-08-22T23:02:17.088000+00:00,bluesky,true,true,false,true,relevant,relevant,irrelevant,llm_v2b>llm_v2c>llm_v2d,llm_v2b@2026-09-22T06:02:28.700376+00:00,9da653163799d56c+ca3b837dd0b3e85c,user,Qwen/Qwen3-4B-Instruct-2507,derived_validated,
200,at://did:plc:hh3brnksirhma2rymwtpnp5w/app.bsky.feed.post/3mtnloysi6m23,did:plc:hh3brnksirhma2rymwtpnp5w,2026-08-22T05:56:26.877538+00:00,bluesky,true,true,false,true,relevant,relevant,irrelevant,llm_v2b>llm_v2c>llm_v2d,llm_v2b@2026-09-22T06:02:28.700376+00:00,9da653163799d56c+ca3b837dd0b3e85c,user,Qwen/Qwen3-4B-Instruct-2507,derived_validated,
353,at://did:plc:sm3mytgu2daw6ymel4ifnkkw/app.bsky.feed.post/3mtoeynkhw22t,did:plc:sm3mytgu2daw6ymel4ifnkkw,2026-08-22T13:29:14.417000+00:00,bluesky,true,true,true,true,relevant,relevant,relevant,llm_v2b>llm_v2c>llm_v2d,llm_v2b@2026-09-22T06:02:28.700376+00:00,9da653163799d56c+ca3b837dd0b3e85c,user,Qwen/Qwen3-4B-Instruct-2507,derived_validated,
388,at://did:plc:rvoxhqgtxnzlmxcdtjdhusu3/app.bsky.feed.post/3mtnvzaes3622,did:plc:rvoxhqgtxnzlmxcdtjdhusu3,2026-08-22T09:01:08+00:00,bluesky,true,true,false,true,relevant,relevant,irrelevant,llm_v2b>llm_v2c>llm_v2d,llm_v2b@2026-09-22T06:02:28.700376+00:00,9da653163799d56c+ca3b837dd0b3e85c,user,Qwen/Qwen3-4B-Instruct-2507,derived_validated,
398,at://did:plc:pekrnpg75ziqfg3x5eo2bjq5/app.bsky.feed.post/3mtnrhpnan22s,did:plc:pekrnpg75ziqfg3x5eo2bjq5,2026-08-22T07:39:45.083000+00:00,bluesky,true,true,false,true,relevant,relevant,irrelevant,llm_v2b>llm_v2c>llm_v2d,llm_v2b@2026-09-22T06:02:28.700376+00:00,9da653163799d56c+ca3b837dd0b3e85c,user,Qwen/Qwen3-4B-Instruct-2507,derived_validated,
402,at://did:plc:txqqrms2kivagca7syqeh74j/app.bsky.feed.post/3mtnqkzbmdk2g,did:plc:txqqrms2kivagca7syqeh74j,2026-08-22T07:23:42.109000+00:00,bluesky,true,true,true,true,relevant,relevant,relevant,llm_v2b>llm_v2c>llm_v2d,llm_v2b@2026-09-22T06:02:28.700376+00:00,9da653163799d56c+ca3b837dd0b3e85c,user,Qwen/Qwen3-4B-Instruct-2507,derived_validated,
444,at://did:plc:gdqumykkptobwxvtvg352i5b/app.bsky.feed.post/3mtoxixe3ggf2,did:plc:gdqumykkptobwxvtvg352i5b,2026-08-22T19:00:01+00:00,bluesky,true,true,false,true,relevant,relevant,irrelevant,llm_v2b>llm_v2c>llm_v2d,llm_v2b@2026-09-22T06:02:28.700376+00:00,9da653163799d56c+ca3b837dd0b3e85c,user,Qwen/Qwen3-4B-Instruct-2507,derived_validated,
477,at://did:plc:pcievrygrnjjg5ni7mjfgctb/app.bsky.feed.post/3mtnxlojhh22q,did:plc:pcievrygrnjjg5ni7mjfgctb,2026-08-22T09:29:20.144000+00:00,bluesky,true,true,true,true,relevant,relevant,relevant,llm_v2b>llm_v2c>llm_v2d,llm_v2b@2026-09-22T06:02:28.700376+00:00,9da653163799d56c+ca3b837dd0b3e85c,user,Qwen/Qwen3-4B-Instruct-2507,derived_validated,
478,at://did:plc:5kubaprelrb7ryzpyq6bri6b/app.bsky.feed.post/3mtnvt3r5oc2l,did:plc:5kubaprelrb7ryzpyq6bri6b,2026-08-22T08:57:41.861000+00:00,bluesky,true,true,false,true,relevant,relevant,irrelevant,llm_v2b>llm_v2c>llm_v2d,llm_v2b@2026-09-22T06:02:28.700376+00:00,9da653163799d56c+ca3b837dd0b3e85c,user,Qwen/Qwen3-4B-Instruct-2507,derived_validated,
485,at://did:plc:7oeufzwrvqyzfmj3jffojbjw/app.bsky.feed.post/3mtnrnmttzj2b,did:plc:7oeufzwrvqyzfmj3jffojbjw,2026-08-22T07:43:03+00:00,bluesky,true,true,true,true,relevant,relevant,relevant,llm_v2b>llm_v2c>llm_v2d,llm_v2b@2026-09-22T06:02:28.700376+00:00,9da653163799d56c+ca3b837dd0b3e85c,user,Qwen/Qwen3-4B-Instruct-2507,derived_validated,
488,at://did:plc:ao3wtyjoxf5akyqjbf5yhsvo/app.bsky.feed.post/3mtnqkeaxwc2y,did:plc:ao3wtyjoxf5akyqjbf5yhsvo,2026-08-22T07:23:20.069000+00:00,bluesky,true,true,true,true,relevant,relevant,relevant,llm_v2b>llm_v2c>llm_v2d,llm_v2b@2026-09-22T06:02:28.700376+00:00,9da653163799d56c+ca3b837dd0b3e85c,user,Qwen/Qwen3-4B-Instruct-2507,derived_validated,
492,at://did:plc:2mgpf44nirnudyjapkzsymu2/app.bsky.feed.post/3mtnfkdr7mz2p,did:plc:2mgpf44nirnudyjapkzsymu2,2026-08-22T04:06:28.171000+00:00,bluesky,true,true,false,true,relevant,relevant,irrelevant,llm_v2b>llm_v2c>llm_v2d,llm_v2b@2026-09-22T06:02:28.700376+00:00,9da653163799d56c+ca3b837dd0b3e85c,user,Qwen/Qwen3-4B-Instruct-2507,derived_validated,
574,at://did:plc:5wfl2assjbrvarpmmnublc6v/app.bsky.feed.post/3mtpa5nnirlv2,did:plc:5wfl2assjbrvarpmmnublc6v,2026-08-22T21:35:12+00:00,bluesky,true,true,false,true,relevant,relevant,irrelevant,llm_v2b>llm_v2c>llm_v2d,llm_v2b@2026-09-22T06:02:28.700376+00:00,9da653163799d56c+ca3b837dd0b3e85c,user,Qwen/Qwen3-4B-Instruct-2507,derived_validated,
575,at://did:plc:4thbsxevtf4rnnxsl5wurpzj/app.bsky.feed.post/3mtpa2ofkyk2r,did:plc:4thbsxevtf4rnnxsl5wurpzj,2026-08-22T21:33:33.442000+00:00,bluesky,true,true,false,true,relevant,relevant,irrelevant,llm_v2b>llm_v2c>llm_v2d,llm_v2b@2026-09-22T06:02:28.700376+00:00,9da653163799d56c+ca3b837dd0b3e85c,user,Qwen/Qwen3-4B-Instruct-2507,derived_validated,
668,at://did:plc:xk36e7xxxlpbi42pmav4keg3/app.bsky.feed.post/3mtoosudi4q2q,did:plc:xk36e7xxxlpbi42pmav4keg3,2026-08-22T16:24:56.734000+00:00,bluesky,false,false,true,true,irrelevant,irrelevant,relevant,llm_v2b>llm_v2c>llm_v2d,,,,,deterministic_rules,
804,at://did:plc:6rvdipirgmnxilr6uhjyj4rx/app.bsky.feed.post/3mto7xcg36k2z,did:plc:6rvdipirgmnxilr6uhjyj4rx,2026-08-22T11:59:00.474000+00:00,bluesky,true,true,false,true,relevant,relevant,irrelevant,llm_v2b>llm_v2c>llm_v2d,llm_v2b@2026-09-22T06:02:28.700376+00:00,9da653163799d56c+ca3b837dd0b3e85c,user,Qwen/Qwen3-4B-Instruct-2507,derived_validated,
834,at://did:plc:3nmv4uh3tklk4bjc5yirc43m/app.bsky.feed.post/3mto3l5gw5c2h,did:plc:3nmv4uh3tklk4bjc5yirc43m,2026-08-22T10:40:35.434000+00:00,bluesky,true,true,false,true,relevant,relevant,irrelevant,llm_v2b>llm_v2c>llm_v2d,llm_v2b@2026-09-22T06:02:28.700376+00:00,9da653163799d56c+ca3b837dd0b3e85c,user,Qwen/Qwen3-4B-Instruct-2507,derived_validated,
873,at://did:plc:vku6v6wjcz72xewucgugnbpx/app.bsky.feed.post/3mtnvyiksvc25,did:plc:vku6v6wjcz72xewucgugnbpx,2026-08-22T09:00:43.054000+00:00,bluesky,true,true,false,true,relevant,relevant,irrelevant,llm_v2b>llm_v2c>llm_v2d,llm_v2b@2026-09-22T06:02:28.700376+00:00,9da653163799d56c+ca3b837dd0b3e85c,user,Qwen/Qwen3-4B-Instruct-2507,derived_validated,
889,at://did:plc:5kubaprelrb7ryzpyq6bri6b/app.bsky.feed.post/3mtnt7rq7ys2l,did:plc:5kubaprelrb7ryzpyq6bri6b,2026-08-22T08:11:06.327000+00:00,bluesky,false,false,true,true,irrelevant,irrelevant,relevant,llm_v2b>llm_v2c>llm_v2d,,,,,deterministic_rules,
913,at://did:plc:nkkyxf7zld5l5jshca4jpyen/app.bsky.feed.post/3mtnqr7nyte2c,did:plc:nkkyxf7zld5l5jshca4jpyen,2026-08-22T07:27:09+00:00,bluesky,true,true,false,true,relevant,relevant,irrelevant,llm_v2b>llm_v2c>llm_v2d,llm_v2b@2026-09-22T06:02:28.700376+00:00,9da653163799d56c+ca3b837dd0b3e85c,user,Qwen/Qwen3-4B-Instruct-2507,derived_validated,
919,at://did:plc:usitzgfe6ci7m42z36rs7c2a/app.bsky.feed.post/3mtnqbnweyp2k,did:plc:usitzgfe6ci7m42z36rs7c2a,2026-08-22T07:18:28.170406+00:00,bluesky,true,true,true,true,relevant,relevant,relevant,llm_v2b>llm_v2c>llm_v2d,llm_v2b@2026-09-22T06:02:28.700376+00:00,9da653163799d56c+ca3b837dd0b3e85c,user,Qwen/Qwen3-4B-Instruct-2507,derived_validated,
1017,at://did:plc:7oeufzwrvqyzfmj3jffojbjw/app.bsky.feed.post/3mtnaze7wh72t,did:plc:7oeufzwrvqyzfmj3jffojbjw,2026-08-22T02:45:23+00:00,bluesky,true,true,true,true,relevant,relevant,relevant,llm_v2b>llm_v2c>llm_v2d,llm_v2b@2026-09-22T06:02:28.700376+00:00,9da653163799d56c+ca3b837dd0b3e85c,user,Qwen/Qwen3-4B-Instruct-2507,derived_validated,
1050,at://did:plc:xqyqlpjfbccp7ifo47rgkv72/app.bsky.feed.post/3mtmyxxp5b22q,did:plc:xqyqlpjfbccp7ifo47rgkv72,2026-08-22T00:21:26.861000+00:00,bluesky,true,true,false,true,relevant,relevant,irrelevant,llm_v2b>llm_v2c>llm_v2d,llm_v2b@2026-09-22T06:02:28.700376+00:00,9da653163799d56c+ca3b837dd0b3e85c,user,Qwen/Qwen3-4B-Instruct-2507,derived_validated,
1181,at://did:plc:pcievrygrnjjg5ni7mjfgctb/app.bsky.feed.post/3mtocieaajc2q,did:plc:pcievrygrnjjg5ni7mjfgctb,2026-08-22T12:44:20.224000+00:00,bluesky,true,true,false,true,relevant,relevant,irrelevant,llm_v2b>llm_v2c>llm_v2d,llm_v2b@2026-09-22T06:02:28.700376+00:00,9da653163799d56c+ca3b837dd0b3e85c,user,Qwen/Qwen3-4B-Instruct-2507,derived_validated,
1299,at://did:plc:i2y34utl5i7yo34ymxxksmwo/app.bsky.feed.post/3mtownehptr24,did:plc:i2y34utl5i7yo34ymxxksmwo,2026-08-22T18:45:02+00:00,bluesky,true,true,false,true,relevant,relevant,irrelevant,llm_v2b>llm_v2c>llm_v2d,llm_v2b@2026-09-22T06:02:28.700376+00:00,9da653163799d56c+ca3b837dd0b3e85c,user,Qwen/Qwen3-4B-Instruct-2507,derived_validated,
1405,at://did:plc:i5a2vsezf56iu2yjtmb7m2tb/app.bsky.feed.post/3mtoeauxq3223,did:plc:i5a2vsezf56iu2yjtmb7m2tb,2026-08-22T13:15:56.874000+00:00,bluesky,true,true,false,true,relevant,relevant,irrelevant,llm_v2b>llm_v2c>llm_v2d,llm_v2b@2026-09-22T06:02:28.700376+00:00,9da653163799d56c+ca3b837dd0b3e85c,user,Qwen/Qwen3-4B-Instruct-2507,derived_validated,
1407,at://did:plc:i5a2vsezf56iu2yjtmb7m2tb/app.bsky.feed.post/3mto7ejrz6s23,did:plc:i5a2vsezf56iu2yjtmb7m2tb,2026-08-22T11:48:30.662000+00:00,bluesky,true,true,true,true,relevant,relevant,relevant,llm_v2b>llm_v2c>llm_v2d,llm_v2b@2026-09-22T06:02:28.700376+00:00,9da653163799d56c+ca3b837dd0b3e85c,user,Qwen/Qwen3-4B-Instruct-2507,derived_validated,
1414,at://did:plc:ntdmapqcoxhwzziu3g3d7k5h/app.bsky.feed.post/3mtntgyuilmm2,did:plc:ntdmapqcoxhwzziu3g3d7k5h,2026-08-22T08:15:07+00:00,bluesky,true,true,false,true,relevant,relevant,irrelevant,llm_v2b>llm_v2c>llm_v2d,llm_v2b@2026-09-22T06:02:28.700376+00:00,9da653163799d56c+ca3b837dd0b3e85c,user,Qwen/Qwen3-4B-Instruct-2507,derived_validated,
1440,at://did:plc:lq77jpxdid4fptq5vswmjpmw/app.bsky.feed.post/3mtpc3uvk6s2x,did:plc:lq77jpxdid4fptq5vswmjpmw,2026-08-22T22:10:01.295000+00:00,bluesky,false,false,true,true,irrelevant,irrelevant,relevant,llm_v2b>llm_v2c>llm_v2d,,,,,deterministic_rules,
1469,at://did:plc:6sytjlbkpq4affd5wbcvrfce/app.bsky.feed.post/3mtozmilb322f,did:plc:6sytjlbkpq4affd5wbcvrfce,2026-08-22T19:38:14.647000+00:00,bluesky,true,true,true,true,relevant,relevant,relevant,llm_v2b>llm_v2c>llm_v2d,llm_v2b@2026-09-22T06:02:28.700376+00:00,9da653163799d56c+ca3b837dd0b3e85c,user,Qwen/Qwen3-4B-Instruct-2507,derived_validated,
1488,at://did:plc:r4wqqlvflwedo357ogh5kljf/app.bsky.feed.post/3mtownp4pb22p,did:plc:r4wqqlvflwedo357ogh5kljf,2026-08-22T18:45:14.312000+00:00,bluesky,true,true,false,true,relevant,relevant,irrelevant,llm_v2b>llm_v2c>llm_v2d,llm_v2b@2026-09-22T06:02:28.700376+00:00,9da653163799d56c+ca3b837dd0b3e85c,user,Qwen/Qwen3-4B-Instruct-2507,derived_validated,
1879,at://did:plc:7t2ayv6uufztokga6nupz6n4/app.bsky.feed.post/3mtpbpha3r72w,did:plc:7t2ayv6uufztokga6nupz6n4,2026-08-22T22:03:03.321000+00:00,bluesky,true,true,false,true,relevant,relevant,irrelevant,llm_v2b>llm_v2c>llm_v2d,llm_v2b@2026-09-22T06:02:28.700376+00:00,9da653163799d56c+ca3b837dd0b3e85c,user,Qwen/Qwen3-4B-Instruct-2507,derived_validated,
2033,at://did:plc:rvgczjwe4vpieijepny5voy7/app.bsky.feed.post/3mtoa2i5jux2x,did:plc:rvgczjwe4vpieijepny5voy7,2026-08-22T12:00:47.070144+00:00,bluesky,true,true,false,true,relevant,relevant,irrelevant,llm_v2b>llm_v2c>llm_v2d,llm_v2b@2026-09-22T06:02:28.700376+00:00,9da653163799d56c+ca3b837dd0b3e85c,user,Qwen/Qwen3-4B-Instruct-2507,derived_validated,
2045,at://did:plc:vvz47mxtw7vx3l7wqsqfnc7t/app.bsky.feed.post/3mto4jh6yj42q,did:plc:vvz47mxtw7vx3l7wqsqfnc7t,2026-08-22T10:57:34.285448+00:00,bluesky,true,true,false,true,relevant,relevant,irrelevant,llm_v2b>llm_v2c>llm_v2d,llm_v2b@2026-09-22T06:02:28.700376+00:00,9da653163799d56c+ca3b837dd0b3e85c,user,Qwen/Qwen3-4B-Instruct-2507,derived_validated,
2066,at://did:plc:zhe53h7ajlloep2oso5pqxzj/app.bsky.feed.post/3mtnxmy4vyp24,did:plc:zhe53h7ajlloep2oso5pqxzj,2026-08-22T09:30:01+00:00,bluesky,true,true,false,true,relevant,relevant,irrelevant,llm_v2b>llm_v2c>llm_v2d,llm_v2b@2026-09-22T06:02:28.700376+00:00,9da653163799d56c+ca3b837dd0b3e85c,user,Qwen/Qwen3-4B-Instruct-2507,derived_validated,
2158,at://did:plc:2mgpf44nirnudyjapkzsymu2/app.bsky.feed.post/3mtneiglzwy2v,did:plc:2mgpf44nirnudyjapkzsymu2,2026-08-22T03:47:30.314000+00:00,bluesky,true,true,false,true,relevant,relevant,irrelevant,llm_v2b>llm_v2c>llm_v2d,llm_v2b@2026-09-22T06:02:28.700376+00:00,9da653163799d56c+ca3b837dd0b3e85c,user,Qwen/Qwen3-4B-Instruct-2507,derived_validated,
2159,at://did:plc:qv4cel4jrf5qqzfq6ddvp6yv/app.bsky.feed.post/3mtne4dq6qa2i,did:plc:qv4cel4jrf5qqzfq6ddvp6yv,2026-08-22T03:40:44+00:00,bluesky,true,true,false,true,relevant,relevant,irrelevant,llm_v2b>llm_v2c>llm_v2d,llm_v2b@2026-09-22T06:02:28.700376+00:00,9da653163799d56c+ca3b837dd0b3e85c,user,Qwen/Qwen3-4B-Instruct-2507,derived_validated,
2315,at://did:plc:y274r6dyaw3vzoixmgueszut/app.bsky.feed.post/3mtp7nh3mc22q,did:plc:y274r6dyaw3vzoixmgueszut,2026-08-22T21:26:09.566000+00:00,bluesky,true,true,false,true,relevant,relevant,irrelevant,llm_v2b>llm_v2c>llm_v2d,llm_v2b@2026-09-22T06:02:28.700376+00:00,9da653163799d56c+ca3b837dd0b3e85c,user,Qwen/Qwen3-4B-Instruct-2507,derived_validated,
2319,at://did:plc:655p2neyd2h2zds7vd7ltxe7/app.bsky.feed.post/3mtoutrdgyc2j,did:plc:655p2neyd2h2zds7vd7ltxe7,2026-08-22T18:12:50.478000+00:00,bluesky,true,true,false,true,relevant,relevant,irrelevant,llm_v2b>llm_v2c>llm_v2d,llm_v2b@2026-09-22T06:02:28.700376+00:00,9da653163799d56c+ca3b837dd0b3e85c,user,Qwen/Qwen3-4B-Instruct-2507,derived_validated,
2333,at://did:plc:kzmukwaf72iwepygposicgt3/app.bsky.feed.post/3mto6z2h63t2f,did:plc:kzmukwaf72iwepygposicgt3,2026-08-22T11:31:07+00:00,bluesky,true,true,false,true,relevant,relevant,irrelevant,llm_v2b>llm_v2c>llm_v2d,llm_v2b@2026-09-22T06:02:28.700376+00:00,9da653163799d56c+ca3b837dd0b3e85c,user,Qwen/Qwen3-4B-Instruct-2507,derived_validated,
2334,at://did:plc:kzmukwaf72iwepygposicgt3/app.bsky.feed.post/3mto6ykv47q25,did:plc:kzmukwaf72iwepygposicgt3,2026-08-22T11:25:43+00:00,bluesky,true,true,false,true,relevant,relevant,irrelevant,llm_v2b>llm_v2c>llm_v2d,llm_v2b@2026-09-22T06:02:28.700376+00:00,9da653163799d56c+ca3b837dd0b3e85c,user,Qwen/Qwen3-4B-Instruct-2507,derived_validated,
2337,at://did:plc:y3w6xbhp4i7fcdtyhqjy7bgc/app.bsky.feed.post/3mto3lxixe22b,did:plc:y3w6xbhp4i7fcdtyhqjy7bgc,2026-08-22T10:41:04.966000+00:00,bluesky,true,true,false,true,relevant,relevant,irrelevant,llm_v2b>llm_v2c>llm_v2d,llm_v2b@2026-09-22T06:02:28.700376+00:00,9da653163799d56c+ca3b837dd0b3e85c,user,Qwen/Qwen3-4B-Instruct-2507,derived_validated,
2340,at://did:plc:kzmukwaf72iwepygposicgt3/app.bsky.feed.post/3mto3bypxrd2w,did:plc:kzmukwaf72iwepygposicgt3,2026-08-22T10:11:42+00:00,bluesky,true,true,false,true,relevant,relevant,irrelevant,llm_v2b>llm_v2c>llm_v2d,llm_v2b@2026-09-22T06:02:28.700376+00:00,9da653163799d56c+ca3b837dd0b3e85c,user,Qwen/Qwen3-4B-Instruct-2507,derived_validated,
2351,at://did:plc:vb7d3zz6khc7zqcg7743eqiq/app.bsky.feed.post/3mtnkd5fwql2z,did:plc:vb7d3zz6khc7zqcg7743eqiq,2026-08-22T05:31:38.969000+00:00,bluesky,true,true,false,true,relevant,relevant,irrelevant,llm_v2b>llm_v2c>llm_v2d,llm_v2b@2026-09-22T06:02:28.700376+00:00,9da653163799d56c+ca3b837dd0b3e85c,user,Qwen/Qwen3-4B-Instruct-2507,derived_validated,
2352,at://did:plc:m6a3yhogcjfbeuzpo3ih47kd/app.bsky.feed.post/3mtnk6qqbyt2v,did:plc:m6a3yhogcjfbeuzpo3ih47kd,2026-08-22T05:29:27.606000+00:00,bluesky,true,true,false,true,relevant,relevant,irrelevant,llm_v2b>llm_v2c>llm_v2d,llm_v2b@2026-09-22T06:02:28.700376+00:00,9da653163799d56c+ca3b837dd0b3e85c,user,Qwen/Qwen3-4B-Instruct-2507,derived_validated,
2353,at://did:plc:kzmukwaf72iwepygposicgt3/app.bsky.feed.post/3mtnlagyk5b2w,did:plc:kzmukwaf72iwepygposicgt3,2026-08-22T05:16:47+00:00,bluesky,true,true,false,true,relevant,relevant,irrelevant,llm_v2b>llm_v2c>llm_v2d,llm_v2b@2026-09-22T06:02:28.700376+00:00,9da653163799d56c+ca3b837dd0b3e85c,user,Qwen/Qwen3-4B-Instruct-2507,derived_validated,
2354,at://did:plc:kzmukwaf72iwepygposicgt3/app.bsky.feed.post/3mtnkhdze4q2g,did:plc:kzmukwaf72iwepygposicgt3,2026-08-22T05:09:11+00:00,bluesky,true,true,false,true,relevant,relevant,irrelevant,llm_v2b>llm_v2c>llm_v2d,llm_v2b@2026-09-22T06:02:28.700376+00:00,9da653163799d56c+ca3b837dd0b3e85c,user,Qwen/Qwen3-4B-Instruct-2507,derived_validated,
2355,at://did:plc:kzmukwaf72iwepygposicgt3/app.bsky.feed.post/3mtnkthbqrz2d,did:plc:kzmukwaf72iwepygposicgt3,2026-08-22T05:04:10+00:00,bluesky,true,true,false,true,relevant,relevant,irrelevant,llm_v2b>llm_v2c>llm_v2d,llm_v2b@2026-09-22T06:02:28.700376+00:00,9da653163799d56c+ca3b837dd0b3e85c,user,Qwen/Qwen3-4B-Instruct-2507,derived_validated,
2392,at://did:plc:yhtg3ytr5ddrf2effyd2z7iy/app.bsky.feed.post/3mtopqv7gog2j,did:plc:yhtg3ytr5ddrf2effyd2z7iy,2026-08-22T16:41:44+00:00,bluesky,true,true,false,true,relevant,relevant,irrelevant,llm_v2b>llm_v2c>llm_v2d,llm_v2b@2026-09-22T06:02:28.700376+00:00,9da653163799d56c+ca3b837dd0b3e85c,user,Qwen/Qwen3-4B-Instruct-2507,derived_validated,
2404,at://did:plc:vb7d3zz6khc7zqcg7743eqiq/app.bsky.feed.post/3mto6sfbqkk2o,did:plc:vb7d3zz6khc7zqcg7743eqiq,2026-08-22T11:38:07.401000+00:00,bluesky,true,true,false,true,relevant,relevant,irrelevant,llm_v2b>llm_v2c>llm_v2d,llm_v2b@2026-09-22T06:02:28.700376+00:00,9da653163799d56c+ca3b837dd0b3e85c,user,Qwen/Qwen3-4B-Instruct-2507,derived_validated,
2405,at://did:plc:m6a3yhogcjfbeuzpo3ih47kd/app.bsky.feed.post/3mto6jvpjfm2o,did:plc:m6a3yhogcjfbeuzpo3ih47kd,2026-08-22T11:33:36.772000+00:00,bluesky,true,true,false,true,relevant,relevant,irrelevant,llm_v2b>llm_v2c>llm_v2d,llm_v2b@2026-09-22T06:02:28.700376+00:00,9da653163799d56c+ca3b837dd0b3e85c,user,Qwen/Qwen3-4B-Instruct-2507,derived_validated,
2407,at://did:plc:kzmukwaf72iwepygposicgt3/app.bsky.feed.post/3mto6yso2bz2o,did:plc:kzmukwaf72iwepygposicgt3,2026-08-22T11:27:26+00:00,bluesky,true,true,false,true,relevant,relevant,irrelevant,llm_v2b>llm_v2c>llm_v2d,llm_v2b@2026-09-22T06:02:28.700376+00:00,9da653163799d56c+ca3b837dd0b3e85c,user,Qwen/Qwen3-4B-Instruct-2507,derived_validated,
2418,at://did:plc:5kubaprelrb7ryzpyq6bri6b/app.bsky.feed.post/3mtnv6xjlgk2l,did:plc:5kubaprelrb7ryzpyq6bri6b,2026-08-22T08:46:26.330000+00:00,bluesky,true,true,false,true,relevant,relevant,irrelevant,llm_v2b>llm_v2c>llm_v2d,llm_v2b@2026-09-22T06:02:28.700376+00:00,9da653163799d56c+ca3b837dd0b3e85c,user,Qwen/Qwen3-4B-Instruct-2507,derived_validated,
2421,at://did:plc:kqmrbl4uiiiphpowx4c2ew2r/app.bsky.feed.post/3mtnsmmiizc27,did:plc:kqmrbl4uiiiphpowx4c2ew2r,2026-08-22T08:00:23.298000+00:00,bluesky,true,true,false,true,relevant,relevant,irrelevant,llm_v2b>llm_v2c>llm_v2d,llm_v2b@2026-09-22T06:02:28.700376+00:00,9da653163799d56c+ca3b837dd0b3e85c,user,Qwen/Qwen3-4B-Instruct-2507,derived_validated,
2456,at://did:plc:vjijciorejqit42fdljgzlwy/app.bsky.feed.post/3mtrmub6rtk2i,did:plc:vjijciorejqit42fdljgzlwy,2026-08-23T20:27:56.383000+00:00,bluesky,true,true,false,true,relevant,relevant,irrelevant,llm_v2b>llm_v2c>llm_v2d,llm_v2b@2026-09-22T06:02:28.700376+00:00,9da653163799d56c+ca3b837dd0b3e85c,user,Qwen/Qwen3-4B-Instruct-2507,derived_validated,
2457,at://did:plc:vjijciorejqit42fdljgzlwy/app.bsky.feed.post/3mtrmtxwzxs2i,did:plc:vjijciorejqit42fdljgzlwy,2026-08-23T20:27:46.692000+00:00,bluesky,true,true,false,true,relevant,relevant,irrelevant,llm_v2b>llm_v2c>llm_v2d,llm_v2b@2026-09-22T06:02:28.700376+00:00,9da653163799d56c+ca3b837dd0b3e85c,user,Qwen/Qwen3-4B-Instruct-2507,derived_validated,
2572,at://did:plc:7h7srlskyboefvfqmbgy2wax/app.bsky.feed.post/3mtqgr4lbc72z,did:plc:7h7srlskyboefvfqmbgy2wax,2026-08-23T09:06:07+00:00,bluesky,true,true,true,true,relevant,relevant,relevant,llm_v2b>llm_v2c>llm_v2d,llm_v2b@2026-09-22T06:02:28.700376+00:00,9da653163799d56c+ca3b837dd0b3e85c,user,Qwen/Qwen3-4B-Instruct-2507,derived_validated,
2601,at://did:plc:7h7srlskyboefvfqmbgy2wax/app.bsky.feed.post/3mtqghbcz6g2y,did:plc:7h7srlskyboefvfqmbgy2wax,2026-08-23T09:00:37+00:00,bluesky,true,true,true,true,relevant,relevant,relevant,llm_v2b>llm_v2c>llm_v2d,llm_v2b@2026-09-22T06:02:28.700376+00:00,9da653163799d56c+ca3b837dd0b3e85c,user,Qwen/Qwen3-4B-Instruct-2507,derived_validated,
2609,at://did:plc:hh3brnksirhma2rymwtpnp5w/app.bsky.feed.post/3mtqdljwqej2n,did:plc:hh3brnksirhma2rymwtpnp5w,2026-08-23T08:09:19.922753+00:00,bluesky,true,true,true,true,relevant,relevant,relevant,llm_v2b>llm_v2c>llm_v2d,llm_v2b@2026-09-22T06:02:28.700376+00:00,9da653163799d56c+ca3b837dd0b3e85c,user,Qwen/Qwen3-4B-Instruct-2507,derived_validated,
2618,at://did:plc:hh3brnksirhma2rymwtpnp5w/app.bsky.feed.post/3mtqbvb7l7423,did:plc:hh3brnksirhma2rymwtpnp5w,2026-08-23T07:38:58.819638+00:00,bluesky,true,true,false,true,relevant,relevant,irrelevant,llm_v2b>llm_v2c>llm_v2d,llm_v2b@2026-09-22T06:02:28.700376+00:00,9da653163799d56c+ca3b837dd0b3e85c,user,Qwen/Qwen3-4B-Instruct-2507,derived_validated,
2625,at://did:plc:pcievrygrnjjg5ni7mjfgctb/app.bsky.feed.post/3mtqbkpao3c2q,did:plc:pcievrygrnjjg5ni7mjfgctb,2026-08-23T07:33:04.257000+00:00,bluesky,true,true,false,true,relevant,relevant,irrelevant,llm_v2b>llm_v2c>llm_v2d,llm_v2b@2026-09-22T06:02:28.700376+00:00,9da653163799d56c+ca3b837dd0b3e85c,user,Qwen/Qwen3-4B-Instruct-2507,derived_validated,
2663,at://did:plc:mgnesxvhndfnfsbb6uam47zz/app.bsky.feed.post/3mtpz56mfox2s,did:plc:mgnesxvhndfnfsbb6uam47zz,2026-08-23T05:02:20+00:00,bluesky,true,true,false,true,relevant,relevant,irrelevant,llm_v2b>llm_v2c>llm_v2d,llm_v2b@2026-09-22T06:02:28.700376+00:00,9da653163799d56c+ca3b837dd0b3e85c,user,Qwen/Qwen3-4B-Instruct-2507,derived_validated,
2664,at://did:plc:lpcsumiee6obcimaqmtnaypr/app.bsky.feed.post/3mtpycak7rr2l,did:plc:lpcsumiee6obcimaqmtnaypr,2026-08-23T04:47:13+00:00,bluesky,true,true,false,true,relevant,relevant,irrelevant,llm_v2b>llm_v2c>llm_v2d,llm_v2b@2026-09-22T06:02:28.700376+00:00,9da653163799d56c+ca3b837dd0b3e85c,user,Qwen/Qwen3-4B-Instruct-2507,derived_validated,
2674,at://did:plc:eto6t7rpubrs7rfjbpk47ji6/app.bsky.feed.post/3mtppmmbmy52h,did:plc:eto6t7rpubrs7rfjbpk47ji6,2026-08-23T02:12:00.673000+00:00,bluesky,true,true,false,true,relevant,relevant,irrelevant,llm_v2b>llm_v2c>llm_v2d,llm_v2b@2026-09-22T06:02:28.700376+00:00,9da653163799d56c+ca3b837dd0b3e85c,user,Qwen/Qwen3-4B-Instruct-2507,derived_validated,
2693,at://did:plc:vjyi7xa7gfrsivr7bugrun4q/app.bsky.feed.post/3mtrqazxmcy27,did:plc:vjyi7xa7gfrsivr7bugrun4q,2026-08-23T21:28:46+00:00,bluesky,true,true,false,true,relevant,relevant,irrelevant,llm_v2b>llm_v2c>llm_v2d,llm_v2b@2026-09-22T06:02:28.700376+00:00,9da653163799d56c+ca3b837dd0b3e85c,user,Qwen/Qwen3-4B-Instruct-2507,derived_validated,
2709,at://did:plc:s4lsju3rjvcm66thieayktpj/app.bsky.feed.post/3mtrepnyfc62m,did:plc:s4lsju3rjvcm66thieayktpj,2026-08-23T18:02:11.372000+00:00,bluesky,true,true,false,true,relevant,relevant,irrelevant,llm_v2b>llm_v2c>llm_v2d,llm_v2b@2026-09-22T06:02:28.700376+00:00,9da653163799d56c+ca3b837dd0b3e85c,user,Qwen/Qwen3-4B-Instruct-2507,derived_validated,
2770,at://did:plc:spzmgpshuuwostqxvorzb6ul/app.bsky.feed.post/3mtqb26m7ln27,did:plc:spzmgpshuuwostqxvorzb6ul,2026-08-23T07:23:51.208171+00:00,bluesky,true,true,false,true,relevant,relevant,irrelevant,llm_v2b>llm_v2c>llm_v2d,llm_v2b@2026-09-22T06:02:28.700376+00:00,9da653163799d56c+ca3b837dd0b3e85c,user,Qwen/Qwen3-4B-Instruct-2507,derived_validated,
2836,at://did:plc:xwlikwk3gxk36eutedptjpne/app.bsky.feed.post/3mtqbndiof42d,did:plc:xwlikwk3gxk36eutedptjpne,2026-08-23T07:34:32.960462+00:00,bluesky,true,true,true,true,relevant,relevant,relevant,llm_v2b>llm_v2c>llm_v2d,llm_v2b@2026-09-22T06:02:28.700376+00:00,9da653163799d56c+ca3b837dd0b3e85c,user,Qwen/Qwen3-4B-Instruct-2507,derived_validated,
2881,at://did:plc:lpcsumiee6obcimaqmtnaypr/app.bsky.feed.post/3mtqz4j25732u,did:plc:lpcsumiee6obcimaqmtnaypr,2026-08-23T14:34:33+00:00,bluesky,true,true,false,true,relevant,relevant,irrelevant,llm_v2b>llm_v2c>llm_v2d,llm_v2b@2026-09-22T06:02:28.700376+00:00,9da653163799d56c+ca3b837dd0b3e85c,user,Qwen/Qwen3-4B-Instruct-2507,derived_validated,
3004,at://did:plc:q2iadgn7uqbpaat4f3brpzhy/app.bsky.feed.post/3mtrfyejmww2h,did:plc:q2iadgn7uqbpaat4f3brpzhy,2026-08-23T18:24:57.524000+00:00,bluesky,true,true,false,true,relevant,relevant,irrelevant,llm_v2b>llm_v2c>llm_v2d,llm_v2b@2026-09-22T06:02:28.700376+00:00,9da653163799d56c+ca3b837dd0b3e85c,user,Qwen/Qwen3-4B-Instruct-2507,derived_validated,
3068,at://did:plc:jzdwi7iyqrjseoi6fyilwlw6/app.bsky.feed.post/3mtr7cigyw42k,did:plc:jzdwi7iyqrjseoi6fyilwlw6,2026-08-23T16:25:21.310000+00:00,bluesky,false,false,true,true,irrelevant,irrelevant,relevant,llm_v2b>llm_v2c>llm_v2d,,,,,deterministic_rules,
3110,at://did:plc:mri4qfwjhti5j4c3ob5vtudy/app.bsky.feed.post/3mtr2etnd2c2m,did:plc:mri4qfwjhti5j4c3ob5vtudy,2026-08-23T14:57:11.509000+00:00,bluesky,true,true,false,true,relevant,relevant,irrelevant,llm_v2b>llm_v2c>llm_v2d,llm_v2b@2026-09-22T06:02:28.700376+00:00,9da653163799d56c+ca3b837dd0b3e85c,user,Qwen/Qwen3-4B-Instruct-2507,derived_validated,
3155,at://did:plc:idy52uuqn4jvyopu46naey5d/app.bsky.feed.post/3mtqtrfxt722r,did:plc:idy52uuqn4jvyopu46naey5d,2026-08-23T12:58:57.167000+00:00,bluesky,false,false,true,true,irrelevant,irrelevant,relevant,llm_v2b>llm_v2c>llm_v2d,,,,,deterministic_rules,
3172,at://did:plc:35ik6jgzsfh66jv5xrvcq6ke/app.bsky.feed.post/3mtqq6k7ece2e,did:plc:35ik6jgzsfh66jv5xrvcq6ke,2026-08-23T11:54:40.499062+00:00,bluesky,true,true,false,true,relevant,relevant,irrelevant,llm_v2b>llm_v2c>llm_v2d,llm_v2b@2026-09-22T06:02:28.700376+00:00,9da653163799d56c+ca3b837dd0b3e85c,user,Qwen/Qwen3-4B-Instruct-2507,derived_validated,
3288,at://did:plc:rvoxhqgtxnzlmxcdtjdhusu3/app.bsky.feed.post/3mtpz2lqsc42y,did:plc:rvoxhqgtxnzlmxcdtjdhusu3,2026-08-23T05:00:54.171000+00:00,bluesky,true,true,false,true,relevant,relevant,irrelevant,llm_v2b>llm_v2c>llm_v2d,llm_v2b@2026-09-22T06:02:28.700376+00:00,9da653163799d56c+ca3b837dd0b3e85c,user,Qwen/Qwen3-4B-Instruct-2507,derived_validated,
3466,at://did:plc:svhna7adprwbhiqziey26hej/app.bsky.feed.post/3mtqdfxrjzk2e,did:plc:svhna7adprwbhiqziey26hej,2026-08-23T08:06:13.332000+00:00,bluesky,true,true,false,true,relevant,relevant,irrelevant,llm_v2b>llm_v2c>llm_v2d,llm_v2b@2026-09-22T06:02:28.700376+00:00,9da653163799d56c+ca3b837dd0b3e85c,user,Qwen/Qwen3-4B-Instruct-2507,derived_validated,
3606,at://did:plc:xlryg5qdknigm5heeqfco33b/app.bsky.feed.post/3mtr2fupeiy2b,did:plc:xlryg5qdknigm5heeqfco33b,2026-08-23T14:57:45.881666+00:00,bluesky,true,true,false,true,relevant,relevant,irrelevant,llm_v2b>llm_v2c>llm_v2d,llm_v2b@2026-09-22T06:02:28.700376+00:00,9da653163799d56c+ca3b837dd0b3e85c,user,Qwen/Qwen3-4B-Instruct-2507,derived_validated,
3662,at://did:plc:gf2kf7hzq524kg3v5esrvtzi/app.bsky.feed.post/3mtqk6iyal62v,did:plc:gf2kf7hzq524kg3v5esrvtzi,2026-08-23T10:07:18.467000+00:00,bluesky,true,true,false,true,relevant,relevant,irrelevant,llm_v2b>llm_v2c>llm_v2d,llm_v2b@2026-09-22T06:02:28.700376+00:00,9da653163799d56c+ca3b837dd0b3e85c,user,Qwen/Qwen3-4B-Instruct-2507,derived_validated,
3719,at://did:plc:hufjjwwkxxsf5ztkce2ircwo/app.bsky.feed.post/3mtqztclsvp2t,did:plc:hufjjwwkxxsf5ztkce2ircwo,2026-08-23T14:47:23.117000+00:00,bluesky,true,true,false,true,relevant,relevant,irrelevant,llm_v2b>llm_v2c>llm_v2d,llm_v2b@2026-09-22T06:02:28.700376+00:00,9da653163799d56c+ca3b837dd0b3e85c,user,Qwen/Qwen3-4B-Instruct-2507,derived_validated,
3878,at://did:plc:i5a2vsezf56iu2yjtmb7m2tb/app.bsky.feed.post/3mtqpvc6yks2a,did:plc:i5a2vsezf56iu2yjtmb7m2tb,2026-08-23T11:49:32.465000+00:00,bluesky,true,true,true,true,relevant,relevant,relevant,llm_v2b>llm_v2c>llm_v2d,llm_v2b@2026-09-22T06:02:28.700376+00:00,9da653163799d56c+ca3b837dd0b3e85c,user,Qwen/Qwen3-4B-Instruct-2507,derived_validated,
3913,at://did:plc:jyzmpivrgltngh3w5ncf6445/app.bsky.feed.post/3mtrpmrj2pk2c,did:plc:jyzmpivrgltngh3w5ncf6445,2026-08-23T21:17:26.280000+00:00,bluesky,false,false,true,true,irrelevant,irrelevant,relevant,llm_v2b>llm_v2c>llm_v2d,,,,,deterministic_rules,
3950,at://did:plc:5nn6iqre3bvcoxfegp7hmy7c/app.bsky.feed.post/3mtrez7uqkk2f,did:plc:5nn6iqre3bvcoxfegp7hmy7c,2026-08-23T18:07:32.832000+00:00,bluesky,true,true,false,true,relevant,relevant,irrelevant,llm_v2b>llm_v2c>llm_v2d,llm_v2b@2026-09-22T06:02:28.700376+00:00,9da653163799d56c+ca3b837dd0b3e85c,user,Qwen/Qwen3-4B-Instruct-2507,derived_validated,
3973,at://did:plc:gqm5wbqmujxpw5jb7t3tuird/app.bsky.feed.post/3mtra7h4zxa23,did:plc:gqm5wbqmujxpw5jb7t3tuird,2026-08-23T16:41:32.689000+00:00,bluesky,false,false,true,true,irrelevant,irrelevant,relevant,llm_v2b>llm_v2c>llm_v2d,,,,,deterministic_rules,
3984,at://did:plc:2jjromh55tf7pp7s4hsvurf4/app.bsky.feed.post/3mtr67bsvyc2t,did:plc:2jjromh55tf7pp7s4hsvurf4,2026-08-23T16:05:40.012000+00:00,bluesky,true,true,false,true,relevant,relevant,irrelevant,llm_v2b>llm_v2c>llm_v2d,llm_v2b@2026-09-22T06:02:28.700376+00:00,9da653163799d56c+ca3b837dd0b3e85c,user,Qwen/Qwen3-4B-Instruct-2507,derived_validated,
4100,at://did:plc:k3igczzibt56m5lxsszdfskj/app.bsky.feed.post/3mtpqzossb22q,did:plc:k3igczzibt56m5lxsszdfskj,2026-08-23T02:37:13.933000+00:00,bluesky,true,true,false,true,relevant,relevant,irrelevant,llm_v2b>llm_v2c>llm_v2d,llm_v2b@2026-09-22T06:02:28.700376+00:00,9da653163799d56c+ca3b837dd0b3e85c,user,Qwen/Qwen3-4B-Instruct-2507,derived_validated,
4295,at://did:plc:x2fori67bggzcj2a6c7sj6ur/app.bsky.feed.post/3mtqiprq45c2h,did:plc:x2fori67bggzcj2a6c7sj6ur,2026-08-23T09:41:11.250000+00:00,bluesky,true,true,false,true,relevant,relevant,irrelevant,llm_v2b>llm_v2c>llm_v2d,llm_v2b@2026-09-22T06:02:28.700376+00:00,9da653163799d56c+ca3b837dd0b3e85c,user,Qwen/Qwen3-4B-Instruct-2507,derived_validated,
4393,at://did:plc:hufjjwwkxxsf5ztkce2ircwo/app.bsky.feed.post/3mtqztbxuwh23,did:plc:hufjjwwkxxsf5ztkce2ircwo,2026-08-23T14:47:22.083000+00:00,bluesky,true,true,false,true,relevant,relevant,irrelevant,llm_v2b>llm_v2c>llm_v2d,llm_v2b@2026-09-22T06:02:28.700376+00:00,9da653163799d56c+ca3b837dd0b3e85c,user,Qwen/Qwen3-4B-Instruct-2507,derived_validated,
4484,at://did:plc:mgnesxvhndfnfsbb6uam47zz/app.bsky.feed.post/3mtpz56dzwk2d,did:plc:mgnesxvhndfnfsbb6uam47zz,2026-08-23T05:02:20+00:00,bluesky,true,true,false,true,relevant,relevant,irrelevant,llm_v2b>llm_v2c>llm_v2d,llm_v2b@2026-09-22T06:02:28.700376+00:00,9da653163799d56c+ca3b837dd0b3e85c,user,Qwen/Qwen3-4B-Instruct-2507,derived_validated,
4505,at://did:plc:dyzbakrpj25wudow7x43wmm6/app.bsky.feed.post/3mtptclexvi2l,did:plc:dyzbakrpj25wudow7x43wmm6,2026-08-23T03:17:59.620000+00:00,bluesky,true,true,false,true,relevant,relevant,irrelevant,llm_v2b>llm_v2c>llm_v2d,llm_v2b@2026-09-22T06:02:28.700376+00:00,9da653163799d56c+ca3b837dd0b3e85c,user,Qwen/Qwen3-4B-Instruct-2507,derived_validated,
4506,at://did:plc:dyzbakrpj25wudow7x43wmm6/app.bsky.feed.post/3mtptcjatl32d,did:plc:dyzbakrpj25wudow7x43wmm6,2026-08-23T03:17:57.512000+00:00,bluesky,true,true,false,true,relevant,relevant,irrelevant,llm_v2b>llm_v2c>llm_v2d,llm_v2b@2026-09-22T06:02:28.700376+00:00,9da653163799d56c+ca3b837dd0b3e85c,user,Qwen/Qwen3-4B-Instruct-2507,derived_validated,
4624,at://did:plc:bkev7dtl5huj6zgo26wgeywu/app.bsky.feed.post/3mtqpqchsx326,did:plc:bkev7dtl5huj6zgo26wgeywu,2026-08-23T11:46:44.854000+00:00,bluesky,true,true,false,true,relevant,relevant,irrelevant,llm_v2b>llm_v2c>llm_v2d,llm_v2b@2026-09-22T06:02:28.700376+00:00,9da653163799d56c+ca3b837dd0b3e85c,user,Qwen/Qwen3-4B-Instruct-2507,derived_validated,
4704,at://did:plc:42on2vfvhmpopylwukl6kpni/app.bsky.feed.post/3mtq7uyeszs2a,did:plc:42on2vfvhmpopylwukl6kpni,2026-08-23T07:03:02.314000+00:00,bluesky,true,true,false,true,relevant,relevant,irrelevant,llm_v2b>llm_v2c>llm_v2d,llm_v2b@2026-09-22T06:02:28.700376+00:00,9da653163799d56c+ca3b837dd0b3e85c,user,Qwen/Qwen3-4B-Instruct-2507,derived_validated,
4706,at://did:plc:2wzcyxdghw3npti2pxgtqljw/app.bsky.feed.post/3mtq563vstk2m,did:plc:2wzcyxdghw3npti2pxgtqljw,2026-08-23T06:14:26.780000+00:00,bluesky,true,true,false,true,relevant,relevant,irrelevant,llm_v2b>llm_v2c>llm_v2d,llm_v2b@2026-09-22T06:02:28.700376+00:00,9da653163799d56c+ca3b837dd0b3e85c,user,Qwen/Qwen3-4B-Instruct-2507,derived_validated,
4708,at://did:plc:vb7d3zz6khc7zqcg7743eqiq/app.bsky.feed.post/3mtq2flzxdu2x,did:plc:vb7d3zz6khc7zqcg7743eqiq,2026-08-23T05:24:43.128000+00:00,bluesky,true,true,false,true,relevant,relevant,irrelevant,llm_v2b>llm_v2c>llm_v2d,llm_v2b@2026-09-22T06:02:28.700376+00:00,9da653163799d56c+ca3b837dd0b3e85c,user,Qwen/Qwen3-4B-Instruct-2507,derived_validated,
4747,at://did:plc:wcakznvotxhiajxtqqxluovz/app.bsky.feed.post/3mtqd2emmis2y,did:plc:wcakznvotxhiajxtqqxluovz,2026-08-23T07:59:44.148000+00:00,bluesky,true,true,false,true,relevant,relevant,irrelevant,llm_v2b>llm_v2c>llm_v2d,llm_v2b@2026-09-22T06:02:28.700376+00:00,9da653163799d56c+ca3b837dd0b3e85c,user,Qwen/Qwen3-4B-Instruct-2507,derived_validated,
4759,at://did:plc:7h7srlskyboefvfqmbgy2wax/app.bsky.feed.post/3mtufvtixwt26,did:plc:7h7srlskyboefvfqmbgy2wax,2026-08-24T23:01:30+00:00,bluesky,true,true,false,true,relevant,relevant,irrelevant,llm_v2b>llm_v2c>llm_v2d,llm_v2b@2026-09-22T06:02:28.700376+00:00,9da653163799d56c+ca3b837dd0b3e85c,user,Qwen/Qwen3-4B-Instruct-2507,derived_validated,
4765,at://did:plc:hh3brnksirhma2rymwtpnp5w/app.bsky.feed.post/3mtudz26ljq2k,did:plc:hh3brnksirhma2rymwtpnp5w,2026-08-24T22:27:32.090969+00:00,bluesky,true,true,false,true,relevant,relevant,irrelevant,llm_v2b>llm_v2c>llm_v2d,llm_v2b@2026-09-22T06:02:28.700376+00:00,9da653163799d56c+ca3b837dd0b3e85c,user,Qwen/Qwen3-4B-Instruct-2507,derived_validated,
4781,at://did:plc:i5a2vsezf56iu2yjtmb7m2tb/app.bsky.feed.post/3mtu3si2qoc2p,did:plc:i5a2vsezf56iu2yjtmb7m2tb,2026-08-24T20:00:42.085000+00:00,bluesky,true,true,true,true,relevant,relevant,relevant,llm_v2b>llm_v2c>llm_v2d,llm_v2b@2026-09-22T06:02:28.700376+00:00,9da653163799d56c+ca3b837dd0b3e85c,user,Qwen/Qwen3-4B-Instruct-2507,derived_validated,
4835,at://did:plc:7h7srlskyboefvfqmbgy2wax/app.bsky.feed.post/3mttrvn2q7622,did:plc:7h7srlskyboefvfqmbgy2wax,2026-08-24T17:03:29+00:00,bluesky,true,true,true,true,relevant,relevant,relevant,llm_v2b>llm_v2c>llm_v2d,llm_v2b@2026-09-22T06:02:28.700376+00:00,9da653163799d56c+ca3b837dd0b3e85c,user,Qwen/Qwen3-4B-Instruct-2507,derived_validated,
4862,at://did:plc:zhe53h7ajlloep2oso5pqxzj/app.bsky.feed.post/3mttoe6afsh24,did:plc:zhe53h7ajlloep2oso5pqxzj,2026-08-24T16:00:01+00:00,bluesky,true,true,false,true,relevant,relevant,irrelevant,llm_v2b>llm_v2c>llm_v2d,llm_v2b@2026-09-22T06:02:28.700376+00:00,9da653163799d56c+ca3b837dd0b3e85c,user,Qwen/Qwen3-4B-Instruct-2507,derived_validated,
4863,at://did:plc:i5a2vsezf56iu2yjtmb7m2tb/app.bsky.feed.post/3mtto4pbjnk2p,did:plc:i5a2vsezf56iu2yjtmb7m2tb,2026-08-24T15:55:52.803000+00:00,bluesky,true,true,true,true,relevant,relevant,relevant,llm_v2b>llm_v2c>llm_v2d,llm_v2b@2026-09-22T06:02:28.700376+00:00,9da653163799d56c+ca3b837dd0b3e85c,user,Qwen/Qwen3-4B-Instruct-2507,derived_validated,
4866,at://did:plc:qeilpnf42ybusei2fh6xq73j/app.bsky.feed.post/3mttnuiqjmk2o,did:plc:qeilpnf42ybusei2fh6xq73j,2026-08-24T15:51:17.517000+00:00,bluesky,true,true,false,true,relevant,relevant,irrelevant,llm_v2b>llm_v2c>llm_v2d,llm_v2b@2026-09-22T06:02:28.700376+00:00,9da653163799d56c+ca3b837dd0b3e85c,user,Qwen/Qwen3-4B-Instruct-2507,derived_validated,
4876,at://did:plc:hh3brnksirhma2rymwtpnp5w/app.bsky.feed.post/3mttmgnejen2r,did:plc:hh3brnksirhma2rymwtpnp5w,2026-08-24T15:25:38.634301+00:00,bluesky,true,true,false,true,relevant,relevant,irrelevant,llm_v2b>llm_v2c>llm_v2d,llm_v2b@2026-09-22T06:02:28.700376+00:00,9da653163799d56c+ca3b837dd0b3e85c,user,Qwen/Qwen3-4B-Instruct-2507,derived_validated,
4882,at://did:plc:7h7srlskyboefvfqmbgy2wax/app.bsky.feed.post/3mttlbw7in22z,did:plc:7h7srlskyboefvfqmbgy2wax,2026-08-24T15:05:05+00:00,bluesky,true,true,true,true,relevant,relevant,relevant,llm_v2b>llm_v2c>llm_v2d,llm_v2b@2026-09-22T06:02:28.700376+00:00,9da653163799d56c+ca3b837dd0b3e85c,user,Qwen/Qwen3-4B-Instruct-2507,derived_validated,
4892,at://did:plc:7h7srlskyboefvfqmbgy2wax/app.bsky.feed.post/3mttl4353zq2g,did:plc:7h7srlskyboefvfqmbgy2wax,2026-08-24T15:01:49+00:00,bluesky,true,true,true,true,relevant,relevant,relevant,llm_v2b>llm_v2c>llm_v2d,llm_v2b@2026-09-22T06:02:28.700376+00:00,9da653163799d56c+ca3b837dd0b3e85c,user,Qwen/Qwen3-4B-Instruct-2507,derived_validated,
4912,at://did:plc:u5d54hkw4ysuqtuvcj6cmsin/app.bsky.feed.post/3mttj2xnb7u2n,did:plc:u5d54hkw4ysuqtuvcj6cmsin,2026-08-24T14:25:25.715167+00:00,bluesky,true,true,true,true,relevant,relevant,relevant,llm_v2b>llm_v2c>llm_v2d,llm_v2b@2026-09-22T06:02:28.700376+00:00,9da653163799d56c+ca3b837dd0b3e85c,user,Qwen/Qwen3-4B-Instruct-2507,derived_validated,
4922,at://did:plc:u5d54hkw4ysuqtuvcj6cmsin/app.bsky.feed.post/3mttiagtg3s22,did:plc:u5d54hkw4ysuqtuvcj6cmsin,2026-08-24T14:10:35.678730+00:00,bluesky,true,true,true,true,relevant,relevant,relevant,llm_v2b>llm_v2c>llm_v2d,llm_v2b@2026-09-22T06:02:28.700376+00:00,9da653163799d56c+ca3b837dd0b3e85c,user,Qwen/Qwen3-4B-Instruct-2507,derived_validated,
4930,at://did:plc:hh3brnksirhma2rymwtpnp5w/app.bsky.feed.post/3mtthlnjxvd2r,did:plc:hh3brnksirhma2rymwtpnp5w,2026-08-24T13:58:57.853665+00:00,bluesky,true,true,false,true,relevant,relevant,irrelevant,llm_v2b>llm_v2c>llm_v2d,llm_v2b@2026-09-22T06:02:28.700376+00:00,9da653163799d56c+ca3b837dd0b3e85c,user,Qwen/Qwen3-4B-Instruct-2507,derived_validated,
4932,at://did:plc:hh3brnksirhma2rymwtpnp5w/app.bsky.feed.post/3mtthanw2gl2q,did:plc:hh3brnksirhma2rymwtpnp5w,2026-08-24T13:52:49.164746+00:00,bluesky,true,true,false,true,relevant,relevant,irrelevant,llm_v2b>llm_v2c>llm_v2d,llm_v2b@2026-09-22T06:02:28.700376+00:00,9da653163799d56c+ca3b837dd0b3e85c,user,Qwen/Qwen3-4B-Instruct-2507,derived_validated,
4989,at://did:plc:r4ynk5vysb524ifbe7aq27st/app.bsky.feed.post/3mtt4573urg25,did:plc:r4ynk5vysb524ifbe7aq27st,2026-08-24T10:34:01.328000+00:00,bluesky,true,true,false,true,relevant,relevant,irrelevant,llm_v2b>llm_v2c>llm_v2d,llm_v2b@2026-09-22T06:02:28.700376+00:00,9da653163799d56c+ca3b837dd0b3e85c,user,Qwen/Qwen3-4B-Instruct-2507,derived_validated,
5014,at://did:plc:gf2kf7hzq524kg3v5esrvtzi/app.bsky.feed.post/3mtsqs62hjm2b,did:plc:gf2kf7hzq524kg3v5esrvtzi,2026-08-24T07:11:00.012000+00:00,bluesky,true,true,false,true,relevant,relevant,irrelevant,llm_v2b>llm_v2c>llm_v2d,llm_v2b@2026-09-22T06:02:28.700376+00:00,9da653163799d56c+ca3b837dd0b3e85c,user,Qwen/Qwen3-4B-Instruct-2507,derived_validated,
5117,at://did:plc:j36ynv6jxpalovzisldummwr/app.bsky.feed.post/3mttocjgshk2x,did:plc:j36ynv6jxpalovzisldummwr,2026-08-24T15:59:08.009000+00:00,bluesky,true,true,false,true,relevant,relevant,irrelevant,llm_v2b>llm_v2c>llm_v2d,llm_v2b@2026-09-22T06:02:28.700376+00:00,9da653163799d56c+ca3b837dd0b3e85c,user,Qwen/Qwen3-4B-Instruct-2507,derived_validated,
5149,at://did:plc:36trxcdhay6uygpri2mepw2d/app.bsky.feed.post/3mttexpoop42k,did:plc:36trxcdhay6uygpri2mepw2d,2026-08-24T13:12:01.728000+00:00,bluesky,true,true,false,true,relevant,relevant,irrelevant,llm_v2b>llm_v2c>llm_v2d,llm_v2b@2026-09-22T06:02:28.700376+00:00,9da653163799d56c+ca3b837dd0b3e85c,user,Qwen/Qwen3-4B-Instruct-2507,derived_validated,
5155,at://did:plc:owm3mwmb44o66rh74d4f34lz/app.bsky.feed.post/3mttegjjvls2e,did:plc:owm3mwmb44o66rh74d4f34lz,2026-08-24T13:02:24.916000+00:00,bluesky,true,true,false,true,relevant,relevant,irrelevant,llm_v2b>llm_v2c>llm_v2d,llm_v2b@2026-09-22T06:02:28.700376+00:00,9da653163799d56c+ca3b837dd0b3e85c,user,Qwen/Qwen3-4B-Instruct-2507,derived_validated,
5166,at://did:plc:lpyzntujohn7n6gekcuicy4z/app.bsky.feed.post/3mttb3puw5f2w,did:plc:lpyzntujohn7n6gekcuicy4z,2026-08-24T12:02:40.940000+00:00,bluesky,true,true,false,true,relevant,relevant,irrelevant,llm_v2b>llm_v2c>llm_v2d,llm_v2b@2026-09-22T06:02:28.700376+00:00,9da653163799d56c+ca3b837dd0b3e85c,user,Qwen/Qwen3-4B-Instruct-2507,derived_validated,
5167,at://did:plc:lpyzntujohn7n6gekcuicy4z/app.bsky.feed.post/3mttb3oh3cf23,did:plc:lpyzntujohn7n6gekcuicy4z,2026-08-24T12:02:39.335000+00:00,bluesky,true,true,false,true,relevant,relevant,irrelevant,llm_v2b>llm_v2c>llm_v2d,llm_v2b@2026-09-22T06:02:28.700376+00:00,9da653163799d56c+ca3b837dd0b3e85c,user,Qwen/Qwen3-4B-Instruct-2507,derived_validated,
5287,at://did:plc:sj7x2xctlsf6pilv4chfnz3t/app.bsky.feed.post/3mttiowf2ne2o,did:plc:sj7x2xctlsf6pilv4chfnz3t,2026-08-24T14:18:41.232000+00:00,bluesky,true,true,true,true,relevant,relevant,relevant,llm_v2b>llm_v2c>llm_v2d,llm_v2b@2026-09-22T06:02:28.700376+00:00,9da653163799d56c+ca3b837dd0b3e85c,user,Qwen/Qwen3-4B-Instruct-2507,derived_validated,
5292,at://did:plc:y5sgc25bqdnwpzlpvnfwp3gd/app.bsky.feed.post/3mttgcbh5m42q,did:plc:y5sgc25bqdnwpzlpvnfwp3gd,2026-08-24T13:33:11.542608+00:00,bluesky,false,false,true,true,irrelevant,irrelevant,relevant,llm_v2b>llm_v2c>llm_v2d,,,,,deterministic_rules,
5355,at://did:plc:lzy35mvnif6fmbevsc2kxewf/app.bsky.feed.post/3mttu6i2yv22p,did:plc:lzy35mvnif6fmbevsc2kxewf,2026-08-24T17:44:14.812000+00:00,bluesky,true,true,false,true,relevant,relevant,irrelevant,llm_v2b>llm_v2c>llm_v2d,llm_v2b@2026-09-22T06:02:28.700376+00:00,9da653163799d56c+ca3b837dd0b3e85c,user,Qwen/Qwen3-4B-Instruct-2507,derived_validated,
5376,at://did:plc:pyp3mmxzpyhy425qff5rp4yf/app.bsky.feed.post/3mttj4igpss2v,did:plc:pyp3mmxzpyhy425qff5rp4yf,2026-08-24T14:26:16.919000+00:00,bluesky,true,true,false,true,relevant,relevant,irrelevant,llm_v2b>llm_v2c>llm_v2d,llm_v2b@2026-09-22T06:02:28.700376+00:00,9da653163799d56c+ca3b837dd0b3e85c,user,Qwen/Qwen3-4B-Instruct-2507,derived_validated,
5389,at://did:plc:6hbp4de6bnetf4xwtwtdutby/app.bsky.feed.post/3mttbuwe3yc2v,did:plc:6hbp4de6bnetf4xwtwtdutby,2026-08-24T12:16:46.894000+00:00,bluesky,true,true,false,true,relevant,relevant,irrelevant,llm_v2b>llm_v2c>llm_v2d,llm_v2b@2026-09-22T06:02:28.700376+00:00,9da653163799d56c+ca3b837dd0b3e85c,user,Qwen/Qwen3-4B-Instruct-2507,derived_validated,
5393,at://did:plc:zs7fpjr6ta3pixcaggxyst47/app.bsky.feed.post/3mttbanz2go2l,did:plc:zs7fpjr6ta3pixcaggxyst47,2026-08-24T12:05:26.887000+00:00,bluesky,true,true,true,true,relevant,relevant,relevant,llm_v2b>llm_v2c>llm_v2d,llm_v2b@2026-09-22T06:02:28.700376+00:00,9da653163799d56c+ca3b837dd0b3e85c,user,Qwen/Qwen3-4B-Instruct-2507,derived_validated,
5522,at://did:plc:aro3jplgxhbjbrscu5g3bha3/app.bsky.feed.post/3mtu76fim422o,did:plc:aro3jplgxhbjbrscu5g3bha3,2026-08-24T21:01:03.270000+00:00,bluesky,true,true,false,true,relevant,relevant,irrelevant,llm_v2b>llm_v2c>llm_v2d,llm_v2b@2026-09-22T06:02:28.700376+00:00,9da653163799d56c+ca3b837dd0b3e85c,user,Qwen/Qwen3-4B-Instruct-2507,derived_validated,
5540,at://did:plc:3qfvl5yl6kslgiqtbuqzwsly/app.bsky.feed.post/3mtu4fcqguo2d,did:plc:3qfvl5yl6kslgiqtbuqzwsly,2026-08-24T20:11:13.697160+00:00,bluesky,true,true,false,true,relevant,relevant,irrelevant,llm_v2b>llm_v2c>llm_v2d,llm_v2b@2026-09-22T06:02:28.700376+00:00,9da653163799d56c+ca3b837dd0b3e85c,user,Qwen/Qwen3-4B-Instruct-2507,derived_validated,
5547,at://did:plc:jkh2hpmhw5y4ab2yxufqqmka/app.bsky.feed.post/3mtu45vgdbp23,did:plc:jkh2hpmhw5y4ab2yxufqqmka,2026-08-24T20:07:04.828000+00:00,bluesky,true,true,false,true,relevant,relevant,irrelevant,llm_v2b>llm_v2c>llm_v2d,llm_v2b@2026-09-22T06:02:28.700376+00:00,9da653163799d56c+ca3b837dd0b3e85c,user,Qwen/Qwen3-4B-Instruct-2507,derived_validated,
5555,at://did:plc:bzu6bnduiksirnr3dnncpguk/app.bsky.feed.post/3mtu3stxce7i2,did:plc:bzu6bnduiksirnr3dnncpguk,2026-08-24T20:00:49+00:00,bluesky,true,true,false,true,relevant,relevant,irrelevant,llm_v2b>llm_v2c>llm_v2d,llm_v2b@2026-09-22T06:02:28.700376+00:00,9da653163799d56c+ca3b837dd0b3e85c,user,Qwen/Qwen3-4B-Instruct-2507,derived_validated,
5557,at://did:plc:vqzg7mjoyhvdtkgjv35dtphc/app.bsky.feed.post/3mtu3rpa2gv2j,did:plc:vqzg7mjoyhvdtkgjv35dtphc,2026-08-24T20:00:16.028267+00:00,bluesky,true,true,false,true,relevant,relevant,irrelevant,llm_v2b>llm_v2c>llm_v2d,llm_v2b@2026-09-22T06:02:28.700376+00:00,9da653163799d56c+ca3b837dd0b3e85c,user,Qwen/Qwen3-4B-Instruct-2507,derived_validated,
5562,at://did:plc:ng33k5c3zzaulr5m7pshjkhi/app.bsky.feed.post/3mtu3fi7fpk2w,did:plc:ng33k5c3zzaulr5m7pshjkhi,2026-08-24T19:53:26.029000+00:00,bluesky,true,true,true,true,relevant,relevant,relevant,llm_v2b>llm_v2c>llm_v2d,llm_v2b@2026-09-22T06:02:28.700376+00:00,9da653163799d56c+ca3b837dd0b3e85c,user,Qwen/Qwen3-4B-Instruct-2507,derived_validated,
5564,at://did:plc:ng33k5c3zzaulr5m7pshjkhi/app.bsky.feed.post/3mtu36qeytc2w,did:plc:ng33k5c3zzaulr5m7pshjkhi,2026-08-24T19:49:39.721000+00:00,bluesky,true,true,true,true,relevant,relevant,relevant,llm_v2b>llm_v2c>llm_v2d,llm_v2b@2026-09-22T06:02:28.700376+00:00,9da653163799d56c+ca3b837dd0b3e85c,user,Qwen/Qwen3-4B-Instruct-2507,derived_validated,
5565,at://did:plc:ng33k5c3zzaulr5m7pshjkhi/app.bsky.feed.post/3mtu2wgera22w,did:plc:ng33k5c3zzaulr5m7pshjkhi,2026-08-24T19:45:00.793000+00:00,bluesky,true,true,true,true,relevant,relevant,relevant,llm_v2b>llm_v2c>llm_v2d,llm_v2b@2026-09-22T06:02:28.700376+00:00,9da653163799d56c+ca3b837dd0b3e85c,user,Qwen/Qwen3-4B-Instruct-2507,derived_validated,
5611,at://did:plc:5y5jskkugxz7anqn4fj3bqwm/app.bsky.feed.post/3mttvg6nk4s2m,did:plc:5y5jskkugxz7anqn4fj3bqwm,2026-08-24T18:06:27.107000+00:00,bluesky,true,true,false,true,relevant,relevant,irrelevant,llm_v2b>llm_v2c>llm_v2d,llm_v2b@2026-09-22T06:02:28.700376+00:00,9da653163799d56c+ca3b837dd0b3e85c,user,Qwen/Qwen3-4B-Instruct-2507,derived_validated,
5615,at://did:plc:3dzlsh22j3qywv4f7a3jg6da/app.bsky.feed.post/3mttv6y6bgk2l,did:plc:3dzlsh22j3qywv4f7a3jg6da,2026-08-24T18:02:25.269000+00:00,bluesky,true,true,true,true,relevant,relevant,relevant,llm_v2b>llm_v2c>llm_v2d,llm_v2b@2026-09-22T06:02:28.700376+00:00,9da653163799d56c+ca3b837dd0b3e85c,user,Qwen/Qwen3-4B-Instruct-2507,derived_validated,
5630,at://did:plc:zyau6zh53aagu2ssemzadvnw/app.bsky.feed.post/3mtttvjmkxp23,did:plc:zyau6zh53aagu2ssemzadvnw,2026-08-24T17:39:14.430352+00:00,bluesky,true,true,false,true,relevant,relevant,irrelevant,llm_v2b>llm_v2c>llm_v2d,llm_v2b@2026-09-22T06:02:28.700376+00:00,9da653163799d56c+ca3b837dd0b3e85c,user,Qwen/Qwen3-4B-Instruct-2507,derived_validated,
5644,at://did:plc:mgp7ni6bomaigwnx3yywnhua/app.bsky.feed.post/3mtts42pzd22d,did:plc:mgp7ni6bomaigwnx3yywnhua,2026-08-24T17:07:06.228000+00:00,bluesky,true,true,false,true,relevant,relevant,irrelevant,llm_v2b>llm_v2c>llm_v2d,llm_v2b@2026-09-22T06:02:28.700376+00:00,9da653163799d56c+ca3b837dd0b3e85c,user,Qwen/Qwen3-4B-Instruct-2507,derived_validated,
5682,at://did:plc:3dzlsh22j3qywv4f7a3jg6da/app.bsky.feed.post/3mttpw7gmd727,did:plc:3dzlsh22j3qywv4f7a3jg6da,2026-08-24T16:28:02.185000+00:00,bluesky,true,true,true,true,relevant,relevant,relevant,llm_v2b>llm_v2c>llm_v2d,llm_v2b@2026-09-22T06:02:28.700376+00:00,9da653163799d56c+ca3b837dd0b3e85c,user,Qwen/Qwen3-4B-Instruct-2507,derived_validated,
5702,at://did:plc:3dzlsh22j3qywv4f7a3jg6da/app.bsky.feed.post/3mttokushrf2e,did:plc:3dzlsh22j3qywv4f7a3jg6da,2026-08-24T16:03:48.203000+00:00,bluesky,true,true,true,true,relevant,relevant,relevant,llm_v2b>llm_v2c>llm_v2d,llm_v2b@2026-09-22T06:02:28.700376+00:00,9da653163799d56c+ca3b837dd0b3e85c,user,Qwen/Qwen3-4B-Instruct-2507,derived_validated,
5728,at://did:plc:c4l6c3v5kvm7i32xiiqtszro/app.bsky.feed.post/3mttm2yv6ea23,did:plc:c4l6c3v5kvm7i32xiiqtszro,2026-08-24T15:19:08.247000+00:00,bluesky,true,true,false,true,relevant,relevant,irrelevant,llm_v2b>llm_v2c>llm_v2d,llm_v2b@2026-09-22T06:02:28.700376+00:00,9da653163799d56c+ca3b837dd0b3e85c,user,Qwen/Qwen3-4B-Instruct-2507,derived_validated,
5755,at://did:plc:scq7triplehxa5kvlscbjgq6/app.bsky.feed.post/3mttkhzh54s2f,did:plc:scq7triplehxa5kvlscbjgq6,2026-08-24T14:50:37.607000+00:00,bluesky,true,true,false,true,relevant,relevant,irrelevant,llm_v2b>llm_v2c>llm_v2d,llm_v2b@2026-09-22T06:02:28.700376+00:00,9da653163799d56c+ca3b837dd0b3e85c,user,Qwen/Qwen3-4B-Instruct-2507,derived_validated,
5774,at://did:plc:sj7x2xctlsf6pilv4chfnz3t/app.bsky.feed.post/3mttioslagf22,did:plc:sj7x2xctlsf6pilv4chfnz3t,2026-08-24T14:18:37.296000+00:00,bluesky,true,true,false,true,relevant,relevant,irrelevant,llm_v2b>llm_v2c>llm_v2d,llm_v2b@2026-09-22T06:02:28.700376+00:00,9da653163799d56c+ca3b837dd0b3e85c,user,Qwen/Qwen3-4B-Instruct-2507,derived_validated,
5802,at://did:plc:paa7rbhg53drmqtvpi72yxxq/app.bsky.feed.post/3mtthpdcfcu2m,did:plc:paa7rbhg53drmqtvpi72yxxq,2026-08-24T14:00:59.420000+00:00,bluesky,true,true,false,true,relevant,relevant,irrelevant,llm_v2b>llm_v2c>llm_v2d,llm_v2b@2026-09-22T06:02:28.700376+00:00,9da653163799d56c+ca3b837dd0b3e85c,user,Qwen/Qwen3-4B-Instruct-2507,derived_validated,
5824,at://did:plc:lvlg3jpqmcwdf6m5khydnlgm/app.bsky.feed.post/3mttfz3a23c2k,did:plc:lvlg3jpqmcwdf6m5khydnlgm,2026-08-24T13:30:41.150000+00:00,bluesky,true,true,false,true,relevant,relevant,irrelevant,llm_v2b>llm_v2c>llm_v2d,llm_v2b@2026-09-22T06:02:28.700376+00:00,9da653163799d56c+ca3b837dd0b3e85c,user,Qwen/Qwen3-4B-Instruct-2507,derived_validated,
5867,at://did:plc:ftuxbdbiab56fgcati5nuavn/app.bsky.feed.post/3mttdlol7es2i,did:plc:ftuxbdbiab56fgcati5nuavn,2026-08-24T12:47:24.231000+00:00,bluesky,true,true,false,true,relevant,relevant,irrelevant,llm_v2b>llm_v2c>llm_v2d,llm_v2b@2026-09-22T06:02:28.700376+00:00,9da653163799d56c+ca3b837dd0b3e85c,user,Qwen/Qwen3-4B-Instruct-2507,derived_validated,
5905,at://did:plc:7oeufzwrvqyzfmj3jffojbjw/app.bsky.feed.post/3mttaywlozl23,did:plc:7oeufzwrvqyzfmj3jffojbjw,2026-08-24T12:01:07+00:00,bluesky,true,true,false,true,relevant,relevant,irrelevant,llm_v2b>llm_v2c>llm_v2d,llm_v2b@2026-09-22T06:02:28.700376+00:00,9da653163799d56c+ca3b837dd0b3e85c,user,Qwen/Qwen3-4B-Instruct-2507,derived_validated,
5947,at://did:plc:tcyv5gk43e5gekr5wo3vglhl/app.bsky.feed.post/63lg3zsjxhyyu,did:plc:tcyv5gk43e5gekr5wo3vglhl,2026-08-24T11:10:03.500000+00:00,bluesky,true,true,false,true,relevant,relevant,irrelevant,llm_v2b>llm_v2c>llm_v2d,llm_v2b@2026-09-22T06:02:28.700376+00:00,9da653163799d56c+ca3b837dd0b3e85c,user,Qwen/Qwen3-4B-Instruct-2507,derived_validated,
6000,at://did:plc:tcasz6jokycaqrvvjqkvt6wb/app.bsky.feed.post/3mtsx4c5pb52q,did:plc:tcasz6jokycaqrvvjqkvt6wb,2026-08-24T09:04:02.948000+00:00,bluesky,true,true,false,true,relevant,relevant,irrelevant,llm_v2b>llm_v2c>llm_v2d,llm_v2b@2026-09-22T06:02:28.700376+00:00,9da653163799d56c+ca3b837dd0b3e85c,user,Qwen/Qwen3-4B-Instruct-2507,derived_validated,
6132,at://did:plc:mgnesxvhndfnfsbb6uam47zz/app.bsky.feed.post/3mtsjlodp4l2m,did:plc:mgnesxvhndfnfsbb6uam47zz,2026-08-24T05:02:06+00:00,bluesky,true,true,false,true,relevant,relevant,irrelevant,llm_v2b>llm_v2c>llm_v2d,llm_v2b@2026-09-22T06:02:28.700376+00:00,9da653163799d56c+ca3b837dd0b3e85c,user,Qwen/Qwen3-4B-Instruct-2507,derived_validated,
6189,at://did:plc:fyitqypzz6qaax7ve46hsw52/app.bsky.feed.post/3mts6ocmgtr2a,did:plc:fyitqypzz6qaax7ve46hsw52,2026-08-24T01:46:42+00:00,bluesky,true,true,false,true,relevant,relevant,irrelevant,llm_v2b>llm_v2c>llm_v2d,llm_v2b@2026-09-22T06:02:28.700376+00:00,9da653163799d56c+ca3b837dd0b3e85c,user,Qwen/Qwen3-4B-Instruct-2507,derived_validated,
6192,at://did:plc:6ixpxkccajiujd7fo6iumy5i/app.bsky.feed.post/3mts66tqc2o2x,did:plc:6ixpxkccajiujd7fo6iumy5i,2026-08-24T01:38:04.330000+00:00,bluesky,true,true,false,true,relevant,relevant,irrelevant,llm_v2b>llm_v2c>llm_v2d,llm_v2b@2026-09-22T06:02:28.700376+00:00,9da653163799d56c+ca3b837dd0b3e85c,user,Qwen/Qwen3-4B-Instruct-2507,derived_validated,
6225,at://did:plc:gen72djolbntba23kpgojqs4/app.bsky.feed.post/3mtuc22xbgk2d,did:plc:gen72djolbntba23kpgojqs4,2026-08-24T21:52:19.226000+00:00,bluesky,true,true,true,true,relevant,relevant,relevant,llm_v2b>llm_v2c>llm_v2d,llm_v2b@2026-09-22T06:02:28.700376+00:00,9da653163799d56c+ca3b837dd0b3e85c,user,Qwen/Qwen3-4B-Instruct-2507,derived_validated,
6229,at://did:plc:dn242yln2biooe6qkd237tqd/app.bsky.feed.post/3mtu2tj6vmu2h,did:plc:dn242yln2biooe6qkd237tqd,2026-08-24T19:43:22.887000+00:00,bluesky,true,true,false,true,relevant,relevant,irrelevant,llm_v2b>llm_v2c>llm_v2d,llm_v2b@2026-09-22T06:02:28.700376+00:00,9da653163799d56c+ca3b837dd0b3e85c,user,Qwen/Qwen3-4B-Instruct-2507,derived_validated,
6461,at://did:plc:eto6t7rpubrs7rfjbpk47ji6/app.bsky.feed.post/3mttbmhyon425,did:plc:eto6t7rpubrs7rfjbpk47ji6,2026-08-24T12:12:02.737000+00:00,bluesky,true,true,false,true,relevant,relevant,irrelevant,llm_v2b>llm_v2c>llm_v2d,llm_v2b@2026-09-22T06:02:28.700376+00:00,9da653163799d56c+ca3b837dd0b3e85c,user,Qwen/Qwen3-4B-Instruct-2507,derived_validated,
6778,at://did:plc:has6f43snk6w43r5jtfofu3p/app.bsky.feed.post/3mttmpca4mz2v,did:plc:has6f43snk6w43r5jtfofu3p,2026-08-24T15:30:28.895313+00:00,bluesky,true,true,false,true,relevant,relevant,irrelevant,llm_v2b>llm_v2c>llm_v2d,llm_v2b@2026-09-22T06:02:28.700376+00:00,9da653163799d56c+ca3b837dd0b3e85c,user,Qwen/Qwen3-4B-Instruct-2507,derived_validated,
6779,at://did:plc:emdpd5puuanciww63mcwva6e/app.bsky.feed.post/3mttmapmeas2s,did:plc:emdpd5puuanciww63mcwva6e,2026-08-24T15:22:19.892000+00:00,bluesky,true,true,true,true,relevant,relevant,relevant,llm_v2b>llm_v2c>llm_v2d,llm_v2b@2026-09-22T06:02:28.700376+00:00,9da653163799d56c+ca3b837dd0b3e85c,user,Qwen/Qwen3-4B-Instruct-2507,derived_validated,
6795,at://did:plc:i5a2vsezf56iu2yjtmb7m2tb/app.bsky.feed.post/3mtt5yxds7k23,did:plc:i5a2vsezf56iu2yjtmb7m2tb,2026-08-24T11:07:27.164000+00:00,bluesky,true,true,true,true,relevant,relevant,relevant,llm_v2b>llm_v2c>llm_v2d,llm_v2b@2026-09-22T06:02:28.700376+00:00,9da653163799d56c+ca3b837dd0b3e85c,user,Qwen/Qwen3-4B-Instruct-2507,derived_validated,
6967,at://did:plc:2ffkp7r5ciraavul4j7rczbk/app.bsky.feed.post/3mttojuom4c2p,did:plc:2ffkp7r5ciraavul4j7rczbk,2026-08-24T16:03:14.686000+00:00,bluesky,true,true,true,true,relevant,relevant,relevant,llm_v2b>llm_v2c>llm_v2d,llm_v2b@2026-09-22T06:02:28.700376+00:00,9da653163799d56c+ca3b837dd0b3e85c,user,Qwen/Qwen3-4B-Instruct-2507,derived_validated,
7093,at://did:plc:yjuct3zo3lulksio4ctepwyu/app.bsky.feed.post/3mtsodvp53k2s,did:plc:yjuct3zo3lulksio4ctepwyu,2026-08-24T06:27:14.686000+00:00,bluesky,false,false,true,true,irrelevant,irrelevant,relevant,llm_v2b>llm_v2c>llm_v2d,,,,,deterministic_rules,
7221,at://did:plc:lw5ojqqpvsana66s5azkzxiv/app.bsky.feed.post/3mtsg4woyms2e,did:plc:lw5ojqqpvsana66s5azkzxiv,2026-08-24T04:00:10.555000+00:00,bluesky,true,true,true,true,relevant,relevant,relevant,llm_v2b>llm_v2c>llm_v2d,llm_v2b@2026-09-22T06:02:28.700376+00:00,9da653163799d56c+ca3b837dd0b3e85c,user,Qwen/Qwen3-4B-Instruct-2507,derived_validated,
7489,at://did:plc:a3ao5kas7dyi5ooog5saz2ko/app.bsky.feed.post/3mtu6mdmwyi2l,did:plc:a3ao5kas7dyi5ooog5saz2ko,2026-08-24T20:50:57.273000+00:00,bluesky,true,true,false,true,relevant,relevant,irrelevant,llm_v2b>llm_v2c>llm_v2d,llm_v2b@2026-09-22T06:02:28.700376+00:00,9da653163799d56c+ca3b837dd0b3e85c,user,Qwen/Qwen3-4B-Instruct-2507,derived_validated,
7498,at://did:plc:2pgnv3aw5dhgz47345v5nfpu/app.bsky.feed.post/3mtu4lvvykr2w,did:plc:2pgnv3aw5dhgz47345v5nfpu,2026-08-24T20:14:55.424651+00:00,bluesky,true,true,false,true,relevant,relevant,irrelevant,llm_v2b>llm_v2c>llm_v2d,llm_v2b@2026-09-22T06:02:28.700376+00:00,9da653163799d56c+ca3b837dd0b3e85c,user,Qwen/Qwen3-4B-Instruct-2507,derived_validated,
7513,at://did:plc:zhe53h7ajlloep2oso5pqxzj/app.bsky.feed.post/3mtu23o2qgo23,did:plc:zhe53h7ajlloep2oso5pqxzj,2026-08-24T19:30:01+00:00,bluesky,true,true,false,true,relevant,relevant,irrelevant,llm_v2b>llm_v2c>llm_v2d,llm_v2b@2026-09-22T06:02:28.700376+00:00,9da653163799d56c+ca3b837dd0b3e85c,user,Qwen/Qwen3-4B-Instruct-2507,derived_validated,
7515,at://did:plc:gaaaznpou42avtsc34n477o4/app.bsky.feed.post/3mttysrg4hx27,did:plc:gaaaznpou42avtsc34n477o4,2026-08-24T19:07:10.610000+00:00,bluesky,true,true,false,true,relevant,relevant,irrelevant,llm_v2b>llm_v2c>llm_v2d,llm_v2b@2026-09-22T06:02:28.700376+00:00,9da653163799d56c+ca3b837dd0b3e85c,user,Qwen/Qwen3-4B-Instruct-2507,derived_validated,
7521,at://did:plc:zhe53h7ajlloep2oso5pqxzj/app.bsky.feed.post/3mttxu67nne2b,did:plc:zhe53h7ajlloep2oso5pqxzj,2026-08-24T18:50:01+00:00,bluesky,true,true,false,true,relevant,relevant,irrelevant,llm_v2b>llm_v2c>llm_v2d,llm_v2b@2026-09-22T06:02:28.700376+00:00,9da653163799d56c+ca3b837dd0b3e85c,user,Qwen/Qwen3-4B-Instruct-2507,derived_validated,
7526,at://did:plc:zhe53h7ajlloep2oso5pqxzj/app.bsky.feed.post/3mttxcd4hst2p,did:plc:zhe53h7ajlloep2oso5pqxzj,2026-08-24T18:40:01+00:00,bluesky,true,true,false,true,relevant,relevant,irrelevant,llm_v2b>llm_v2c>llm_v2d,llm_v2b@2026-09-22T06:02:28.700376+00:00,9da653163799d56c+ca3b837dd0b3e85c,user,Qwen/Qwen3-4B-Instruct-2507,derived_validated,
7697,at://did:plc:3xyh2kw5hfxsax4zff3pp5ub/app.bsky.feed.post/3mtt4ltyd6s2z,did:plc:3xyh2kw5hfxsax4zff3pp5ub,2026-08-24T10:42:11.689000+00:00,bluesky,true,true,false,true,relevant,relevant,irrelevant,llm_v2b>llm_v2c>llm_v2d,llm_v2b@2026-09-22T06:02:28.700376+00:00,9da653163799d56c+ca3b837dd0b3e85c,user,Qwen/Qwen3-4B-Instruct-2507,derived_validated,
7702,at://did:plc:t5t6qep2vfipbi7f54demwev/app.bsky.feed.post/3mtt3wsm2db2f,did:plc:t5t6qep2vfipbi7f54demwev,2026-08-24T10:30:27.515104+00:00,bluesky,true,true,false,true,relevant,relevant,irrelevant,llm_v2b>llm_v2c>llm_v2d,llm_v2b@2026-09-22T06:02:28.700376+00:00,9da653163799d56c+ca3b837dd0b3e85c,user,Qwen/Qwen3-4B-Instruct-2507,derived_validated,
7712,at://did:plc:zhe53h7ajlloep2oso5pqxzj/app.bsky.feed.post/3mtszokro2q2f,did:plc:zhe53h7ajlloep2oso5pqxzj,2026-08-24T09:50:01+00:00,bluesky,true,true,false,true,relevant,relevant,irrelevant,llm_v2b>llm_v2c>llm_v2d,llm_v2b@2026-09-22T06:02:28.700376+00:00,9da653163799d56c+ca3b837dd0b3e85c,user,Qwen/Qwen3-4B-Instruct-2507,derived_validated,
7748,at://did:plc:rvgczjwe4vpieijepny5voy7/app.bsky.feed.post/3mtsrwtbp6o2j,did:plc:rvgczjwe4vpieijepny5voy7,2026-08-24T07:31:30.819058+00:00,bluesky,true,true,false,true,relevant,relevant,irrelevant,llm_v2b>llm_v2c>llm_v2d,llm_v2b@2026-09-22T06:02:28.700376+00:00,9da653163799d56c+ca3b837dd0b3e85c,user,Qwen/Qwen3-4B-Instruct-2507,derived_validated,
7766,at://did:plc:zhe53h7ajlloep2oso5pqxzj/app.bsky.feed.post/3mtsjzuowpg2f,did:plc:zhe53h7ajlloep2oso5pqxzj,2026-08-24T05:10:01+00:00,bluesky,true,true,false,true,relevant,relevant,irrelevant,llm_v2b>llm_v2c>llm_v2d,llm_v2b@2026-09-22T06:02:28.700376+00:00,9da653163799d56c+ca3b837dd0b3e85c,user,Qwen/Qwen3-4B-Instruct-2507,derived_validated,
7767,at://did:plc:gf2kf7hzq524kg3v5esrvtzi/app.bsky.feed.post/3mtsjx6pb4h2b,did:plc:gf2kf7hzq524kg3v5esrvtzi,2026-08-24T05:08:32.283000+00:00,bluesky,true,true,false,true,relevant,relevant,irrelevant,llm_v2b>llm_v2c>llm_v2d,llm_v2b@2026-09-22T06:02:28.700376+00:00,9da653163799d56c+ca3b837dd0b3e85c,user,Qwen/Qwen3-4B-Instruct-2507,derived_validated,
7827,at://did:plc:bcjkzl6ah3bvfj2q3z6oigt5/app.bsky.feed.post/3mts6d3vcfb2g,did:plc:bcjkzl6ah3bvfj2q3z6oigt5,2026-08-24T01:40:27.558000+00:00,bluesky,true,true,false,true,relevant,relevant,irrelevant,llm_v2b>llm_v2c>llm_v2d,llm_v2b@2026-09-22T06:02:28.700376+00:00,9da653163799d56c+ca3b837dd0b3e85c,user,Qwen/Qwen3-4B-Instruct-2507,derived_validated,
7872,at://did:plc:ntxklgzhav3ilrmci2it5dux/app.bsky.feed.post/3mtsvokxotf2c,did:plc:ntxklgzhav3ilrmci2it5dux,2026-08-24T08:38:28.461000+00:00,bluesky,true,true,false,true,relevant,relevant,irrelevant,llm_v2b>llm_v2c>llm_v2d,llm_v2b@2026-09-22T06:02:28.700376+00:00,9da653163799d56c+ca3b837dd0b3e85c,user,Qwen/Qwen3-4B-Instruct-2507,derived_validated,
7984,at://did:plc:kzmukwaf72iwepygposicgt3/app.bsky.feed.post/3mttsvbgdbs2u,did:plc:kzmukwaf72iwepygposicgt3,2026-08-24T17:00:23+00:00,bluesky,true,true,false,true,relevant,relevant,irrelevant,llm_v2b>llm_v2c>llm_v2d,llm_v2b@2026-09-22T06:02:28.700376+00:00,9da653163799d56c+ca3b837dd0b3e85c,user,Qwen/Qwen3-4B-Instruct-2507,derived_validated,
8044,at://did:plc:nho2a45cwlyzqr2lcibjfryj/app.bsky.feed.post/3mttaewxf6n2w,did:plc:nho2a45cwlyzqr2lcibjfryj,2026-08-24T11:49:56.317629+00:00,bluesky,true,true,false,true,relevant,relevant,irrelevant,llm_v2b>llm_v2c>llm_v2d,llm_v2b@2026-09-22T06:02:28.700376+00:00,9da653163799d56c+ca3b837dd0b3e85c,user,Qwen/Qwen3-4B-Instruct-2507,derived_validated,
8055,at://did:plc:w64suw7wcebyn5uduk5g2yzx/app.bsky.feed.post/3mtsq6o7qrp2o,did:plc:w64suw7wcebyn5uduk5g2yzx,2026-08-24T07:00:06.041000+00:00,bluesky,true,true,false,true,relevant,relevant,irrelevant,llm_v2b>llm_v2c>llm_v2d,llm_v2b@2026-09-22T06:02:28.700376+00:00,9da653163799d56c+ca3b837dd0b3e85c,user,Qwen/Qwen3-4B-Instruct-2507,derived_validated,
8057,at://did:plc:4sfblfe56ajtkh65pzh3ct4y/app.bsky.feed.post/3mtslzaetmu2m,did:plc:4sfblfe56ajtkh65pzh3ct4y,2026-08-24T05:45:29.027712+00:00,bluesky,true,true,false,true,relevant,relevant,irrelevant,llm_v2b>llm_v2c>llm_v2d,llm_v2b@2026-09-22T06:02:28.700376+00:00,9da653163799d56c+ca3b837dd0b3e85c,user,Qwen/Qwen3-4B-Instruct-2507,derived_validated,
8092,at://did:plc:ujcfuunnifiu3jwuf3vek6ee/app.bsky.feed.post/3mtu6d7qbrp2k,did:plc:ujcfuunnifiu3jwuf3vek6ee,2026-08-24T20:45:32+00:00,bluesky,true,true,false,true,relevant,relevant,irrelevant,llm_v2b>llm_v2c>llm_v2d,llm_v2b@2026-09-22T06:02:28.700376+00:00,9da653163799d56c+ca3b837dd0b3e85c,user,Qwen/Qwen3-4B-Instruct-2507,derived_validated,
8110,at://did:plc:kwzaimla3mghotuyq7f6uhx7/app.bsky.feed.post/3mttmifodzk2e,did:plc:kwzaimla3mghotuyq7f6uhx7,2026-08-24T15:26:37.911000+00:00,bluesky,true,true,false,true,relevant,relevant,irrelevant,llm_v2b>llm_v2c>llm_v2d,llm_v2b@2026-09-22T06:02:28.700376+00:00,9da653163799d56c+ca3b837dd0b3e85c,user,Qwen/Qwen3-4B-Instruct-2507,derived_validated,
8116,at://did:plc:c25dvrcs6ea4xvkadgzyz4mj/app.bsky.feed.post/3mttgrjyqs227,did:plc:c25dvrcs6ea4xvkadgzyz4mj,2026-08-24T13:44:21.982000+00:00,bluesky,true,true,false,true,relevant,relevant,irrelevant,llm_v2b>llm_v2c>llm_v2d,llm_v2b@2026-09-22T06:02:28.700376+00:00,9da653163799d56c+ca3b837dd0b3e85c,user,Qwen/Qwen3-4B-Instruct-2507,derived_validated,
8132,at://did:plc:kzmukwaf72iwepygposicgt3/app.bsky.feed.post/3mtt3bys2rn2h,did:plc:kzmukwaf72iwepygposicgt3,2026-08-24T10:03:45+00:00,bluesky,true,true,false,true,relevant,relevant,irrelevant,llm_v2b>llm_v2c>llm_v2d,llm_v2b@2026-09-22T06:02:28.700376+00:00,9da653163799d56c+ca3b837dd0b3e85c,user,Qwen/Qwen3-4B-Instruct-2507,derived_validated,
8134,at://did:plc:qtupmmogj72y37n7pl4u736w/app.bsky.feed.post/3mtsy7pd6gb2z,did:plc:qtupmmogj72y37n7pl4u736w,2026-08-24T09:23:48+00:00,bluesky,true,true,false,true,relevant,relevant,irrelevant,llm_v2b>llm_v2c>llm_v2d,llm_v2b@2026-09-22T06:02:28.700376+00:00,9da653163799d56c+ca3b837dd0b3e85c,user,Qwen/Qwen3-4B-Instruct-2507,derived_validated,
8137,at://did:plc:5kubaprelrb7ryzpyq6bri6b/app.bsky.feed.post/3mtsv7bkh622d,did:plc:5kubaprelrb7ryzpyq6bri6b,2026-08-24T08:29:55.537000+00:00,bluesky,true,true,false,true,relevant,relevant,irrelevant,llm_v2b>llm_v2c>llm_v2d,llm_v2b@2026-09-22T06:02:28.700376+00:00,9da653163799d56c+ca3b837dd0b3e85c,user,Qwen/Qwen3-4B-Instruct-2507,derived_validated,
8223,at://did:plc:5kubaprelrb7ryzpyq6bri6b/app.bsky.feed.post/3mtwb7mvo7s2j,did:plc:5kubaprelrb7ryzpyq6bri6b,2026-08-25T16:42:51.556000+00:00,bluesky,true,true,false,true,relevant,relevant,irrelevant,llm_v2b>llm_v2c>llm_v2d,llm_v2b@2026-09-22T06:02:28.700376+00:00,9da653163799d56c+ca3b837dd0b3e85c,user,Qwen/Qwen3-4B-Instruct-2507,derived_validated,
8352,at://did:plc:a3ul5q5rkrk4im4sesowx4b3/app.bsky.feed.post/3mtvpavsxxs2m,did:plc:a3ul5q5rkrk4im4sesowx4b3,2026-08-25T11:21:26+00:00,bluesky,true,true,false,true,relevant,relevant,irrelevant,llm_v2b>llm_v2c>llm_v2d,llm_v2b@2026-09-22T06:02:28.700376+00:00,9da653163799d56c+ca3b837dd0b3e85c,user,Qwen/Qwen3-4B-Instruct-2507,derived_validated,
8384,at://did:plc:lipt7ih3bmmavba3nquxjpjj/app.bsky.feed.post/3mtvcpx5lys2g,did:plc:lipt7ih3bmmavba3nquxjpjj,2026-08-25T07:37:13.173000+00:00,bluesky,true,true,false,true,relevant,relevant,irrelevant,llm_v2b>llm_v2c>llm_v2d,llm_v2b@2026-09-22T06:02:28.700376+00:00,9da653163799d56c+ca3b837dd0b3e85c,user,Qwen/Qwen3-4B-Instruct-2507,derived_validated,
8390,at://did:plc:rvoxhqgtxnzlmxcdtjdhusu3/app.bsky.feed.post/3mtvapoiqkc2d,did:plc:rvoxhqgtxnzlmxcdtjdhusu3,2026-08-25T07:01:16.594000+00:00,bluesky,true,true,false,true,relevant,relevant,irrelevant,llm_v2b>llm_v2c>llm_v2d,llm_v2b@2026-09-22T06:02:28.700376+00:00,9da653163799d56c+ca3b837dd0b3e85c,user,Qwen/Qwen3-4B-Instruct-2507,derived_validated,
8397,at://did:plc:u6celkmubfsmbus5m3aqcrla/app.bsky.feed.post/3mtv65imjsk22,did:plc:u6celkmubfsmbus5m3aqcrla,2026-08-25T06:15:18+00:00,bluesky,true,true,true,true,relevant,relevant,relevant,llm_v2b>llm_v2c>llm_v2d,llm_v2b@2026-09-22T06:02:28.700376+00:00,9da653163799d56c+ca3b837dd0b3e85c,user,Qwen/Qwen3-4B-Instruct-2507,derived_validated,
8479,at://did:plc:rvoxhqgtxnzlmxcdtjdhusu3/app.bsky.feed.post/3mtwccbogid2k,did:plc:rvoxhqgtxnzlmxcdtjdhusu3,2026-08-25T17:02:14.166000+00:00,bluesky,true,true,false,true,relevant,relevant,irrelevant,llm_v2b>llm_v2c>llm_v2d,llm_v2b@2026-09-22T06:02:28.700376+00:00,9da653163799d56c+ca3b837dd0b3e85c,user,Qwen/Qwen3-4B-Instruct-2507,derived_validated,
8529,at://did:plc:2mgpf44nirnudyjapkzsymu2/app.bsky.feed.post/3mtvwibc35o2g,did:plc:2mgpf44nirnudyjapkzsymu2,2026-08-25T13:30:49.891000+00:00,bluesky,true,true,false,true,relevant,relevant,irrelevant,llm_v2b>llm_v2c>llm_v2d,llm_v2b@2026-09-22T06:02:28.700376+00:00,9da653163799d56c+ca3b837dd0b3e85c,user,Qwen/Qwen3-4B-Instruct-2507,derived_validated,
8557,at://did:plc:6rvdipirgmnxilr6uhjyj4rx/app.bsky.feed.post/3mtvp7ojn5c27,did:plc:6rvdipirgmnxilr6uhjyj4rx,2026-08-25T11:20:45.905000+00:00,bluesky,true,true,false,true,relevant,relevant,irrelevant,llm_v2b>llm_v2c>llm_v2d,llm_v2b@2026-09-22T06:02:28.700376+00:00,9da653163799d56c+ca3b837dd0b3e85c,user,Qwen/Qwen3-4B-Instruct-2507,derived_validated,
8615,at://did:plc:lk3uz36cfez6gmlsg5zxw5rn/app.bsky.feed.post/3mturxhjwck2p,did:plc:lk3uz36cfez6gmlsg5zxw5rn,2026-08-25T02:37:11.625000+00:00,bluesky,true,true,false,true,relevant,relevant,irrelevant,llm_v2b>llm_v2c>llm_v2d,llm_v2b@2026-09-22T06:02:28.700376+00:00,9da653163799d56c+ca3b837dd0b3e85c,user,Qwen/Qwen3-4B-Instruct-2507,derived_validated,
8648,at://did:plc:434ovkdx2pmlidpiyngzm326/app.bsky.feed.post/3mtwpwnzf3v2a,did:plc:434ovkdx2pmlidpiyngzm326,2026-08-25T21:06:16+00:00,bluesky,true,true,false,true,relevant,relevant,irrelevant,llm_v2b>llm_v2c>llm_v2d,llm_v2b@2026-09-22T06:02:28.700376+00:00,9da653163799d56c+ca3b837dd0b3e85c,user,Qwen/Qwen3-4B-Instruct-2507,derived_validated,
8649,at://did:plc:hxkr7b6rc5iw323amryfslbm/app.bsky.feed.post/3mtwpwkq2n62c,did:plc:hxkr7b6rc5iw323amryfslbm,2026-08-25T21:06:12+00:00,bluesky,true,true,false,true,relevant,relevant,irrelevant,llm_v2b>llm_v2c>llm_v2d,llm_v2b@2026-09-22T06:02:28.700376+00:00,9da653163799d56c+ca3b837dd0b3e85c,user,Qwen/Qwen3-4B-Instruct-2507,derived_validated,
8659,at://did:plc:wvhwx3t2df3kierucji6llyp/app.bsky.feed.post/3mtwk3qrlek2m,did:plc:wvhwx3t2df3kierucji6llyp,2026-08-25T19:21:45.074000+00:00,bluesky,true,true,false,true,relevant,relevant,irrelevant,llm_v2b>llm_v2c>llm_v2d,llm_v2b@2026-09-22T06:02:28.700376+00:00,9da653163799d56c+ca3b837dd0b3e85c,user,Qwen/Qwen3-4B-Instruct-2507,derived_validated,
8755,at://did:plc:gwfpi54w3f7swapcaejl6qku/app.bsky.feed.post/3mtwk7plpps2x,did:plc:gwfpi54w3f7swapcaejl6qku,2026-08-25T19:23:58.051000+00:00,bluesky,true,true,false,true,relevant,relevant,irrelevant,llm_v2b>llm_v2c>llm_v2d,llm_v2b@2026-09-22T06:02:28.700376+00:00,9da653163799d56c+ca3b837dd0b3e85c,user,Qwen/Qwen3-4B-Instruct-2507,derived_validated,
8764,at://did:plc:tcyv5gk43e5gekr5wo3vglhl/app.bsky.feed.post/bdr6u5w7aqki6,did:plc:tcyv5gk43e5gekr5wo3vglhl,2026-08-25T17:31:58.445000+00:00,bluesky,true,true,false,true,relevant,relevant,irrelevant,llm_v2b>llm_v2c>llm_v2d,llm_v2b@2026-09-22T06:02:28.700376+00:00,9da653163799d56c+ca3b837dd0b3e85c,user,Qwen/Qwen3-4B-Instruct-2507,derived_validated,
8923,at://did:plc:oczw3yurud4enfsu4yymrpp7/app.bsky.feed.post/3mtws6xsvjp2q,did:plc:oczw3yurud4enfsu4yymrpp7,2026-08-25T21:46:42.284000+00:00,bluesky,true,true,false,true,relevant,relevant,irrelevant,llm_v2b>llm_v2c>llm_v2d,llm_v2b@2026-09-22T06:02:28.700376+00:00,9da653163799d56c+ca3b837dd0b3e85c,user,Qwen/Qwen3-4B-Instruct-2507,derived_validated,
8939,at://did:plc:sflzsljtmtwdrp4ngoxq452q/app.bsky.feed.post/3mtwqq6d2uk2q,did:plc:sflzsljtmtwdrp4ngoxq452q,2026-08-25T21:20:32.819000+00:00,bluesky,true,true,false,true,relevant,relevant,irrelevant,llm_v2b>llm_v2c>llm_v2d,llm_v2b@2026-09-22T06:02:28.700376+00:00,9da653163799d56c+ca3b837dd0b3e85c,user,Qwen/Qwen3-4B-Instruct-2507,derived_validated,
8989,at://did:plc:5qv5y4ypacfg5ge7dunyj6gw/app.bsky.feed.post/3mtwm33axlc2z,did:plc:5qv5y4ypacfg5ge7dunyj6gw,2026-08-25T19:57:09.993000+00:00,bluesky,true,true,false,true,relevant,relevant,irrelevant,llm_v2b>llm_v2c>llm_v2d,llm_v2b@2026-09-22T06:02:28.700376+00:00,9da653163799d56c+ca3b837dd0b3e85c,user,Qwen/Qwen3-4B-Instruct-2507,derived_validated,
8993,at://did:plc:5qv5y4ypacfg5ge7dunyj6gw/app.bsky.feed.post/3mtwlwliiqc2z,did:plc:5qv5y4ypacfg5ge7dunyj6gw,2026-08-25T19:54:39.244000+00:00,bluesky,true,true,false,true,relevant,relevant,irrelevant,llm_v2b>llm_v2c>llm_v2d,llm_v2b@2026-09-22T06:02:28.700376+00:00,9da653163799d56c+ca3b837dd0b3e85c,user,Qwen/Qwen3-4B-Instruct-2507,derived_validated,
9023,at://did:plc:plcqzpkbfpm3ehjttg3noodj/app.bsky.feed.post/3mtwjddcxhc2t,did:plc:plcqzpkbfpm3ehjttg3noodj,2026-08-25T19:08:05.656000+00:00,bluesky,true,true,false,true,relevant,relevant,irrelevant,llm_v2b>llm_v2c>llm_v2d,llm_v2b@2026-09-22T06:02:28.700376+00:00,9da653163799d56c+ca3b837dd0b3e85c,user,Qwen/Qwen3-4B-Instruct-2507,derived_validated,
9038,at://did:plc:6abni5fhfvtmh7qclgyqicx3/app.bsky.feed.post/3mtwirj4hr224,did:plc:6abni5fhfvtmh7qclgyqicx3,2026-08-25T18:58:07.754000+00:00,bluesky,true,true,false,true,relevant,relevant,irrelevant,llm_v2b>llm_v2c>llm_v2d,llm_v2b@2026-09-22T06:02:28.700376+00:00,9da653163799d56c+ca3b837dd0b3e85c,user,Qwen/Qwen3-4B-Instruct-2507,derived_validated,
9073,at://did:plc:3dzlsh22j3qywv4f7a3jg6da/app.bsky.feed.post/3mtwfnduuux2j,did:plc:3dzlsh22j3qywv4f7a3jg6da,2026-08-25T18:02:06.781000+00:00,bluesky,true,true,true,true,relevant,relevant,relevant,llm_v2b>llm_v2c>llm_v2d,llm_v2b@2026-09-22T06:02:28.700376+00:00,9da653163799d56c+ca3b837dd0b3e85c,user,Qwen/Qwen3-4B-Instruct-2507,derived_validated,
9099,at://did:plc:4q66howsxik5tcvauhell3t7/app.bsky.feed.post/3mtwdvstudd2k,did:plc:4q66howsxik5tcvauhell3t7,2026-08-25T17:31:03.194000+00:00,bluesky,true,true,false,true,relevant,relevant,irrelevant,llm_v2b>llm_v2c>llm_v2d,llm_v2b@2026-09-22T06:02:28.700376+00:00,9da653163799d56c+ca3b837dd0b3e85c,user,Qwen/Qwen3-4B-Instruct-2507,derived_validated,
9100,at://did:plc:5kubaprelrb7ryzpyq6bri6b/app.bsky.feed.post/3mtwduywntc2j,did:plc:5kubaprelrb7ryzpyq6bri6b,2026-08-25T17:30:36.298000+00:00,bluesky,true,true,false,true,relevant,relevant,irrelevant,llm_v2b>llm_v2c>llm_v2d,llm_v2b@2026-09-22T06:02:28.700376+00:00,9da653163799d56c+ca3b837dd0b3e85c,user,Qwen/Qwen3-4B-Instruct-2507,derived_validated,
9104,at://did:plc:5kubaprelrb7ryzpyq6bri6b/app.bsky.feed.post/3mtwdslaxtk2j,did:plc:5kubaprelrb7ryzpyq6bri6b,2026-08-25T17:29:14.847000+00:00,bluesky,true,true,false,true,relevant,relevant,irrelevant,llm_v2b>llm_v2c>llm_v2d,llm_v2b@2026-09-22T06:02:28.700376+00:00,9da653163799d56c+ca3b837dd0b3e85c,user,Qwen/Qwen3-4B-Instruct-2507,derived_validated,
9122,at://did:plc:mht5ub4ykjuoxpux77hikixt/app.bsky.feed.post/3mtwcdv5hjq2d,did:plc:mht5ub4ykjuoxpux77hikixt,2026-08-25T17:03:07.796000+00:00,bluesky,true,true,false,true,relevant,relevant,irrelevant,llm_v2b>llm_v2c>llm_v2d,llm_v2b@2026-09-22T06:02:28.700376+00:00,9da653163799d56c+ca3b837dd0b3e85c,user,Qwen/Qwen3-4B-Instruct-2507,derived_validated,
9123,at://did:plc:j4rqpa3kfsufufl7ywkbfju3/app.bsky.feed.post/3mtwcdve53p2y,did:plc:j4rqpa3kfsufufl7ywkbfju3,2026-08-25T17:03:01+00:00,bluesky,true,true,false,true,relevant,relevant,irrelevant,llm_v2b>llm_v2c>llm_v2d,llm_v2b@2026-09-22T06:02:28.700376+00:00,9da653163799d56c+ca3b837dd0b3e85c,user,Qwen/Qwen3-4B-Instruct-2507,derived_validated,
9137,at://did:plc:mri4qfwjhti5j4c3ob5vtudy/app.bsky.feed.post/3mtwc33grec2r,did:plc:mri4qfwjhti5j4c3ob5vtudy,2026-08-25T16:58:12.766000+00:00,bluesky,true,true,false,true,relevant,relevant,irrelevant,llm_v2b>llm_v2c>llm_v2d,llm_v2b@2026-09-22T06:02:28.700376+00:00,9da653163799d56c+ca3b837dd0b3e85c,user,Qwen/Qwen3-4B-Instruct-2507,derived_validated,
9172,at://did:plc:3dzlsh22j3qywv4f7a3jg6da/app.bsky.feed.post/3mtw6zgmlis2g,did:plc:3dzlsh22j3qywv4f7a3jg6da,2026-08-25T16:03:35.987000+00:00,bluesky,true,true,true,true,relevant,relevant,relevant,llm_v2b>llm_v2c>llm_v2d,llm_v2b@2026-09-22T06:02:28.700376+00:00,9da653163799d56c+ca3b837dd0b3e85c,user,Qwen/Qwen3-4B-Instruct-2507,derived_validated,
9191,at://did:plc:i2y34utl5i7yo34ymxxksmwo/app.bsky.feed.post/3mtw5hpjpyj2a,did:plc:i2y34utl5i7yo34ymxxksmwo,2026-08-25T15:35:47+00:00,bluesky,true,true,false,true,relevant,relevant,irrelevant,llm_v2b>llm_v2c>llm_v2d,llm_v2b@2026-09-22T06:02:28.700376+00:00,9da653163799d56c+ca3b837dd0b3e85c,user,Qwen/Qwen3-4B-Instruct-2507,derived_validated,
9204,at://did:plc:hdxmn3swrqewu3gvmg672ae7/app.bsky.feed.post/3mtw4jrxgrs2i,did:plc:hdxmn3swrqewu3gvmg672ae7,2026-08-25T15:19:03.691000+00:00,bluesky,true,true,false,true,relevant,relevant,irrelevant,llm_v2b>llm_v2c>llm_v2d,llm_v2b@2026-09-22T06:02:28.700376+00:00,9da653163799d56c+ca3b837dd0b3e85c,user,Qwen/Qwen3-4B-Instruct-2507,derived_validated,
9228,at://did:plc:x6xapptozv6dflrbhhwnv6xw/app.bsky.feed.post/3mtw3ik5n5u26,did:plc:x6xapptozv6dflrbhhwnv6xw,2026-08-25T15:00:27.340000+00:00,bluesky,true,true,false,true,relevant,relevant,irrelevant,llm_v2b>llm_v2c>llm_v2d,llm_v2b@2026-09-22T06:02:28.700376+00:00,9da653163799d56c+ca3b837dd0b3e85c,user,Qwen/Qwen3-4B-Instruct-2507,derived_validated,
9250,at://did:plc:dn242yln2biooe6qkd237tqd/app.bsky.feed.post/3mtw27lncrs2k,did:plc:dn242yln2biooe6qkd237tqd,2026-08-25T14:37:33.725000+00:00,bluesky,true,true,false,true,relevant,relevant,irrelevant,llm_v2b>llm_v2c>llm_v2d,llm_v2b@2026-09-22T06:02:28.700376+00:00,9da653163799d56c+ca3b837dd0b3e85c,user,Qwen/Qwen3-4B-Instruct-2507,derived_validated,
9265,at://did:plc:sj7x2xctlsf6pilv4chfnz3t/app.bsky.feed.post/3mtvzf2prmo2j,did:plc:sj7x2xctlsf6pilv4chfnz3t,2026-08-25T14:22:43.232000+00:00,bluesky,true,true,false,true,relevant,relevant,irrelevant,llm_v2b>llm_v2c>llm_v2d,llm_v2b@2026-09-22T06:02:28.700376+00:00,9da653163799d56c+ca3b837dd0b3e85c,user,Qwen/Qwen3-4B-Instruct-2507,derived_validated,
9325,at://did:plc:6q425p7b6gkh33uwp665lysh/app.bsky.feed.post/3mtvxhy36gs2p,did:plc:6q425p7b6gkh33uwp665lysh,2026-08-25T13:48:34.285000+00:00,bluesky,true,true,false,true,relevant,relevant,irrelevant,llm_v2b>llm_v2c>llm_v2d,llm_v2b@2026-09-22T06:02:28.700376+00:00,9da653163799d56c+ca3b837dd0b3e85c,user,Qwen/Qwen3-4B-Instruct-2507,derived_validated,
9361,at://did:plc:2yp3qbkyxd5znzhtsq4n2wml/app.bsky.feed.post/3mtvvzqudls2d,did:plc:2yp3qbkyxd5znzhtsq4n2wml,2026-08-25T13:22:43.219000+00:00,bluesky,true,true,true,true,relevant,relevant,relevant,llm_v2b>llm_v2c>llm_v2d,llm_v2b@2026-09-22T06:02:28.700376+00:00,9da653163799d56c+ca3b837dd0b3e85c,user,Qwen/Qwen3-4B-Instruct-2507,derived_validated,
9433,at://did:plc:cjkobs4ue3nzabvgnydz4iwq/app.bsky.feed.post/3mtvrikbyrk2o,did:plc:cjkobs4ue3nzabvgnydz4iwq,2026-08-25T12:01:30.934000+00:00,bluesky,true,true,false,true,relevant,relevant,irrelevant,llm_v2b>llm_v2c>llm_v2d,llm_v2b@2026-09-22T06:02:28.700376+00:00,9da653163799d56c+ca3b837dd0b3e85c,user,Qwen/Qwen3-4B-Instruct-2507,derived_validated,
9489,at://did:plc:ztw7f6x4e4kdccsuzgcxhart/app.bsky.feed.post/3mtvmumwlqk2y,did:plc:ztw7f6x4e4kdccsuzgcxhart,2026-08-25T10:38:47.647000+00:00,bluesky,true,true,false,true,relevant,relevant,irrelevant,llm_v2b>llm_v2c>llm_v2d,llm_v2b@2026-09-22T06:02:28.700376+00:00,9da653163799d56c+ca3b837dd0b3e85c,user,Qwen/Qwen3-4B-Instruct-2507,derived_validated,
9495,at://did:plc:ffhfzwr3igtwt4y7zdompvjv/app.bsky.feed.post/3mtvmbx63vu2j,did:plc:ffhfzwr3igtwt4y7zdompvjv,2026-08-25T10:28:20.662000+00:00,bluesky,true,true,false,true,relevant,relevant,irrelevant,llm_v2b>llm_v2c>llm_v2d,llm_v2b@2026-09-22T06:02:28.700376+00:00,9da653163799d56c+ca3b837dd0b3e85c,user,Qwen/Qwen3-4B-Instruct-2507,derived_validated,
9500,at://did:plc:rsiqgh62s4aspb3gzk55rlnr/app.bsky.feed.post/3mtvlnnc4qc2n,did:plc:rsiqgh62s4aspb3gzk55rlnr,2026-08-25T10:16:59.375000+00:00,bluesky,true,true,false,true,relevant,relevant,irrelevant,llm_v2b>llm_v2c>llm_v2d,llm_v2b@2026-09-22T06:02:28.700376+00:00,9da653163799d56c+ca3b837dd0b3e85c,user,Qwen/Qwen3-4B-Instruct-2507,derived_validated,
9512,at://did:plc:tcyv5gk43e5gekr5wo3vglhl/app.bsky.feed.post/g7ycu5hk4zv6c,did:plc:tcyv5gk43e5gekr5wo3vglhl,2026-08-25T10:06:41.420000+00:00,bluesky,true,true,false,true,relevant,relevant,irrelevant,llm_v2b>llm_v2c>llm_v2d,llm_v2b@2026-09-22T06:02:28.700376+00:00,9da653163799d56c+ca3b837dd0b3e85c,user,Qwen/Qwen3-4B-Instruct-2507,derived_validated,
9585,at://did:plc:dlxrzqcs7sqezxq24i6jvqea/app.bsky.feed.post/3mtvbif57mz2s,did:plc:dlxrzqcs7sqezxq24i6jvqea,2026-08-25T07:15:05.318569+00:00,bluesky,true,true,false,true,relevant,relevant,irrelevant,llm_v2b>llm_v2c>llm_v2d,llm_v2b@2026-09-22T06:02:28.700376+00:00,9da653163799d56c+ca3b837dd0b3e85c,user,Qwen/Qwen3-4B-Instruct-2507,derived_validated,
9608,at://did:plc:rbabliwvqexlbfwmfqqhcuvj/app.bsky.feed.post/3mtv7jkecg62h,did:plc:rbabliwvqexlbfwmfqqhcuvj,2026-08-25T06:39:57.128751+00:00,bluesky,true,true,true,true,relevant,relevant,relevant,llm_v2b>llm_v2c>llm_v2d,llm_v2b@2026-09-22T06:02:28.700376+00:00,9da653163799d56c+ca3b837dd0b3e85c,user,Qwen/Qwen3-4B-Instruct-2507,derived_validated,
9644,at://did:plc:pcievrygrnjjg5ni7mjfgctb/app.bsky.feed.post/3mtuzwhcbz22q,did:plc:pcievrygrnjjg5ni7mjfgctb,2026-08-25T04:59:47.472000+00:00,bluesky,true,true,false,true,relevant,relevant,irrelevant,llm_v2b>llm_v2c>llm_v2d,llm_v2b@2026-09-22T06:02:28.700376+00:00,9da653163799d56c+ca3b837dd0b3e85c,user,Qwen/Qwen3-4B-Instruct-2507,derived_validated,
9712,at://did:plc:rvoxhqgtxnzlmxcdtjdhusu3/app.bsky.feed.post/3mtusfeo3vj2p,did:plc:rvoxhqgtxnzlmxcdtjdhusu3,2026-08-25T02:44:58.360000+00:00,bluesky,true,true,false,true,relevant,relevant,irrelevant,llm_v2b>llm_v2c>llm_v2d,llm_v2b@2026-09-22T06:02:28.700376+00:00,9da653163799d56c+ca3b837dd0b3e85c,user,Qwen/Qwen3-4B-Instruct-2507,derived_validated,
9735,at://did:plc:fyitqypzz6qaax7ve46hsw52/app.bsky.feed.post/3mtuoubr64h2k,did:plc:fyitqypzz6qaax7ve46hsw52,2026-08-25T01:41:42+00:00,bluesky,true,true,false,true,relevant,relevant,irrelevant,llm_v2b>llm_v2c>llm_v2d,llm_v2b@2026-09-22T06:02:28.700376+00:00,9da653163799d56c+ca3b837dd0b3e85c,user,Qwen/Qwen3-4B-Instruct-2507,derived_validated,
9753,at://did:plc:jkh2hpmhw5y4ab2yxufqqmka/app.bsky.feed.post/3mtumwecatx2y,did:plc:jkh2hpmhw5y4ab2yxufqqmka,2026-08-25T01:07:05.597000+00:00,bluesky,true,true,false,true,relevant,relevant,irrelevant,llm_v2b>llm_v2c>llm_v2d,llm_v2b@2026-09-22T06:02:28.700376+00:00,9da653163799d56c+ca3b837dd0b3e85c,user,Qwen/Qwen3-4B-Instruct-2507,derived_validated,
9758,at://did:plc:2ltjyeiniqo5s72pffjejiad/app.bsky.feed.post/3mtul25scxc2e,did:plc:2ltjyeiniqo5s72pffjejiad,2026-08-25T00:33:25.066648+00:00,bluesky,true,true,false,true,relevant,relevant,irrelevant,llm_v2b>llm_v2c>llm_v2d,llm_v2b@2026-09-22T06:02:28.700376+00:00,9da653163799d56c+ca3b837dd0b3e85c,user,Qwen/Qwen3-4B-Instruct-2507,derived_validated,
9788,at://did:plc:dn242yln2biooe6qkd237tqd/app.bsky.feed.post/3mtwhahjd242a,did:plc:dn242yln2biooe6qkd237tqd,2026-08-25T18:30:40.477000+00:00,bluesky,true,true,false,true,relevant,relevant,irrelevant,llm_v2b>llm_v2c>llm_v2d,llm_v2b@2026-09-22T06:02:28.700376+00:00,9da653163799d56c+ca3b837dd0b3e85c,user,Qwen/Qwen3-4B-Instruct-2507,derived_validated,
9811,at://did:plc:duifbvfmvxd7dhfhk23yfg4z/app.bsky.feed.post/3mtvfvoxmtv2w,did:plc:duifbvfmvxd7dhfhk23yfg4z,2026-08-25T08:34:07.104441+00:00,bluesky,true,true,false,true,relevant,relevant,irrelevant,llm_v2b>llm_v2c>llm_v2d,llm_v2b@2026-09-22T06:02:28.700376+00:00,9da653163799d56c+ca3b837dd0b3e85c,user,Qwen/Qwen3-4B-Instruct-2507,derived_validated,
10040,at://did:plc:geidqukzen75knciqkq77vgq/app.bsky.feed.post/3mtvsofflnx2a,did:plc:geidqukzen75knciqkq77vgq,2026-08-25T12:22:40.840171+00:00,bluesky,true,true,false,true,relevant,relevant,irrelevant,llm_v2b>llm_v2c>llm_v2d,llm_v2b@2026-09-22T06:02:28.700376+00:00,9da653163799d56c+ca3b837dd0b3e85c,user,Qwen/Qwen3-4B-Instruct-2507,derived_validated,
10292,at://did:plc:i2y34utl5i7yo34ymxxksmwo/app.bsky.feed.post/3mtuuptsaae2s,did:plc:i2y34utl5i7yo34ymxxksmwo,2026-08-25T03:26:37+00:00,bluesky,true,true,false,true,relevant,relevant,irrelevant,llm_v2b>llm_v2c>llm_v2d,llm_v2b@2026-09-22T06:02:28.700376+00:00,9da653163799d56c+ca3b837dd0b3e85c,user,Qwen/Qwen3-4B-Instruct-2507,derived_validated,
10407,at://did:plc:t5l75wjckysve3zrrdxujw5u/app.bsky.feed.post/3mtwul5zf622l,did:plc:t5l75wjckysve3zrrdxujw5u,2026-08-25T22:29:19.697000+00:00,bluesky,false,false,true,true,irrelevant,irrelevant,relevant,llm_v2b>llm_v2c>llm_v2d,,,,,deterministic_rules,
10467,at://did:plc:gea3rf3qn2dyaji22zhyegej/app.bsky.feed.post/3mtwgeny6gs2o,did:plc:gea3rf3qn2dyaji22zhyegej,2026-08-25T18:15:09.167000+00:00,bluesky,true,true,false,true,relevant,relevant,irrelevant,llm_v2b>llm_v2c>llm_v2d,llm_v2b@2026-09-22T06:02:28.700376+00:00,9da653163799d56c+ca3b837dd0b3e85c,user,Qwen/Qwen3-4B-Instruct-2507,derived_validated,
10472,at://did:plc:fe7lo2eu6bz4slcv3fvmv3x7/app.bsky.feed.post/3mtwfjwet4q2w,did:plc:fe7lo2eu6bz4slcv3fvmv3x7,2026-08-25T18:00:09+00:00,bluesky,true,true,false,true,relevant,relevant,irrelevant,llm_v2b>llm_v2c>llm_v2d,llm_v2b@2026-09-22T06:02:28.700376+00:00,9da653163799d56c+ca3b837dd0b3e85c,user,Qwen/Qwen3-4B-Instruct-2507,derived_validated,
10491,at://did:plc:gwnni43fujqejb6dzsn6uakx/app.bsky.feed.post/3mtwcliairk23,did:plc:gwnni43fujqejb6dzsn6uakx,2026-08-25T17:07:23.041000+00:00,bluesky,true,true,true,true,relevant,relevant,relevant,llm_v2b>llm_v2c>llm_v2d,llm_v2b@2026-09-22T06:02:28.700376+00:00,9da653163799d56c+ca3b837dd0b3e85c,user,Qwen/Qwen3-4B-Instruct-2507,derived_validated,
10564,at://did:plc:e6uqmwqxsqkgpat2nqjcaty3/app.bsky.feed.post/3mtvwuiijmc22,did:plc:e6uqmwqxsqkgpat2nqjcaty3,2026-08-25T13:37:40.413000+00:00,bluesky,true,true,false,true,relevant,relevant,irrelevant,llm_v2b>llm_v2c>llm_v2d,llm_v2b@2026-09-22T06:02:28.700376+00:00,9da653163799d56c+ca3b837dd0b3e85c,user,Qwen/Qwen3-4B-Instruct-2507,derived_validated,
10586,at://did:plc:d33ko6h7v6dm2kaafdkfgfxr/app.bsky.feed.post/3mtvuraffow2r,did:plc:d33ko6h7v6dm2kaafdkfgfxr,2026-08-25T13:00:03+00:00,bluesky,true,true,false,true,relevant,relevant,irrelevant,llm_v2b>llm_v2c>llm_v2d,llm_v2b@2026-09-22T06:02:28.700376+00:00,9da653163799d56c+ca3b837dd0b3e85c,user,Qwen/Qwen3-4B-Instruct-2507,derived_validated,
10715,at://did:plc:yjuct3zo3lulksio4ctepwyu/app.bsky.feed.post/3mtulsuinvc22,did:plc:yjuct3zo3lulksio4ctepwyu,2026-08-25T00:47:14.977000+00:00,bluesky,false,false,true,true,irrelevant,irrelevant,relevant,llm_v2b>llm_v2c>llm_v2d,,,,,deterministic_rules,
11039,at://did:plc:qv4cel4jrf5qqzfq6ddvp6yv/app.bsky.feed.post/3mtwru5cqfp2n,did:plc:qv4cel4jrf5qqzfq6ddvp6yv,2026-08-25T21:40:38+00:00,bluesky,true,true,false,true,relevant,relevant,irrelevant,llm_v2b>llm_v2c>llm_v2d,llm_v2b@2026-09-22T06:02:28.700376+00:00,9da653163799d56c+ca3b837dd0b3e85c,user,Qwen/Qwen3-4B-Instruct-2507,derived_validated,
11059,at://did:plc:a3ao5kas7dyi5ooog5saz2ko/app.bsky.feed.post/3mtwozlpcmc27,did:plc:a3ao5kas7dyi5ooog5saz2ko,2026-08-25T20:50:01.267000+00:00,bluesky,true,true,false,true,relevant,relevant,irrelevant,llm_v2b>llm_v2c>llm_v2d,llm_v2b@2026-09-22T06:02:28.700376+00:00,9da653163799d56c+ca3b837dd0b3e85c,user,Qwen/Qwen3-4B-Instruct-2507,derived_validated,
11107,at://did:plc:6vjp7fbgz5ductueireifliv/app.bsky.feed.post/3mtwim7t6em2e,did:plc:6vjp7fbgz5ductueireifliv,2026-08-25T18:55:09.935000+00:00,bluesky,true,true,false,true,relevant,relevant,irrelevant,llm_v2b>llm_v2c>llm_v2d,llm_v2b@2026-09-22T06:02:28.700376+00:00,9da653163799d56c+ca3b837dd0b3e85c,user,Qwen/Qwen3-4B-Instruct-2507,derived_validated,
11136,at://did:plc:42han5exrxyrgdsbwosrp7sy/app.bsky.feed.post/3mtwfog4udw2x,did:plc:42han5exrxyrgdsbwosrp7sy,2026-08-25T18:02:41.335000+00:00,bluesky,true,true,false,true,relevant,relevant,irrelevant,llm_v2b>llm_v2c>llm_v2d,llm_v2b@2026-09-22T06:02:28.700376+00:00,9da653163799d56c+ca3b837dd0b3e85c,user,Qwen/Qwen3-4B-Instruct-2507,derived_validated,
11138,at://did:plc:nq672mxwwjhcpl6il2zcvgna/app.bsky.feed.post/3mtwfk57fjn2v,did:plc:nq672mxwwjhcpl6il2zcvgna,2026-08-25T18:00:18+00:00,bluesky,true,true,false,true,relevant,relevant,irrelevant,llm_v2b>llm_v2c>llm_v2d,llm_v2b@2026-09-22T06:02:28.700376+00:00,9da653163799d56c+ca3b837dd0b3e85c,user,Qwen/Qwen3-4B-Instruct-2507,derived_validated,
11140,at://did:plc:gaaaznpou42avtsc34n477o4/app.bsky.feed.post/3mtwf36pfrv2h,did:plc:gaaaznpou42avtsc34n477o4,2026-08-25T17:51:57.364000+00:00,bluesky,true,true,false,true,relevant,relevant,irrelevant,llm_v2b>llm_v2c>llm_v2d,llm_v2b@2026-09-22T06:02:28.700376+00:00,9da653163799d56c+ca3b837dd0b3e85c,user,Qwen/Qwen3-4B-Instruct-2507,derived_validated,
11209,at://did:plc:sj7x2xctlsf6pilv4chfnz3t/app.bsky.feed.post/3mtvzetcg432l,did:plc:sj7x2xctlsf6pilv4chfnz3t,2026-08-25T14:22:35.274000+00:00,bluesky,true,true,false,true,relevant,relevant,irrelevant,llm_v2b>llm_v2c>llm_v2d,llm_v2b@2026-09-22T06:02:28.700376+00:00,9da653163799d56c+ca3b837dd0b3e85c,user,Qwen/Qwen3-4B-Instruct-2507,derived_validated,
11280,at://did:plc:2mgpf44nirnudyjapkzsymu2/app.bsky.feed.post/3mtvstsojhq2t,did:plc:2mgpf44nirnudyjapkzsymu2,2026-08-25T12:25:42.428000+00:00,bluesky,true,true,false,true,relevant,relevant,irrelevant,llm_v2b>llm_v2c>llm_v2d,llm_v2b@2026-09-22T06:02:28.700376+00:00,9da653163799d56c+ca3b837dd0b3e85c,user,Qwen/Qwen3-4B-Instruct-2507,derived_validated,
11303,at://did:plc:u6celkmubfsmbus5m3aqcrla/app.bsky.feed.post/3mtvnagchtf2w,did:plc:u6celkmubfsmbus5m3aqcrla,2026-08-25T10:45:23+00:00,bluesky,true,true,false,true,relevant,relevant,irrelevant,llm_v2b>llm_v2c>llm_v2d,llm_v2b@2026-09-22T06:02:28.700376+00:00,9da653163799d56c+ca3b837dd0b3e85c,user,Qwen/Qwen3-4B-Instruct-2507,derived_validated,
11308,at://did:plc:xwlikwk3gxk36eutedptjpne/app.bsky.feed.post/3mtvmnkb6vh2b,did:plc:xwlikwk3gxk36eutedptjpne,2026-08-25T10:34:49.749787+00:00,bluesky,true,true,true,true,relevant,relevant,relevant,llm_v2b>llm_v2c>llm_v2d,llm_v2b@2026-09-22T06:02:28.700376+00:00,9da653163799d56c+ca3b837dd0b3e85c,user,Qwen/Qwen3-4B-Instruct-2507,derived_validated,
11340,at://did:plc:ynxpsn6ztqzqfjwbw4se6bch/app.bsky.feed.post/3mtvj6fddjl2g,did:plc:ynxpsn6ztqzqfjwbw4se6bch,2026-08-25T09:32:39+00:00,bluesky,true,true,false,true,relevant,relevant,irrelevant,llm_v2b>llm_v2c>llm_v2d,llm_v2b@2026-09-22T06:02:28.700376+00:00,9da653163799d56c+ca3b837dd0b3e85c,user,Qwen/Qwen3-4B-Instruct-2507,derived_validated,
11417,at://did:plc:l5imsflgmjgm4mwxrthmdviv/app.bsky.feed.post/3mtvb4slvwc2e,did:plc:l5imsflgmjgm4mwxrthmdviv,2026-08-25T07:08:37.126000+00:00,bluesky,true,true,false,true,relevant,relevant,irrelevant,llm_v2b>llm_v2c>llm_v2d,llm_v2b@2026-09-22T06:02:28.700376+00:00,9da653163799d56c+ca3b837dd0b3e85c,user,Qwen/Qwen3-4B-Instruct-2507,derived_validated,
11551,at://did:plc:cbaqyh7p4zwixmpmyh5jjoq5/app.bsky.feed.post/3mtukuvuuap2o,did:plc:cbaqyh7p4zwixmpmyh5jjoq5,2026-08-25T00:30:29.641000+00:00,bluesky,true,true,false,true,relevant,relevant,irrelevant,llm_v2b>llm_v2c>llm_v2d,llm_v2b@2026-09-22T06:02:28.700376+00:00,9da653163799d56c+ca3b837dd0b3e85c,user,Qwen/Qwen3-4B-Instruct-2507,derived_validated,
11687,at://did:plc:vopeyj2ib33oj6rydhzqvwq6/app.bsky.feed.post/3mtwmd2h2z22r,did:plc:vopeyj2ib33oj6rydhzqvwq6,2026-08-25T20:01:27.599000+00:00,bluesky,true,true,false,true,relevant,relevant,irrelevant,llm_v2b>llm_v2c>llm_v2d,llm_v2b@2026-09-22T06:02:28.700376+00:00,9da653163799d56c+ca3b837dd0b3e85c,user,Qwen/Qwen3-4B-Instruct-2507,derived_validated,
11696,at://did:plc:42on2vfvhmpopylwukl6kpni/app.bsky.feed.post/3mtw6bqwwkk2v,did:plc:42on2vfvhmpopylwukl6kpni,2026-08-25T15:50:21.674000+00:00,bluesky,true,true,false,true,relevant,relevant,irrelevant,llm_v2b>llm_v2c>llm_v2d,llm_v2b@2026-09-22T06:02:28.700376+00:00,9da653163799d56c+ca3b837dd0b3e85c,user,Qwen/Qwen3-4B-Instruct-2507,derived_validated,
11697,at://did:plc:27prl3yerbqdr4rlh3dydmnq/app.bsky.feed.post/3mtw5wxcixk2k,did:plc:27prl3yerbqdr4rlh3dydmnq,2026-08-25T15:44:19.246000+00:00,bluesky,true,true,true,true,relevant,relevant,relevant,llm_v2b>llm_v2c>llm_v2d,llm_v2b@2026-09-22T06:02:28.700376+00:00,9da653163799d56c+ca3b837dd0b3e85c,user,Qwen/Qwen3-4B-Instruct-2507,derived_validated,
11710,at://did:plc:y3w6xbhp4i7fcdtyhqjy7bgc/app.bsky.feed.post/3mtvrqqlar22z,did:plc:y3w6xbhp4i7fcdtyhqjy7bgc,2026-08-25T12:06:05.963000+00:00,bluesky,true,true,false,true,relevant,relevant,irrelevant,llm_v2b>llm_v2c>llm_v2d,llm_v2b@2026-09-22T06:02:28.700376+00:00,9da653163799d56c+ca3b837dd0b3e85c,user,Qwen/Qwen3-4B-Instruct-2507,derived_validated,
11715,at://did:plc:ppblad4zr4ogqkgdff7asa6l/app.bsky.feed.post/3mtvmf2zydi2g,did:plc:ppblad4zr4ogqkgdff7asa6l,2026-08-25T10:30:05.476523+00:00,bluesky,true,true,true,true,relevant,relevant,relevant,llm_v2b>llm_v2c>llm_v2d,llm_v2b@2026-09-22T06:02:28.700376+00:00,9da653163799d56c+ca3b837dd0b3e85c,user,Qwen/Qwen3-4B-Instruct-2507,derived_validated,
11768,at://did:plc:frfztgojeupounaewdkyunmv/app.bsky.feed.post/3mtwxzby33b2c,did:plc:frfztgojeupounaewdkyunmv,2026-08-25T23:30:53+00:00,bluesky,true,true,false,true,relevant,relevant,irrelevant,llm_v2b>llm_v2c>llm_v2d,llm_v2b@2026-09-22T06:02:28.700376+00:00,9da653163799d56c+ca3b837dd0b3e85c,user,Qwen/Qwen3-4B-Instruct-2507,derived_validated,
11785,at://did:plc:kzmukwaf72iwepygposicgt3/app.bsky.feed.post/3mtwevlkpx52o,did:plc:kzmukwaf72iwepygposicgt3,2026-08-25T17:46:02+00:00,bluesky,true,true,false,true,relevant,relevant,irrelevant,llm_v2b>llm_v2c>llm_v2d,llm_v2b@2026-09-22T06:02:28.700376+00:00,9da653163799d56c+ca3b837dd0b3e85c,user,Qwen/Qwen3-4B-Instruct-2507,derived_validated,
11786,at://did:plc:pfvzb6km3kbg22ih5dm6j7rp/app.bsky.feed.post/inqzyoa4mszci,did:plc:pfvzb6km3kbg22ih5dm6j7rp,2026-08-25T17:26:33.262000+00:00,bluesky,true,true,false,true,relevant,relevant,irrelevant,llm_v2b>llm_v2c>llm_v2d,llm_v2b@2026-09-22T06:02:28.700376+00:00,9da653163799d56c+ca3b837dd0b3e85c,user,Qwen/Qwen3-4B-Instruct-2507,derived_validated,
11789,at://did:plc:f5mbotnuol4anbbwxwb6wnfg/app.bsky.feed.post/3fz2k3yvkfxkk,did:plc:f5mbotnuol4anbbwxwb6wnfg,2026-08-25T17:00:31.002000+00:00,bluesky,true,true,false,true,relevant,relevant,irrelevant,llm_v2b>llm_v2c>llm_v2d,llm_v2b@2026-09-22T06:02:28.700376+00:00,9da653163799d56c+ca3b837dd0b3e85c,user,Qwen/Qwen3-4B-Instruct-2507,derived_validated,
11790,at://did:plc:ug64elynwv5wsbg6cgr75hc3/app.bsky.feed.post/3mtwbjg5m7k22,did:plc:ug64elynwv5wsbg6cgr75hc3,2026-08-25T16:48:19+00:00,bluesky,true,true,false,true,relevant,relevant,irrelevant,llm_v2b>llm_v2c>llm_v2d,llm_v2b@2026-09-22T06:02:28.700376+00:00,9da653163799d56c+ca3b837dd0b3e85c,user,Qwen/Qwen3-4B-Instruct-2507,derived_validated,
11791,at://did:plc:qqxqxgdu5z3he2piqfbfaku4/app.bsky.feed.post/3mtwbesqdoc2i,did:plc:qqxqxgdu5z3he2piqfbfaku4,2026-08-25T16:45:45.393055+00:00,bluesky,true,true,false,true,relevant,relevant,irrelevant,llm_v2b>llm_v2c>llm_v2d,llm_v2b@2026-09-22T06:02:28.700376+00:00,9da653163799d56c+ca3b837dd0b3e85c,user,Qwen/Qwen3-4B-Instruct-2507,derived_validated,
11792,at://did:plc:kzmukwaf72iwepygposicgt3/app.bsky.feed.post/3mtweunq4v523,did:plc:kzmukwaf72iwepygposicgt3,2026-08-25T16:44:28+00:00,bluesky,true,true,false,true,relevant,relevant,irrelevant,llm_v2b>llm_v2c>llm_v2d,llm_v2b@2026-09-22T06:02:28.700376+00:00,9da653163799d56c+ca3b837dd0b3e85c,user,Qwen/Qwen3-4B-Instruct-2507,derived_validated,
11793,at://did:plc:kzmukwaf72iwepygposicgt3/app.bsky.feed.post/3mtwciuymck2z,did:plc:kzmukwaf72iwepygposicgt3,2026-08-25T16:44:28+00:00,bluesky,true,true,false,true,relevant,relevant,irrelevant,llm_v2b>llm_v2c>llm_v2d,llm_v2b@2026-09-22T06:02:28.700376+00:00,9da653163799d56c+ca3b837dd0b3e85c,user,Qwen/Qwen3-4B-Instruct-2507,derived_validated,
11794,at://did:plc:m6a3yhogcjfbeuzpo3ih47kd/app.bsky.feed.post/3mtwb44nc6m26,did:plc:m6a3yhogcjfbeuzpo3ih47kd,2026-08-25T16:40:53.394000+00:00,bluesky,true,true,false,true,relevant,relevant,irrelevant,llm_v2b>llm_v2c>llm_v2d,llm_v2b@2026-09-22T06:02:28.700376+00:00,9da653163799d56c+ca3b837dd0b3e85c,user,Qwen/Qwen3-4B-Instruct-2507,derived_validated,
11811,at://did:plc:kzmukwaf72iwepygposicgt3/app.bsky.feed.post/3mtvtuoq6e522,did:plc:kzmukwaf72iwepygposicgt3,2026-08-25T12:38:03+00:00,bluesky,true,true,false,true,relevant,relevant,irrelevant,llm_v2b>llm_v2c>llm_v2d,llm_v2b@2026-09-22T06:02:28.700376+00:00,9da653163799d56c+ca3b837dd0b3e85c,user,Qwen/Qwen3-4B-Instruct-2507,derived_validated,
11818,at://did:plc:c7boxmqpjv4wrutpuocir7ss/app.bsky.feed.post/3mtvqhk57xa2s,did:plc:c7boxmqpjv4wrutpuocir7ss,2026-08-25T11:43:03.434321+00:00,bluesky,true,true,false,true,relevant,relevant,irrelevant,llm_v2b>llm_v2c>llm_v2d,llm_v2b@2026-09-22T06:02:28.700376+00:00,9da653163799d56c+ca3b837dd0b3e85c,user,Qwen/Qwen3-4B-Instruct-2507,derived_validated,
11841,at://did:plc:l7e7yqnquijjuy4krbudoxm4/app.bsky.feed.post/3mtvbhtcbyc2a,did:plc:l7e7yqnquijjuy4krbudoxm4,2026-08-25T07:14:46.958000+00:00,bluesky,true,true,false,true,relevant,relevant,irrelevant,llm_v2b>llm_v2c>llm_v2d,llm_v2b@2026-09-22T06:02:28.700376+00:00,9da653163799d56c+ca3b837dd0b3e85c,user,Qwen/Qwen3-4B-Instruct-2507,derived_validated,
12029,at://did:plc:7h7srlskyboefvfqmbgy2wax/app.bsky.feed.post/3mtylzbfale23,did:plc:7h7srlskyboefvfqmbgy2wax,2026-08-26T15:01:27+00:00,bluesky,true,true,false,true,relevant,relevant,irrelevant,llm_v2b>llm_v2c>llm_v2d,llm_v2b@2026-09-22T06:02:28.700376+00:00,9da653163799d56c+ca3b837dd0b3e85c,user,Qwen/Qwen3-4B-Instruct-2507,derived_validated,
12062,at://did:plc:sj7x2xctlsf6pilv4chfnz3t/app.bsky.feed.post/3mtygrj6onv22,did:plc:sj7x2xctlsf6pilv4chfnz3t,2026-08-26T13:27:39.180000+00:00,bluesky,true,true,false,true,relevant,relevant,irrelevant,llm_v2b>llm_v2c>llm_v2d,llm_v2b@2026-09-22T06:02:28.700376+00:00,9da653163799d56c+ca3b837dd0b3e85c,user,Qwen/Qwen3-4B-Instruct-2507,derived_validated,
12063,at://did:plc:trtfgsz26vtk26onki6qkosl/app.bsky.feed.post/3mtygl26hoi2l,did:plc:trtfgsz26vtk26onki6qkosl,2026-08-26T13:24:02.042000+00:00,bluesky,true,true,false,true,relevant,relevant,irrelevant,llm_v2b>llm_v2c>llm_v2d,llm_v2b@2026-09-22T06:02:28.700376+00:00,9da653163799d56c+ca3b837dd0b3e85c,user,Qwen/Qwen3-4B-Instruct-2507,derived_validated,
12084,at://did:plc:7h7srlskyboefvfqmbgy2wax/app.bsky.feed.post/3mtyfcrm6222z,did:plc:7h7srlskyboefvfqmbgy2wax,2026-08-26T13:01:30+00:00,bluesky,true,true,true,true,relevant,relevant,relevant,llm_v2b>llm_v2c>llm_v2d,llm_v2b@2026-09-22T06:02:28.700376+00:00,9da653163799d56c+ca3b837dd0b3e85c,user,Qwen/Qwen3-4B-Instruct-2507,derived_validated,
12101,at://did:plc:hh3brnksirhma2rymwtpnp5w/app.bsky.feed.post/3mtydfwxvle2l,did:plc:hh3brnksirhma2rymwtpnp5w,2026-08-26T12:27:30.163647+00:00,bluesky,true,true,false,true,relevant,relevant,irrelevant,llm_v2b>llm_v2c>llm_v2d,llm_v2b@2026-09-22T06:02:28.700376+00:00,9da653163799d56c+ca3b837dd0b3e85c,user,Qwen/Qwen3-4B-Instruct-2507,derived_validated,
12130,at://did:plc:i5a2vsezf56iu2yjtmb7m2tb/app.bsky.feed.post/3mty4mi2i6c2i,did:plc:i5a2vsezf56iu2yjtmb7m2tb,2026-08-26T10:25:53.438000+00:00,bluesky,true,true,false,true,relevant,relevant,irrelevant,llm_v2b>llm_v2c>llm_v2d,llm_v2b@2026-09-22T06:02:28.700376+00:00,9da653163799d56c+ca3b837dd0b3e85c,user,Qwen/Qwen3-4B-Instruct-2507,derived_validated,
12131,at://did:plc:eto6t7rpubrs7rfjbpk47ji6/app.bsky.feed.post/3mty3tojkdz22,did:plc:eto6t7rpubrs7rfjbpk47ji6,2026-08-26T10:12:00.516000+00:00,bluesky,true,true,false,true,relevant,relevant,irrelevant,llm_v2b>llm_v2c>llm_v2d,llm_v2b@2026-09-22T06:02:28.700376+00:00,9da653163799d56c+ca3b837dd0b3e85c,user,Qwen/Qwen3-4B-Instruct-2507,derived_validated,
12133,at://did:plc:2ofvkralnuuhvpvv5dhfgmoh/app.bsky.feed.post/3mty3cjsgnz2j,did:plc:2ofvkralnuuhvpvv5dhfgmoh,2026-08-26T10:02:25.883744+00:00,bluesky,true,true,false,true,relevant,relevant,irrelevant,llm_v2b>llm_v2c>llm_v2d,llm_v2b@2026-09-22T06:02:28.700376+00:00,9da653163799d56c+ca3b837dd0b3e85c,user,Qwen/Qwen3-4B-Instruct-2507,derived_validated,
12147,at://did:plc:w5dk6pygx5sdrslc5vo56h75/app.bsky.feed.post/3mtxwclona22q,did:plc:w5dk6pygx5sdrslc5vo56h75,2026-08-26T08:32:59.256000+00:00,bluesky,true,true,true,true,relevant,relevant,relevant,llm_v2b>llm_v2c>llm_v2d,llm_v2b@2026-09-22T06:02:28.700376+00:00,9da653163799d56c+ca3b837dd0b3e85c,user,Qwen/Qwen3-4B-Instruct-2507,derived_validated,
12242,at://did:plc:kfk42qurfkcmglewpm5xnzon/app.bsky.feed.post/3mtyxscp2y225,did:plc:kfk42qurfkcmglewpm5xnzon,2026-08-26T18:32:20.182000+00:00,bluesky,true,true,false,true,relevant,relevant,irrelevant,llm_v2b>llm_v2c>llm_v2d,llm_v2b@2026-09-22T06:02:28.700376+00:00,9da653163799d56c+ca3b837dd0b3e85c,user,Qwen/Qwen3-4B-Instruct-2507,derived_validated,
12288,at://did:plc:gyuids3ocvjvxrvm4ief6t6h/app.bsky.feed.post/3mtyo24tvj22u,did:plc:gyuids3ocvjvxrvm4ief6t6h,2026-08-26T15:37:45.068000+00:00,bluesky,true,true,false,true,relevant,relevant,irrelevant,llm_v2b>llm_v2c>llm_v2d,llm_v2b@2026-09-22T06:02:28.700376+00:00,9da653163799d56c+ca3b837dd0b3e85c,user,Qwen/Qwen3-4B-Instruct-2507,derived_validated,
12458,at://did:plc:kzgromk2bjhabqrbaydysgbc/app.bsky.feed.post/3mtzgmbb6hc2t,did:plc:kzgromk2bjhabqrbaydysgbc,2026-08-26T22:57:23.482000+00:00,bluesky,true,true,true,true,relevant,relevant,relevant,llm_v2b>llm_v2c>llm_v2d,llm_v2b@2026-09-22T06:02:28.700376+00:00,9da653163799d56c+ca3b837dd0b3e85c,user,Qwen/Qwen3-4B-Instruct-2507,derived_validated,
12459,at://did:plc:gnir6dvmignwrrel43csxipd/app.bsky.feed.post/3mtzglm3ns22t,did:plc:gnir6dvmignwrrel43csxipd,2026-08-26T22:57:01.266000+00:00,bluesky,true,true,true,true,relevant,relevant,relevant,llm_v2b>llm_v2c>llm_v2d,llm_v2b@2026-09-22T06:02:28.700376+00:00,9da653163799d56c+ca3b837dd0b3e85c,user,Qwen/Qwen3-4B-Instruct-2507,derived_validated,
12515,at://did:plc:tcyv5gk43e5gekr5wo3vglhl/app.bsky.feed.post/jv7aw25hwnkwb,did:plc:tcyv5gk43e5gekr5wo3vglhl,2026-08-26T13:02:07.329000+00:00,bluesky,true,true,true,true,relevant,relevant,relevant,llm_v2b>llm_v2c>llm_v2d,llm_v2b@2026-09-22T06:02:28.700376+00:00,9da653163799d56c+ca3b837dd0b3e85c,user,Qwen/Qwen3-4B-Instruct-2507,derived_validated,
12645,at://did:plc:ydy6va5nnmokui55ermv7nni/app.bsky.feed.post/3mtyticz2w22q,did:plc:ydy6va5nnmokui55ermv7nni,2026-08-26T17:15:09.994000+00:00,bluesky,true,true,false,true,relevant,relevant,irrelevant,llm_v2b>llm_v2c>llm_v2d,llm_v2b@2026-09-22T06:02:28.700376+00:00,9da653163799d56c+ca3b837dd0b3e85c,user,Qwen/Qwen3-4B-Instruct-2507,derived_validated,
12721,at://did:plc:bcjkzl6ah3bvfj2q3z6oigt5/app.bsky.feed.post/3mtxphgduhm2k,did:plc:bcjkzl6ah3bvfj2q3z6oigt5,2026-08-26T06:30:04.289000+00:00,bluesky,true,true,false,true,relevant,relevant,irrelevant,llm_v2b>llm_v2c>llm_v2d,llm_v2b@2026-09-22T06:02:28.700376+00:00,9da653163799d56c+ca3b837dd0b3e85c,user,Qwen/Qwen3-4B-Instruct-2507,derived_validated,
12733,at://did:plc:lpcsumiee6obcimaqmtnaypr/app.bsky.feed.post/3mtx543qkf32d,did:plc:lpcsumiee6obcimaqmtnaypr,2026-08-26T01:01:53+00:00,bluesky,true,true,false,true,relevant,relevant,irrelevant,llm_v2b>llm_v2c>llm_v2d,llm_v2b@2026-09-22T06:02:28.700376+00:00,9da653163799d56c+ca3b837dd0b3e85c,user,Qwen/Qwen3-4B-Instruct-2507,derived_validated,
12837,at://did:plc:37noavgihe3qrl3x3spkgipb/app.bsky.feed.post/3mtzbxjdjg225,did:plc:37noavgihe3qrl3x3spkgipb,2026-08-26T21:34:12.336000+00:00,bluesky,true,true,false,true,relevant,relevant,irrelevant,llm_v2b>llm_v2c>llm_v2d,llm_v2b@2026-09-22T06:02:28.700376+00:00,9da653163799d56c+ca3b837dd0b3e85c,user,Qwen/Qwen3-4B-Instruct-2507,derived_validated,
12933,at://did:plc:unejftsz3cgbjugdvrhzxzzx/app.bsky.feed.post/3mtz2zy5jmv2e,did:plc:unejftsz3cgbjugdvrhzxzzx,2026-08-26T19:30:18.561337+00:00,bluesky,true,true,false,true,relevant,relevant,irrelevant,llm_v2b>llm_v2c>llm_v2d,llm_v2b@2026-09-22T06:02:28.700376+00:00,9da653163799d56c+ca3b837dd0b3e85c,user,Qwen/Qwen3-4B-Instruct-2507,derived_validated,
12962,at://did:plc:g2no4ovitilffpklzravnkiq/app.bsky.feed.post/3mtyzl7eeck2s,did:plc:g2no4ovitilffpklzravnkiq,2026-08-26T19:04:09.284000+00:00,bluesky,true,true,false,true,relevant,relevant,irrelevant,llm_v2b>llm_v2c>llm_v2d,llm_v2b@2026-09-22T06:02:28.700376+00:00,9da653163799d56c+ca3b837dd0b3e85c,user,Qwen/Qwen3-4B-Instruct-2507,derived_validated,
12970,at://did:plc:mri4qfwjhti5j4c3ob5vtudy/app.bsky.feed.post/3mtyzc64evk27,did:plc:mri4qfwjhti5j4c3ob5vtudy,2026-08-26T18:59:05.991000+00:00,bluesky,true,true,false,true,relevant,relevant,irrelevant,llm_v2b>llm_v2c>llm_v2d,llm_v2b@2026-09-22T06:02:28.700376+00:00,9da653163799d56c+ca3b837dd0b3e85c,user,Qwen/Qwen3-4B-Instruct-2507,derived_validated,
13026,at://did:plc:zh77ra6ejiebe6eyrrlw52c7/app.bsky.feed.post/3mtywegjlyb2t,did:plc:zh77ra6ejiebe6eyrrlw52c7,2026-08-26T18:06:40.477813+00:00,bluesky,true,true,false,true,relevant,relevant,irrelevant,llm_v2b>llm_v2c>llm_v2d,llm_v2b@2026-09-22T06:02:28.700376+00:00,9da653163799d56c+ca3b837dd0b3e85c,user,Qwen/Qwen3-4B-Instruct-2507,derived_validated,
13080,at://did:plc:d6nktahntszv6dl2cz6axpgu/app.bsky.feed.post/3mtytequf6c2n,did:plc:d6nktahntszv6dl2cz6axpgu,2026-08-26T17:13:10.309000+00:00,bluesky,true,true,false,true,relevant,relevant,irrelevant,llm_v2b>llm_v2c>llm_v2d,llm_v2b@2026-09-22T06:02:28.700376+00:00,9da653163799d56c+ca3b837dd0b3e85c,user,Qwen/Qwen3-4B-Instruct-2507,derived_validated,
13107,at://did:plc:xwlikwk3gxk36eutedptjpne/app.bsky.feed.post/3mtyrzibtp52v,did:plc:xwlikwk3gxk36eutedptjpne,2026-08-26T16:48:58.249431+00:00,bluesky,true,true,true,true,relevant,relevant,relevant,llm_v2b>llm_v2c>llm_v2d,llm_v2b@2026-09-22T06:02:28.700376+00:00,9da653163799d56c+ca3b837dd0b3e85c,user,Qwen/Qwen3-4B-Instruct-2507,derived_validated,
13115,at://did:plc:667kp47h3tv6wmavpeatu2u3/app.bsky.feed.post/3mtyqyl573f2o,did:plc:667kp47h3tv6wmavpeatu2u3,2026-08-26T16:30:34.073000+00:00,bluesky,true,true,false,true,relevant,relevant,irrelevant,llm_v2b>llm_v2c>llm_v2d,llm_v2b@2026-09-22T06:02:28.700376+00:00,9da653163799d56c+ca3b837dd0b3e85c,user,Qwen/Qwen3-4B-Instruct-2507,derived_validated,
13122,at://did:plc:2apcaa3u7eik3dnlwprfmmmt/app.bsky.feed.post/3mtyqioi2k222,did:plc:2apcaa3u7eik3dnlwprfmmmt,2026-08-26T16:21:40.799000+00:00,bluesky,true,true,false,true,relevant,relevant,irrelevant,llm_v2b>llm_v2c>llm_v2d,llm_v2b@2026-09-22T06:02:28.700376+00:00,9da653163799d56c+ca3b837dd0b3e85c,user,Qwen/Qwen3-4B-Instruct-2507,derived_validated,
13125,at://did:plc:fozzbhhdmk6sch52su2ney4e/app.bsky.feed.post/3mtyqdj7ef724,did:plc:fozzbhhdmk6sch52su2ney4e,2026-08-26T16:18:46.714262+00:00,bluesky,true,true,false,true,relevant,relevant,irrelevant,llm_v2b>llm_v2c>llm_v2d,llm_v2b@2026-09-22T06:02:28.700376+00:00,9da653163799d56c+ca3b837dd0b3e85c,user,Qwen/Qwen3-4B-Instruct-2507,derived_validated,
13138,at://did:plc:3dzlsh22j3qywv4f7a3jg6da/app.bsky.feed.post/3mtypjtdb7223,did:plc:3dzlsh22j3qywv4f7a3jg6da,2026-08-26T16:04:25.519000+00:00,bluesky,true,true,true,true,relevant,relevant,relevant,llm_v2b>llm_v2c>llm_v2d,llm_v2b@2026-09-22T06:02:28.700376+00:00,9da653163799d56c+ca3b837dd0b3e85c,user,Qwen/Qwen3-4B-Instruct-2507,derived_validated,
13142,at://did:plc:c4l6c3v5kvm7i32xiiqtszro/app.bsky.feed.post/3mtyphrgmcu2i,did:plc:c4l6c3v5kvm7i32xiiqtszro,2026-08-26T16:03:16.442000+00:00,bluesky,true,true,false,true,relevant,relevant,irrelevant,llm_v2b>llm_v2c>llm_v2d,llm_v2b@2026-09-22T06:02:28.700376+00:00,9da653163799d56c+ca3b837dd0b3e85c,user,Qwen/Qwen3-4B-Instruct-2507,derived_validated,
13255,at://did:plc:x6xapptozv6dflrbhhwnv6xw/app.bsky.feed.post/3mtyiuc57dj2d,did:plc:x6xapptozv6dflrbhhwnv6xw,2026-08-26T14:05:00.556000+00:00,bluesky,true,true,false,true,relevant,relevant,irrelevant,llm_v2b>llm_v2c>llm_v2d,llm_v2b@2026-09-22T06:02:28.700376+00:00,9da653163799d56c+ca3b837dd0b3e85c,user,Qwen/Qwen3-4B-Instruct-2507,derived_validated,
13275,at://did:plc:mh4yey5zkdapbtl5omggkcfs/app.bsky.feed.post/3mtyiafdibs2v,did:plc:mh4yey5zkdapbtl5omggkcfs,2026-08-26T13:53:52.842000+00:00,bluesky,true,true,false,true,relevant,relevant,irrelevant,llm_v2b>llm_v2c>llm_v2d,llm_v2b@2026-09-22T06:02:28.700376+00:00,9da653163799d56c+ca3b837dd0b3e85c,user,Qwen/Qwen3-4B-Instruct-2507,derived_validated,
13304,at://did:plc:sj7x2xctlsf6pilv4chfnz3t/app.bsky.feed.post/3mtygr5ojoi2x,did:plc:sj7x2xctlsf6pilv4chfnz3t,2026-08-26T13:27:27.258000+00:00,bluesky,true,true,false,true,relevant,relevant,irrelevant,llm_v2b>llm_v2c>llm_v2d,llm_v2b@2026-09-22T06:02:28.700376+00:00,9da653163799d56c+ca3b837dd0b3e85c,user,Qwen/Qwen3-4B-Instruct-2507,derived_validated,
13360,at://did:plc:dnlygymbxetlmnowf72jfmrr/app.bsky.feed.post/3mtyeu7wchl2d,did:plc:dnlygymbxetlmnowf72jfmrr,2026-08-26T12:53:22+00:00,bluesky,true,true,false,true,relevant,relevant,irrelevant,llm_v2b>llm_v2c>llm_v2d,llm_v2b@2026-09-22T06:02:28.700376+00:00,9da653163799d56c+ca3b837dd0b3e85c,user,Qwen/Qwen3-4B-Instruct-2507,derived_validated,
13372,at://did:plc:mri4qfwjhti5j4c3ob5vtudy/app.bsky.feed.post/3mtye6aadqc2m,did:plc:mri4qfwjhti5j4c3ob5vtudy,2026-08-26T12:41:05.422000+00:00,bluesky,true,true,false,true,relevant,relevant,irrelevant,llm_v2b>llm_v2c>llm_v2d,llm_v2b@2026-09-22T06:02:28.700376+00:00,9da653163799d56c+ca3b837dd0b3e85c,user,Qwen/Qwen3-4B-Instruct-2507,derived_validated,
13396,at://did:plc:6rvdipirgmnxilr6uhjyj4rx/app.bsky.feed.post/3mtyckg5nsk23,did:plc:6rvdipirgmnxilr6uhjyj4rx,2026-08-26T12:12:06.794000+00:00,bluesky,true,true,false,true,relevant,relevant,irrelevant,llm_v2b>llm_v2c>llm_v2d,llm_v2b@2026-09-22T06:02:28.700376+00:00,9da653163799d56c+ca3b837dd0b3e85c,user,Qwen/Qwen3-4B-Instruct-2507,derived_validated,
13428,at://did:plc:fwj4etiwoapydd5ocnad5szs/app.bsky.feed.post/3mtya7xnnan2s,did:plc:fwj4etiwoapydd5ocnad5szs,2026-08-26T11:30:28.538000+00:00,bluesky,true,true,false,true,relevant,relevant,irrelevant,llm_v2b>llm_v2c>llm_v2d,llm_v2b@2026-09-22T06:02:28.700376+00:00,9da653163799d56c+ca3b837dd0b3e85c,user,Qwen/Qwen3-4B-Instruct-2507,derived_validated,
13448,at://did:plc:kbdifeeymt5ppkl4gtq3i7be/app.bsky.feed.post/3mty6xxtsgi2a,did:plc:kbdifeeymt5ppkl4gtq3i7be,2026-08-26T11:08:06+00:00,bluesky,true,true,false,true,relevant,relevant,irrelevant,llm_v2b>llm_v2c>llm_v2d,llm_v2b@2026-09-22T06:02:28.700376+00:00,9da653163799d56c+ca3b837dd0b3e85c,user,Qwen/Qwen3-4B-Instruct-2507,derived_validated,
13566,at://did:plc:yk3m7errkp4golum2bkyimgp/app.bsky.feed.post/3mtxvaplaa22x,did:plc:yk3m7errkp4golum2bkyimgp,2026-08-26T08:14:02.488000+00:00,bluesky,true,true,true,true,relevant,relevant,relevant,llm_v2b>llm_v2c>llm_v2d,llm_v2b@2026-09-22T06:02:28.700376+00:00,9da653163799d56c+ca3b837dd0b3e85c,user,Qwen/Qwen3-4B-Instruct-2507,derived_validated,
13579,at://did:plc:fyitqypzz6qaax7ve46hsw52/app.bsky.feed.post/3mtxuj5onhd2d,did:plc:fyitqypzz6qaax7ve46hsw52,2026-08-26T08:00:50+00:00,bluesky,true,true,false,true,relevant,relevant,irrelevant,llm_v2b>llm_v2c>llm_v2d,llm_v2b@2026-09-22T06:02:28.700376+00:00,9da653163799d56c+ca3b837dd0b3e85c,user,Qwen/Qwen3-4B-Instruct-2507,derived_validated,
13590,at://did:plc:blnwbrqhorqjc5fwqggtbeyb/app.bsky.feed.post/3mtxub37byd2f,did:plc:blnwbrqhorqjc5fwqggtbeyb,2026-08-26T07:56:18+00:00,bluesky,true,true,true,true,relevant,relevant,relevant,llm_v2b>llm_v2c>llm_v2d,llm_v2b@2026-09-22T06:02:28.700376+00:00,9da653163799d56c+ca3b837dd0b3e85c,user,Qwen/Qwen3-4B-Instruct-2507,derived_validated,
13685,at://did:plc:ivfkctdzxaqqrktijnyhsjpw/app.bsky.feed.post/3mtxjf3hbjc27,did:plc:ivfkctdzxaqqrktijnyhsjpw,2026-08-26T04:41:44.257000+00:00,bluesky,true,true,true,true,relevant,relevant,relevant,llm_v2b>llm_v2c>llm_v2d,llm_v2b@2026-09-22T06:02:28.700376+00:00,9da653163799d56c+ca3b837dd0b3e85c,user,Qwen/Qwen3-4B-Instruct-2507,derived_validated,
13711,at://did:plc:hgkzjcq5vsqpyalk4cf7oopm/app.bsky.feed.post/3mtxgimpnrtn2,did:plc:hgkzjcq5vsqpyalk4cf7oopm,2026-08-26T03:49:54+00:00,bluesky,true,true,false,true,relevant,relevant,irrelevant,llm_v2b>llm_v2c>llm_v2d,llm_v2b@2026-09-22T06:02:28.700376+00:00,9da653163799d56c+ca3b837dd0b3e85c,user,Qwen/Qwen3-4B-Instruct-2507,derived_validated,
13765,at://did:plc:fyitqypzz6qaax7ve46hsw52/app.bsky.feed.post/3mtx6kziid426,did:plc:fyitqypzz6qaax7ve46hsw52,2026-08-26T01:28:10+00:00,bluesky,true,true,false,true,relevant,relevant,irrelevant,llm_v2b>llm_v2c>llm_v2d,llm_v2b@2026-09-22T06:02:28.700376+00:00,9da653163799d56c+ca3b837dd0b3e85c,user,Qwen/Qwen3-4B-Instruct-2507,derived_validated,
13768,at://did:plc:pcievrygrnjjg5ni7mjfgctb/app.bsky.feed.post/3mtx5xhwqtc2q,did:plc:pcievrygrnjjg5ni7mjfgctb,2026-08-26T01:17:16.366000+00:00,bluesky,true,true,false,true,relevant,relevant,irrelevant,llm_v2b>llm_v2c>llm_v2d,llm_v2b@2026-09-22T06:02:28.700376+00:00,9da653163799d56c+ca3b837dd0b3e85c,user,Qwen/Qwen3-4B-Instruct-2507,derived_validated,
13862,at://did:plc:xr4reoimhk7aqcea2ep5oauo/app.bsky.feed.post/3mtza6lvkzi27,did:plc:xr4reoimhk7aqcea2ep5oauo,2026-08-26T21:02:22.301000+00:00,bluesky,true,true,false,true,relevant,relevant,irrelevant,llm_v2b>llm_v2c>llm_v2d,llm_v2b@2026-09-22T06:02:28.700376+00:00,9da653163799d56c+ca3b837dd0b3e85c,user,Qwen/Qwen3-4B-Instruct-2507,derived_validated,
13993,at://did:plc:wcx4c3osbuzrwmxkqdfqygwv/app.bsky.feed.post/3mty67tjees22,did:plc:wcx4c3osbuzrwmxkqdfqygwv,2026-08-26T10:54:35.923000+00:00,bluesky,true,true,false,true,relevant,relevant,irrelevant,llm_v2b>llm_v2c>llm_v2d,llm_v2b@2026-09-22T06:02:28.700376+00:00,9da653163799d56c+ca3b837dd0b3e85c,user,Qwen/Qwen3-4B-Instruct-2507,derived_validated,
14053,at://did:plc:pcievrygrnjjg5ni7mjfgctb/app.bsky.feed.post/3mtxo2q65322q,did:plc:pcievrygrnjjg5ni7mjfgctb,2026-08-26T06:05:25.529000+00:00,bluesky,true,true,false,true,relevant,relevant,irrelevant,llm_v2b>llm_v2c>llm_v2d,llm_v2b@2026-09-22T06:02:28.700376+00:00,9da653163799d56c+ca3b837dd0b3e85c,user,Qwen/Qwen3-4B-Instruct-2507,derived_validated,
14173,at://did:plc:sj7x2xctlsf6pilv4chfnz3t/app.bsky.feed.post/3mtygrmuata2d,did:plc:sj7x2xctlsf6pilv4chfnz3t,2026-08-26T13:27:43.157000+00:00,bluesky,true,true,false,true,relevant,relevant,irrelevant,llm_v2b>llm_v2c>llm_v2d,llm_v2b@2026-09-22T06:02:28.700376+00:00,9da653163799d56c+ca3b837dd0b3e85c,user,Qwen/Qwen3-4B-Instruct-2507,derived_validated,
14306,at://did:plc:36jpkeznunjdcr6fuoawmfx7/app.bsky.feed.post/3mtyfpzvdzs2h,did:plc:36jpkeznunjdcr6fuoawmfx7,2026-08-26T13:08:56.491000+00:00,bluesky,true,true,false,true,relevant,relevant,irrelevant,llm_v2b>llm_v2c>llm_v2d,llm_v2b@2026-09-22T06:02:28.700376+00:00,9da653163799d56c+ca3b837dd0b3e85c,user,Qwen/Qwen3-4B-Instruct-2507,derived_validated,
14403,at://did:plc:cuhj5fqlex4snm24jsgj46ur/app.bsky.feed.post/3mtzg2eljkk2t,did:plc:cuhj5fqlex4snm24jsgj46ur,2026-08-26T22:47:22.983000+00:00,bluesky,true,true,false,true,relevant,relevant,irrelevant,llm_v2b>llm_v2c>llm_v2d,llm_v2b@2026-09-22T06:02:28.700376+00:00,9da653163799d56c+ca3b837dd0b3e85c,user,Qwen/Qwen3-4B-Instruct-2507,derived_validated,
14452,at://did:plc:vpcf3l3vgso7tlegcgm7sfpq/app.bsky.feed.post/3mtz7mzfj322e,did:plc:vpcf3l3vgso7tlegcgm7sfpq,2026-08-26T20:52:32.586000+00:00,bluesky,true,true,true,true,relevant,relevant,relevant,llm_v2b>llm_v2c>llm_v2d,llm_v2b@2026-09-22T06:02:28.700376+00:00,9da653163799d56c+ca3b837dd0b3e85c,user,Qwen/Qwen3-4B-Instruct-2507,derived_validated,
14753,at://did:plc:neh7y5s6j3jccwox7qbf4qwd/app.bsky.feed.post/3mtyriwgksp2d,did:plc:neh7y5s6j3jccwox7qbf4qwd,2026-08-26T16:39:42.105000+00:00,bluesky,true,true,false,true,relevant,relevant,irrelevant,llm_v2b>llm_v2c>llm_v2d,llm_v2b@2026-09-22T06:02:28.700376+00:00,9da653163799d56c+ca3b837dd0b3e85c,user,Qwen/Qwen3-4B-Instruct-2507,derived_validated,
14902,at://did:plc:dn242yln2biooe6qkd237tqd/app.bsky.feed.post/3mtyk2vjxaj2a,did:plc:dn242yln2biooe6qkd237tqd,2026-08-26T14:26:35.811000+00:00,bluesky,true,true,false,true,relevant,relevant,irrelevant,llm_v2b>llm_v2c>llm_v2d,llm_v2b@2026-09-22T06:02:28.700376+00:00,9da653163799d56c+ca3b837dd0b3e85c,user,Qwen/Qwen3-4B-Instruct-2507,derived_validated,
15003,at://did:plc:zyhwcan3riqxgsurl2dx6fve/app.bsky.feed.post/3mtyyge5bts2s,did:plc:zyhwcan3riqxgsurl2dx6fve,2026-08-26T18:43:32.787000+00:00,bluesky,true,true,false,true,relevant,relevant,irrelevant,llm_v2b>llm_v2c>llm_v2d,llm_v2b@2026-09-22T06:02:28.700376+00:00,9da653163799d56c+ca3b837dd0b3e85c,user,Qwen/Qwen3-4B-Instruct-2507,derived_validated,
15014,at://did:plc:4v4da2z4f6pj7d3pygtgbw6o/app.bsky.feed.post/3mtxh3nxbdj27,did:plc:4v4da2z4f6pj7d3pygtgbw6o,2026-08-26T04:00:40+00:00,bluesky,false,false,true,true,irrelevant,irrelevant,relevant,llm_v2b>llm_v2c>llm_v2d,,,,,deterministic_rules,
15024,at://did:plc:a3ao5kas7dyi5ooog5saz2ko/app.bsky.feed.post/3mtziqvpml22q,did:plc:a3ao5kas7dyi5ooog5saz2ko,2026-08-26T23:35:46.424000+00:00,bluesky,true,true,false,true,relevant,relevant,irrelevant,llm_v2b>llm_v2c>llm_v2d,llm_v2b@2026-09-22T06:02:28.700376+00:00,9da653163799d56c+ca3b837dd0b3e85c,user,Qwen/Qwen3-4B-Instruct-2507,derived_validated,
15027,at://did:plc:a3ao5kas7dyi5ooog5saz2ko/app.bsky.feed.post/3mtziquesvy2r,did:plc:a3ao5kas7dyi5ooog5saz2ko,2026-08-26T23:35:45.160000+00:00,bluesky,true,true,false,true,relevant,relevant,irrelevant,llm_v2b>llm_v2c>llm_v2d,llm_v2b@2026-09-22T06:02:28.700376+00:00,9da653163799d56c+ca3b837dd0b3e85c,user,Qwen/Qwen3-4B-Instruct-2507,derived_validated,
15028,at://did:plc:a3ao5kas7dyi5ooog5saz2ko/app.bsky.feed.post/3mtziqtzble2s,did:plc:a3ao5kas7dyi5ooog5saz2ko,2026-08-26T23:35:44.783000+00:00,bluesky,true,true,false,true,relevant,relevant,irrelevant,llm_v2b>llm_v2c>llm_v2d,llm_v2b@2026-09-22T06:02:28.700376+00:00,9da653163799d56c+ca3b837dd0b3e85c,user,Qwen/Qwen3-4B-Instruct-2507,derived_validated,
15044,at://did:plc:zhe53h7ajlloep2oso5pqxzj/app.bsky.feed.post/3mtzg75qdme2y,did:plc:zhe53h7ajlloep2oso5pqxzj,2026-08-26T22:50:01+00:00,bluesky,true,true,false,true,relevant,relevant,irrelevant,llm_v2b>llm_v2c>llm_v2d,llm_v2b@2026-09-22T06:02:28.700376+00:00,9da653163799d56c+ca3b837dd0b3e85c,user,Qwen/Qwen3-4B-Instruct-2507,derived_validated,
15058,at://did:plc:zhe53h7ajlloep2oso5pqxzj/app.bsky.feed.post/3mtzejj2p2v2u,did:plc:zhe53h7ajlloep2oso5pqxzj,2026-08-26T22:20:01+00:00,bluesky,true,true,false,true,relevant,relevant,irrelevant,llm_v2b>llm_v2c>llm_v2d,llm_v2b@2026-09-22T06:02:28.700376+00:00,9da653163799d56c+ca3b837dd0b3e85c,user,Qwen/Qwen3-4B-Instruct-2507,derived_validated,
15152,at://did:plc:dn242yln2biooe6qkd237tqd/app.bsky.feed.post/3mtyw4du5ti2h,did:plc:dn242yln2biooe6qkd237tqd,2026-08-26T18:02:09.271000+00:00,bluesky,true,true,false,true,relevant,relevant,irrelevant,llm_v2b>llm_v2c>llm_v2d,llm_v2b@2026-09-22T06:02:28.700376+00:00,9da653163799d56c+ca3b837dd0b3e85c,user,Qwen/Qwen3-4B-Instruct-2507,derived_validated,
15157,at://did:plc:u6celkmubfsmbus5m3aqcrla/app.bsky.feed.post/3mtyvzbf5jl2y,did:plc:u6celkmubfsmbus5m3aqcrla,2026-08-26T18:00:25+00:00,bluesky,true,true,false,true,relevant,relevant,irrelevant,llm_v2b>llm_v2c>llm_v2d,llm_v2b@2026-09-22T06:02:28.700376+00:00,9da653163799d56c+ca3b837dd0b3e85c,user,Qwen/Qwen3-4B-Instruct-2507,derived_validated,
15182,at://did:plc:zhe53h7ajlloep2oso5pqxzj/app.bsky.feed.post/3mtytr344to2e,did:plc:zhe53h7ajlloep2oso5pqxzj,2026-08-26T17:20:02+00:00,bluesky,true,true,false,true,relevant,relevant,irrelevant,llm_v2b>llm_v2c>llm_v2d,llm_v2b@2026-09-22T06:02:28.700376+00:00,9da653163799d56c+ca3b837dd0b3e85c,user,Qwen/Qwen3-4B-Instruct-2507,derived_validated,
15197,at://did:plc:mgp7ni6bomaigwnx3yywnhua/app.bsky.feed.post/3mtyrdj2ga22h,did:plc:mgp7ni6bomaigwnx3yywnhua,2026-08-26T16:36:41.080000+00:00,bluesky,true,true,false,true,relevant,relevant,irrelevant,llm_v2b>llm_v2c>llm_v2d,llm_v2b@2026-09-22T06:02:28.700376+00:00,9da653163799d56c+ca3b837dd0b3e85c,user,Qwen/Qwen3-4B-Instruct-2507,derived_validated,
15208,at://did:plc:l4r7crdmwkkzxqr3hjxnd3gy/app.bsky.feed.post/3mtypzfd2zs2f,did:plc:l4r7crdmwkkzxqr3hjxnd3gy,2026-08-26T16:13:07.840144+00:00,bluesky,true,true,false,true,relevant,relevant,irrelevant,llm_v2b>llm_v2c>llm_v2d,llm_v2b@2026-09-22T06:02:28.700376+00:00,9da653163799d56c+ca3b837dd0b3e85c,user,Qwen/Qwen3-4B-Instruct-2507,derived_validated,
15218,at://did:plc:zhe53h7ajlloep2oso5pqxzj/app.bsky.feed.post/3mtypc2e5nm2p,did:plc:zhe53h7ajlloep2oso5pqxzj,2026-08-26T16:00:02+00:00,bluesky,true,true,false,true,relevant,relevant,irrelevant,llm_v2b>llm_v2c>llm_v2d,llm_v2b@2026-09-22T06:02:28.700376+00:00,9da653163799d56c+ca3b837dd0b3e85c,user,Qwen/Qwen3-4B-Instruct-2507,derived_validated,
15268,at://did:plc:sj7x2xctlsf6pilv4chfnz3t/app.bsky.feed.post/3mtygrbfewf24,did:plc:sj7x2xctlsf6pilv4chfnz3t,2026-08-26T13:27:31.132000+00:00,bluesky,true,true,false,true,relevant,relevant,irrelevant,llm_v2b>llm_v2c>llm_v2d,llm_v2b@2026-09-22T06:02:28.700376+00:00,9da653163799d56c+ca3b837dd0b3e85c,user,Qwen/Qwen3-4B-Instruct-2507,derived_validated,
15284,at://did:plc:u6celkmubfsmbus5m3aqcrla/app.bsky.feed.post/3mtyefw6p3u2y,did:plc:u6celkmubfsmbus5m3aqcrla,2026-08-26T12:45:23+00:00,bluesky,true,true,false,true,relevant,relevant,irrelevant,llm_v2b>llm_v2c>llm_v2d,llm_v2b@2026-09-22T06:02:28.700376+00:00,9da653163799d56c+ca3b837dd0b3e85c,user,Qwen/Qwen3-4B-Instruct-2507,derived_validated,
15337,at://did:plc:vvz47mxtw7vx3l7wqsqfnc7t/app.bsky.feed.post/3mty6vru4ej2i,did:plc:vvz47mxtw7vx3l7wqsqfnc7t,2026-08-26T11:06:53.111471+00:00,bluesky,true,true,false,true,relevant,relevant,irrelevant,llm_v2b>llm_v2c>llm_v2d,llm_v2b@2026-09-22T06:02:28.700376+00:00,9da653163799d56c+ca3b837dd0b3e85c,user,Qwen/Qwen3-4B-Instruct-2507,derived_validated,
15354,at://did:plc:qw3rlslzugmkitgpr5p4nned/app.bsky.feed.post/3mty4vdoyzb2t,did:plc:qw3rlslzugmkitgpr5p4nned,2026-08-26T10:30:50.692701+00:00,bluesky,true,true,false,true,relevant,relevant,irrelevant,llm_v2b>llm_v2c>llm_v2d,llm_v2b@2026-09-22T06:02:28.700376+00:00,9da653163799d56c+ca3b837dd0b3e85c,user,Qwen/Qwen3-4B-Instruct-2507,derived_validated,
15450,at://did:plc:ksubnc3tnvhynkmszhw5zsyh/app.bsky.feed.post/3mtxm7z6owf2v,did:plc:ksubnc3tnvhynkmszhw5zsyh,2026-08-26T05:32:35.284000+00:00,bluesky,true,true,false,true,relevant,relevant,irrelevant,llm_v2b>llm_v2c>llm_v2d,llm_v2b@2026-09-22T06:02:28.700376+00:00,9da653163799d56c+ca3b837dd0b3e85c,user,Qwen/Qwen3-4B-Instruct-2507,derived_validated,
15455,at://did:plc:bcjkzl6ah3bvfj2q3z6oigt5/app.bsky.feed.post/3mtxllxfdz52f,did:plc:bcjkzl6ah3bvfj2q3z6oigt5,2026-08-26T05:21:22.164000+00:00,bluesky,true,true,false,true,relevant,relevant,irrelevant,llm_v2b>llm_v2c>llm_v2d,llm_v2b@2026-09-22T06:02:28.700376+00:00,9da653163799d56c+ca3b837dd0b3e85c,user,Qwen/Qwen3-4B-Instruct-2507,derived_validated,
15470,at://did:plc:zhe53h7ajlloep2oso5pqxzj/app.bsky.feed.post/3mtxhmho7mj2b,did:plc:zhe53h7ajlloep2oso5pqxzj,2026-08-26T04:10:01+00:00,bluesky,true,true,false,true,relevant,relevant,irrelevant,llm_v2b>llm_v2c>llm_v2d,llm_v2b@2026-09-22T06:02:28.700376+00:00,9da653163799d56c+ca3b837dd0b3e85c,user,Qwen/Qwen3-4B-Instruct-2507,derived_validated,
15531,at://did:plc:zhe53h7ajlloep2oso5pqxzj/app.bsky.feed.post/3mtx4gsv7ss2f,did:plc:zhe53h7ajlloep2oso5pqxzj,2026-08-26T00:50:01+00:00,bluesky,true,true,false,true,relevant,relevant,irrelevant,llm_v2b>llm_v2c>llm_v2d,llm_v2b@2026-09-22T06:02:28.700376+00:00,9da653163799d56c+ca3b837dd0b3e85c,user,Qwen/Qwen3-4B-Instruct-2507,derived_validated,
15547,at://did:plc:rvgczjwe4vpieijepny5voy7/app.bsky.feed.post/3mtwzt4aum42x,did:plc:rvgczjwe4vpieijepny5voy7,2026-08-26T00:03:14.901533+00:00,bluesky,true,true,false,true,relevant,relevant,irrelevant,llm_v2b>llm_v2c>llm_v2d,llm_v2b@2026-09-22T06:02:28.700376+00:00,9da653163799d56c+ca3b837dd0b3e85c,user,Qwen/Qwen3-4B-Instruct-2507,derived_validated,
15560,at://did:plc:m2k45iip5d7i2ti46ntrsex5/app.bsky.feed.post/3mtyx3ahro22o,did:plc:m2k45iip5d7i2ti46ntrsex5,2026-08-26T18:19:26.095000+00:00,bluesky,false,false,true,true,irrelevant,irrelevant,relevant,llm_v2b>llm_v2c>llm_v2d,,,,,deterministic_rules,
15736,at://did:plc:7fn5xkrlc2rvmilf4b5od4ya/app.bsky.feed.post/3mtydwyasys2y,did:plc:7fn5xkrlc2rvmilf4b5od4ya,2026-08-26T12:37:02.167000+00:00,bluesky,true,true,false,true,relevant,relevant,irrelevant,llm_v2b>llm_v2c>llm_v2d,llm_v2b@2026-09-22T06:02:28.700376+00:00,9da653163799d56c+ca3b837dd0b3e85c,user,Qwen/Qwen3-4B-Instruct-2507,derived_validated,
15747,at://did:plc:kgvrds3c2pwlg3mtau77b556/app.bsky.feed.post/3mtyajt7kwk2b,did:plc:kgvrds3c2pwlg3mtau77b556,2026-08-26T11:35:59.450000+00:00,bluesky,true,true,false,true,relevant,relevant,irrelevant,llm_v2b>llm_v2c>llm_v2d,llm_v2b@2026-09-22T06:02:28.700376+00:00,9da653163799d56c+ca3b837dd0b3e85c,user,Qwen/Qwen3-4B-Instruct-2507,derived_validated,
15753,at://did:plc:c7boxmqpjv4wrutpuocir7ss/app.bsky.feed.post/3mtxpzf4wea2g,did:plc:c7boxmqpjv4wrutpuocir7ss,2026-08-26T06:40:27.894533+00:00,bluesky,true,true,false,true,relevant,relevant,irrelevant,llm_v2b>llm_v2c>llm_v2d,llm_v2b@2026-09-22T06:02:28.700376+00:00,9da653163799d56c+ca3b837dd0b3e85c,user,Qwen/Qwen3-4B-Instruct-2507,derived_validated,
15763,at://did:plc:kzmukwaf72iwepygposicgt3/app.bsky.feed.post/3mtz64f2pg72g,did:plc:kzmukwaf72iwepygposicgt3,2026-08-26T17:57:53+00:00,bluesky,true,true,false,true,relevant,relevant,irrelevant,llm_v2b>llm_v2c>llm_v2d,llm_v2b@2026-09-22T06:02:28.700376+00:00,9da653163799d56c+ca3b837dd0b3e85c,user,Qwen/Qwen3-4B-Instruct-2507,derived_validated,
15774,at://did:plc:kzmukwaf72iwepygposicgt3/app.bsky.feed.post/3mtydliku4o2o,did:plc:kzmukwaf72iwepygposicgt3,2026-08-26T10:57:53+00:00,bluesky,true,true,false,true,relevant,relevant,irrelevant,llm_v2b>llm_v2c>llm_v2d,llm_v2b@2026-09-22T06:02:28.700376+00:00,9da653163799d56c+ca3b837dd0b3e85c,user,Qwen/Qwen3-4B-Instruct-2507,derived_validated,
15779,at://did:plc:fcotsmblnp2qsdlalzodqgtn/app.bsky.feed.post/3mtxac2s3is24,did:plc:fcotsmblnp2qsdlalzodqgtn,2026-08-26T01:58:59.223000+00:00,bluesky,true,true,false,true,relevant,relevant,irrelevant,llm_v2b>llm_v2c>llm_v2d,llm_v2b@2026-09-22T06:02:28.700376+00:00,9da653163799d56c+ca3b837dd0b3e85c,user,Qwen/Qwen3-4B-Instruct-2507,derived_validated,
15780,at://did:plc:fcotsmblnp2qsdlalzodqgtn/app.bsky.feed.post/3mtx6pmcg7224,did:plc:fcotsmblnp2qsdlalzodqgtn,2026-08-26T01:30:46.304000+00:00,bluesky,true,true,true,true,relevant,relevant,relevant,llm_v2b>llm_v2c>llm_v2d,llm_v2b@2026-09-22T06:02:28.700376+00:00,9da653163799d56c+ca3b837dd0b3e85c,user,Qwen/Qwen3-4B-Instruct-2507,derived_validated,
15793,at://did:plc:pu4dpzlp6vjxwy2wi62dtihl/app.bsky.feed.post/3mtyttzeiib2i,did:plc:pu4dpzlp6vjxwy2wi62dtihl,2026-08-26T17:21:42.498711+00:00,bluesky,true,true,false,true,relevant,relevant,irrelevant,llm_v2b>llm_v2c>llm_v2d,llm_v2b@2026-09-22T06:02:28.700376+00:00,9da653163799d56c+ca3b837dd0b3e85c,user,Qwen/Qwen3-4B-Instruct-2507,derived_validated,
15802,at://did:plc:vevngu5t7a2zqvdftysxv26d/app.bsky.feed.post/3mtyp7zx7bs2o,did:plc:vevngu5t7a2zqvdftysxv26d,2026-08-26T15:58:57.100000+00:00,bluesky,true,true,false,true,relevant,relevant,irrelevant,llm_v2b>llm_v2c>llm_v2d,llm_v2b@2026-09-22T06:02:28.700376+00:00,9da653163799d56c+ca3b837dd0b3e85c,user,Qwen/Qwen3-4B-Instruct-2507,derived_validated,
15815,at://did:plc:kwzaimla3mghotuyq7f6uhx7/app.bsky.feed.post/3mtyic3he7c2k,did:plc:kwzaimla3mghotuyq7f6uhx7,2026-08-26T13:54:49.593000+00:00,bluesky,true,true,false,true,relevant,relevant,irrelevant,llm_v2b>llm_v2c>llm_v2d,llm_v2b@2026-09-22T06:02:28.700376+00:00,9da653163799d56c+ca3b837dd0b3e85c,user,Qwen/Qwen3-4B-Instruct-2507,derived_validated,
15825,at://did:plc:kwzaimla3mghotuyq7f6uhx7/app.bsky.feed.post/3mtxxwxbwmc2r,did:plc:kwzaimla3mghotuyq7f6uhx7,2026-08-26T09:02:16.254000+00:00,bluesky,true,true,false,true,relevant,relevant,irrelevant,llm_v2b>llm_v2c>llm_v2d,llm_v2b@2026-09-22T06:02:28.700376+00:00,9da653163799d56c+ca3b837dd0b3e85c,user,Qwen/Qwen3-4B-Instruct-2507,derived_validated,
15827,at://did:plc:i7hoagrl2onqpg3xfpnhnu24/app.bsky.feed.post/3mtxwsve37a27,did:plc:i7hoagrl2onqpg3xfpnhnu24,2026-08-26T08:42:06.471000+00:00,bluesky,true,true,false,true,relevant,relevant,irrelevant,llm_v2b>llm_v2c>llm_v2d,llm_v2b@2026-09-22T06:02:28.700376+00:00,9da653163799d56c+ca3b837dd0b3e85c,user,Qwen/Qwen3-4B-Instruct-2507,derived_validated,
15848,at://did:plc:i7hoagrl2onqpg3xfpnhnu24/app.bsky.feed.post/3mtxlecessz2s,did:plc:i7hoagrl2onqpg3xfpnhnu24,2026-08-26T05:17:05.672000+00:00,bluesky,true,true,false,true,relevant,relevant,irrelevant,llm_v2b>llm_v2c>llm_v2d,llm_v2b@2026-09-22T06:02:28.700376+00:00,9da653163799d56c+ca3b837dd0b3e85c,user,Qwen/Qwen3-4B-Instruct-2507,derived_validated,
15856,at://did:plc:u6celkmubfsmbus5m3aqcrla/app.bsky.feed.post/3mu3y3di2tt22,did:plc:u6celkmubfsmbus5m3aqcrla,2026-08-27T23:15:21+00:00,bluesky,true,true,true,true,relevant,relevant,relevant,llm_v2b>llm_v2c>llm_v2d,llm_v2b@2026-09-22T06:02:28.700376+00:00,9da653163799d56c+ca3b837dd0b3e85c,user,Qwen/Qwen3-4B-Instruct-2507,derived_validated,
15868,at://did:plc:i5a2vsezf56iu2yjtmb7m2tb/app.bsky.feed.post/3mu3rmxdzs22f,did:plc:i5a2vsezf56iu2yjtmb7m2tb,2026-08-27T21:19:57.280000+00:00,bluesky,true,true,true,true,relevant,relevant,relevant,llm_v2b>llm_v2c>llm_v2d,llm_v2b@2026-09-22T06:02:28.700376+00:00,9da653163799d56c+ca3b837dd0b3e85c,user,Qwen/Qwen3-4B-Instruct-2507,derived_validated,
16000,at://did:plc:ywwtldghxuut3mzqehl33xhy/app.bsky.feed.post/3mu3bdfj5ck2x,did:plc:ywwtldghxuut3mzqehl33xhy,2026-08-27T16:28:16.715000+00:00,bluesky,true,true,false,true,relevant,relevant,irrelevant,llm_v2b>llm_v2c>llm_v2d,llm_v2b@2026-09-22T06:02:28.700376+00:00,9da653163799d56c+ca3b837dd0b3e85c,user,Qwen/Qwen3-4B-Instruct-2507,derived_validated,
16055,at://did:plc:hh3brnksirhma2rymwtpnp5w/app.bsky.feed.post/3mu32lzzice2r,did:plc:hh3brnksirhma2rymwtpnp5w,2026-08-27T14:27:50.210371+00:00,bluesky,true,true,false,true,relevant,relevant,irrelevant,llm_v2b>llm_v2c>llm_v2d,llm_v2b@2026-09-22T06:02:28.700376+00:00,9da653163799d56c+ca3b837dd0b3e85c,user,Qwen/Qwen3-4B-Instruct-2507,derived_validated,
16192,at://did:plc:i5a2vsezf56iu2yjtmb7m2tb/app.bsky.feed.post/3mu2lujmwuk2m,did:plc:i5a2vsezf56iu2yjtmb7m2tb,2026-08-27T10:04:09.135000+00:00,bluesky,true,true,false,true,relevant,relevant,irrelevant,llm_v2b>llm_v2c>llm_v2d,llm_v2b@2026-09-22T06:02:28.700376+00:00,9da653163799d56c+ca3b837dd0b3e85c,user,Qwen/Qwen3-4B-Instruct-2507,derived_validated,
16196,at://did:plc:uauvgtaseetghf5czwruktdj/app.bsky.feed.post/3mu2k7qwuvb2v,did:plc:uauvgtaseetghf5czwruktdj,2026-08-27T09:34:38+00:00,bluesky,true,true,false,true,relevant,relevant,irrelevant,llm_v2b>llm_v2c>llm_v2d,llm_v2b@2026-09-22T06:02:28.700376+00:00,9da653163799d56c+ca3b837dd0b3e85c,user,Qwen/Qwen3-4B-Instruct-2507,derived_validated,
16322,at://did:plc:yyii2agunadltcpw6ijqgcjl/app.bsky.feed.post/3mu35czmnss2f,did:plc:yyii2agunadltcpw6ijqgcjl,2026-08-27T15:16:29.277000+00:00,bluesky,true,true,false,true,relevant,relevant,irrelevant,llm_v2b>llm_v2c>llm_v2d,llm_v2b@2026-09-22T06:02:28.700376+00:00,9da653163799d56c+ca3b837dd0b3e85c,user,Qwen/Qwen3-4B-Instruct-2507,derived_validated,
16381,at://did:plc:lgw42xqivbqlqhx4jy47i4r7/app.bsky.feed.post/3mu2f2f2lh22l,did:plc:lgw42xqivbqlqhx4jy47i4r7,2026-08-27T08:02:09.476000+00:00,bluesky,true,true,false,true,relevant,relevant,irrelevant,llm_v2b>llm_v2c>llm_v2d,llm_v2b@2026-09-22T06:02:28.700376+00:00,9da653163799d56c+ca3b837dd0b3e85c,user,Qwen/Qwen3-4B-Instruct-2507,derived_validated,
16398,at://did:plc:m5hazd6r7mgtl2k3yu73t6c5/app.bsky.feed.post/3mu26gh6hfe2c,did:plc:m5hazd6r7mgtl2k3yu73t6c5,2026-08-27T06:03:34.339000+00:00,bluesky,true,true,false,true,relevant,relevant,irrelevant,llm_v2b>llm_v2c>llm_v2d,llm_v2b@2026-09-22T06:02:28.700376+00:00,9da653163799d56c+ca3b837dd0b3e85c,user,Qwen/Qwen3-4B-Instruct-2507,derived_validated,
16413,at://did:plc:hslirr7h6d7livppaxty435b/app.bsky.feed.post/3mtzujdj6b724,did:plc:hslirr7h6d7livppaxty435b,2026-08-27T03:06:15+00:00,bluesky,true,true,false,true,relevant,relevant,irrelevant,llm_v2b>llm_v2c>llm_v2d,llm_v2b@2026-09-22T06:02:28.700376+00:00,9da653163799d56c+ca3b837dd0b3e85c,user,Qwen/Qwen3-4B-Instruct-2507,derived_validated,
16423,at://did:plc:uyrkt5256yk6ordtrg5qimqo/app.bsky.feed.post/3mtzla45rja2b,did:plc:uyrkt5256yk6ordtrg5qimqo,2026-08-27T00:20:03+00:00,bluesky,true,true,false,true,relevant,relevant,irrelevant,llm_v2b>llm_v2c>llm_v2d,llm_v2b@2026-09-22T06:02:28.700376+00:00,9da653163799d56c+ca3b837dd0b3e85c,user,Qwen/Qwen3-4B-Instruct-2507,derived_validated,
16530,at://did:plc:rksvwvgrequjtwspnrl5wvkq/app.bsky.feed.post/3mu27lc5jjc2p,did:plc:rksvwvgrequjtwspnrl5wvkq,2026-08-27T06:24:14.381000+00:00,bluesky,true,true,false,true,relevant,relevant,irrelevant,llm_v2b>llm_v2c>llm_v2d,llm_v2b@2026-09-22T06:02:28.700376+00:00,9da653163799d56c+ca3b837dd0b3e85c,user,Qwen/Qwen3-4B-Instruct-2507,derived_validated,
16552,at://did:plc:nasdzbpiyzph2lvcoijyxere/app.bsky.feed.post/3mu3qz7s2y42l,did:plc:nasdzbpiyzph2lvcoijyxere,2026-08-27T21:08:54+00:00,bluesky,true,true,false,true,relevant,relevant,irrelevant,llm_v2b>llm_v2c>llm_v2d,llm_v2b@2026-09-22T06:02:28.700376+00:00,9da653163799d56c+ca3b837dd0b3e85c,user,Qwen/Qwen3-4B-Instruct-2507,derived_validated,
16559,at://did:plc:lc6hdhnjkgccd6ysi7e23pll/app.bsky.feed.post/3mu3mrmdwym2k,did:plc:lc6hdhnjkgccd6ysi7e23pll,2026-08-27T19:53:04.574576+00:00,bluesky,true,true,false,true,relevant,relevant,irrelevant,llm_v2b>llm_v2c>llm_v2d,llm_v2b@2026-09-22T06:02:28.700376+00:00,9da653163799d56c+ca3b837dd0b3e85c,user,Qwen/Qwen3-4B-Instruct-2507,derived_validated,
16568,at://did:plc:36i3w2wdhnj3te7s6pi7tovh/app.bsky.feed.post/3mu3kuqomyk26,did:plc:36i3w2wdhnj3te7s6pi7tovh,2026-08-27T19:19:02.531000+00:00,bluesky,true,true,false,true,relevant,relevant,irrelevant,llm_v2b>llm_v2c>llm_v2d,llm_v2b@2026-09-22T06:02:28.700376+00:00,9da653163799d56c+ca3b837dd0b3e85c,user,Qwen/Qwen3-4B-Instruct-2507,derived_validated,
16569,at://did:plc:u6celkmubfsmbus5m3aqcrla/app.bsky.feed.post/3mu3ko53pc22e,did:plc:u6celkmubfsmbus5m3aqcrla,2026-08-27T19:15:20+00:00,bluesky,true,true,true,true,relevant,relevant,relevant,llm_v2b>llm_v2c>llm_v2d,llm_v2b@2026-09-22T06:02:28.700376+00:00,9da653163799d56c+ca3b837dd0b3e85c,user,Qwen/Qwen3-4B-Instruct-2507,derived_validated,
16740,at://did:plc:34pq5uet45reymgwddkx4d7b/app.bsky.feed.post/3mtzmojpb472x,did:plc:34pq5uet45reymgwddkx4d7b,2026-08-27T00:46:00.594000+00:00,bluesky,true,true,false,true,relevant,relevant,irrelevant,llm_v2b>llm_v2c>llm_v2d,llm_v2b@2026-09-22T06:02:28.700376+00:00,9da653163799d56c+ca3b837dd0b3e85c,user,Qwen/Qwen3-4B-Instruct-2507,derived_validated,
16797,at://did:plc:x773vlgqkfucwiqg4tr34k6d/app.bsky.feed.post/3mu3vd4p3ll25,did:plc:x773vlgqkfucwiqg4tr34k6d,2026-08-27T22:26:02.216000+00:00,bluesky,true,true,false,true,relevant,relevant,irrelevant,llm_v2b>llm_v2c>llm_v2d,llm_v2b@2026-09-22T06:02:28.700376+00:00,9da653163799d56c+ca3b837dd0b3e85c,user,Qwen/Qwen3-4B-Instruct-2507,derived_validated,
16798,at://did:plc:lorrgukxcqf463qyuk5dcr6n/app.bsky.feed.post/3mu3vd3a36o2e,did:plc:lorrgukxcqf463qyuk5dcr6n,2026-08-27T22:26:00.682000+00:00,bluesky,true,true,false,true,relevant,relevant,irrelevant,llm_v2b>llm_v2c>llm_v2d,llm_v2b@2026-09-22T06:02:28.700376+00:00,9da653163799d56c+ca3b837dd0b3e85c,user,Qwen/Qwen3-4B-Instruct-2507,derived_validated,
16799,at://did:plc:2wkrrecgmyar2psroi2ieome/app.bsky.feed.post/3mu3vcz22e52u,did:plc:2wkrrecgmyar2psroi2ieome,2026-08-27T22:25:58.383000+00:00,bluesky,true,true,false,true,relevant,relevant,irrelevant,llm_v2b>llm_v2c>llm_v2d,llm_v2b@2026-09-22T06:02:28.700376+00:00,9da653163799d56c+ca3b837dd0b3e85c,user,Qwen/Qwen3-4B-Instruct-2507,derived_validated,
16800,at://did:plc:3ayk2bkvyk3nw2zdzuqgbtoe/app.bsky.feed.post/3mu3vcx4upl2o,did:plc:3ayk2bkvyk3nw2zdzuqgbtoe,2026-08-27T22:25:56.378000+00:00,bluesky,true,true,false,true,relevant,relevant,irrelevant,llm_v2b>llm_v2c>llm_v2d,llm_v2b@2026-09-22T06:02:28.700376+00:00,9da653163799d56c+ca3b837dd0b3e85c,user,Qwen/Qwen3-4B-Instruct-2507,derived_validated,
16801,at://did:plc:mt3vh77z2dwr5eedodmqcntu/app.bsky.feed.post/3mu3vcuhoq42t,did:plc:mt3vh77z2dwr5eedodmqcntu,2026-08-27T22:25:53.590000+00:00,bluesky,true,true,false,true,relevant,relevant,irrelevant,llm_v2b>llm_v2c>llm_v2d,llm_v2b@2026-09-22T06:02:28.700376+00:00,9da653163799d56c+ca3b837dd0b3e85c,user,Qwen/Qwen3-4B-Instruct-2507,derived_validated,
16802,at://did:plc:l6agqcjf4rwy6u57cxvpzxqh/app.bsky.feed.post/3mu3vctah6n2b,did:plc:l6agqcjf4rwy6u57cxvpzxqh,2026-08-27T22:25:52.338000+00:00,bluesky,true,true,false,true,relevant,relevant,irrelevant,llm_v2b>llm_v2c>llm_v2d,llm_v2b@2026-09-22T06:02:28.700376+00:00,9da653163799d56c+ca3b837dd0b3e85c,user,Qwen/Qwen3-4B-Instruct-2507,derived_validated,
16803,at://did:plc:34xo2atibc6kfimgqaroubom/app.bsky.feed.post/3mu3v35v3pk26,did:plc:34xo2atibc6kfimgqaroubom,2026-08-27T22:21:35.107000+00:00,bluesky,true,true,false,true,relevant,relevant,irrelevant,llm_v2b>llm_v2c>llm_v2d,llm_v2b@2026-09-22T06:02:28.700376+00:00,9da653163799d56c+ca3b837dd0b3e85c,user,Qwen/Qwen3-4B-Instruct-2507,derived_validated,
16827,at://did:plc:u6celkmubfsmbus5m3aqcrla/app.bsky.feed.post/3mu3tvd3bcv2e,did:plc:u6celkmubfsmbus5m3aqcrla,2026-08-27T22:00:25+00:00,bluesky,true,true,false,true,relevant,relevant,irrelevant,llm_v2b>llm_v2c>llm_v2d,llm_v2b@2026-09-22T06:02:28.700376+00:00,9da653163799d56c+ca3b837dd0b3e85c,user,Qwen/Qwen3-4B-Instruct-2507,derived_validated,
16916,at://did:plc:ng33k5c3zzaulr5m7pshjkhi/app.bsky.feed.post/3mu3n22rj7k2c,did:plc:ng33k5c3zzaulr5m7pshjkhi,2026-08-27T19:57:48.366000+00:00,bluesky,true,true,true,true,relevant,relevant,relevant,llm_v2b>llm_v2c>llm_v2d,llm_v2b@2026-09-22T06:02:28.700376+00:00,9da653163799d56c+ca3b837dd0b3e85c,user,Qwen/Qwen3-4B-Instruct-2507,derived_validated,
16921,at://did:plc:ng33k5c3zzaulr5m7pshjkhi/app.bsky.feed.post/3mu3mj3tz2s2c,did:plc:ng33k5c3zzaulr5m7pshjkhi,2026-08-27T19:48:19.069000+00:00,bluesky,true,true,true,true,relevant,relevant,relevant,llm_v2b>llm_v2c>llm_v2d,llm_v2b@2026-09-22T06:02:28.700376+00:00,9da653163799d56c+ca3b837dd0b3e85c,user,Qwen/Qwen3-4B-Instruct-2507,derived_validated,
16956,at://did:plc:7oeufzwrvqyzfmj3jffojbjw/app.bsky.feed.post/3mu3k6liy3p2u,did:plc:7oeufzwrvqyzfmj3jffojbjw,2026-08-27T19:06:38+00:00,bluesky,true,true,false,true,relevant,relevant,irrelevant,llm_v2b>llm_v2c>llm_v2d,llm_v2b@2026-09-22T06:02:28.700376+00:00,9da653163799d56c+ca3b837dd0b3e85c,user,Qwen/Qwen3-4B-Instruct-2507,derived_validated,
16958,at://did:plc:3dzlsh22j3qywv4f7a3jg6da/app.bsky.feed.post/3mu3jwm5gts25,did:plc:3dzlsh22j3qywv4f7a3jg6da,2026-08-27T19:02:10.948000+00:00,bluesky,true,true,true,true,relevant,relevant,relevant,llm_v2b>llm_v2c>llm_v2d,llm_v2b@2026-09-22T06:02:28.700376+00:00,9da653163799d56c+ca3b837dd0b3e85c,user,Qwen/Qwen3-4B-Instruct-2507,derived_validated,
16991,at://did:plc:ts6eguzvhogcyx4nd3wj6igv/app.bsky.feed.post/3mu3i5hxukq24,did:plc:ts6eguzvhogcyx4nd3wj6igv,2026-08-27T18:30:13+00:00,bluesky,true,true,false,true,relevant,relevant,irrelevant,llm_v2b>llm_v2c>llm_v2d,llm_v2b@2026-09-22T06:02:28.700376+00:00,9da653163799d56c+ca3b837dd0b3e85c,user,Qwen/Qwen3-4B-Instruct-2507,derived_validated,
17037,at://did:plc:42han5exrxyrgdsbwosrp7sy/app.bsky.feed.post/3mu3gqn6j3f2c,did:plc:42han5exrxyrgdsbwosrp7sy,2026-08-27T18:05:08.180000+00:00,bluesky,true,true,false,true,relevant,relevant,irrelevant,llm_v2b>llm_v2c>llm_v2d,llm_v2b@2026-09-22T06:02:28.700376+00:00,9da653163799d56c+ca3b837dd0b3e85c,user,Qwen/Qwen3-4B-Instruct-2507,derived_validated,
17081,at://did:plc:mri4qfwjhti5j4c3ob5vtudy/app.bsky.feed.post/3mu3f7epdkk22,did:plc:mri4qfwjhti5j4c3ob5vtudy,2026-08-27T17:37:36.618000+00:00,bluesky,true,true,false,true,relevant,relevant,irrelevant,llm_v2b>llm_v2c>llm_v2d,llm_v2b@2026-09-22T06:02:28.700376+00:00,9da653163799d56c+ca3b837dd0b3e85c,user,Qwen/Qwen3-4B-Instruct-2507,derived_validated,
17167,at://did:plc:tcyv5gk43e5gekr5wo3vglhl/app.bsky.feed.post/i4eyxzkdytes6,did:plc:tcyv5gk43e5gekr5wo3vglhl,2026-08-27T16:12:22.570000+00:00,bluesky,true,true,false,true,relevant,relevant,irrelevant,llm_v2b>llm_v2c>llm_v2d,llm_v2b@2026-09-22T06:02:28.700376+00:00,9da653163799d56c+ca3b837dd0b3e85c,user,Qwen/Qwen3-4B-Instruct-2507,derived_validated,
17176,at://did:plc:3dzlsh22j3qywv4f7a3jg6da/app.bsky.feed.post/3mu37xnqnhp23,did:plc:3dzlsh22j3qywv4f7a3jg6da,2026-08-27T16:03:48.773000+00:00,bluesky,true,true,true,true,relevant,relevant,relevant,llm_v2b>llm_v2c>llm_v2d,llm_v2b@2026-09-22T06:02:28.700376+00:00,9da653163799d56c+ca3b837dd0b3e85c,user,Qwen/Qwen3-4B-Instruct-2507,derived_validated,
17239,at://did:plc:7yfe3zl5uflq5fwyt2fxb355/app.bsky.feed.post/3mu34sj3hrf2b,did:plc:7yfe3zl5uflq5fwyt2fxb355,2026-08-27T15:07:14.833000+00:00,bluesky,false,false,true,true,irrelevant,irrelevant,relevant,llm_v2b>llm_v2c>llm_v2d,,,,,deterministic_rules,
17326,at://did:plc:3dzlsh22j3qywv4f7a3jg6da/app.bsky.feed.post/3mu2z7tzhfv2q,did:plc:3dzlsh22j3qywv4f7a3jg6da,2026-08-27T14:03:07.584000+00:00,bluesky,true,true,true,true,relevant,relevant,relevant,llm_v2b>llm_v2c>llm_v2d,llm_v2b@2026-09-22T06:02:28.700376+00:00,9da653163799d56c+ca3b837dd0b3e85c,user,Qwen/Qwen3-4B-Instruct-2507,derived_validated,
17401,at://did:plc:36trxcdhay6uygpri2mepw2d/app.bsky.feed.post/3mu2vufeutu24,did:plc:36trxcdhay6uygpri2mepw2d,2026-08-27T13:03:02.027000+00:00,bluesky,true,true,false,true,relevant,relevant,irrelevant,llm_v2b>llm_v2c>llm_v2d,llm_v2b@2026-09-22T06:02:28.700376+00:00,9da653163799d56c+ca3b837dd0b3e85c,user,Qwen/Qwen3-4B-Instruct-2507,derived_validated,
17441,at://did:plc:c2vjqcdwre64z7qceaswqgae/app.bsky.feed.post/3mu2t5ws4qk2k,did:plc:c2vjqcdwre64z7qceaswqgae,2026-08-27T12:14:41.120000+00:00,bluesky,true,true,false,true,relevant,relevant,irrelevant,llm_v2b>llm_v2c>llm_v2d,llm_v2b@2026-09-22T06:02:28.700376+00:00,9da653163799d56c+ca3b837dd0b3e85c,user,Qwen/Qwen3-4B-Instruct-2507,derived_validated,
17636,at://did:plc:fyitqypzz6qaax7ve46hsw52/app.bsky.feed.post/3mu2f3syrov2k,did:plc:fyitqypzz6qaax7ve46hsw52,2026-08-27T08:02:55+00:00,bluesky,true,true,false,true,relevant,relevant,irrelevant,llm_v2b>llm_v2c>llm_v2d,llm_v2b@2026-09-22T06:02:28.700376+00:00,9da653163799d56c+ca3b837dd0b3e85c,user,Qwen/Qwen3-4B-Instruct-2507,derived_validated,
17648,at://did:plc:u6celkmubfsmbus5m3aqcrla/app.bsky.feed.post/3mu2e4f35i32b,did:plc:u6celkmubfsmbus5m3aqcrla,2026-08-27T07:45:22+00:00,bluesky,true,true,false,true,relevant,relevant,irrelevant,llm_v2b>llm_v2c>llm_v2d,llm_v2b@2026-09-22T06:02:28.700376+00:00,9da653163799d56c+ca3b837dd0b3e85c,user,Qwen/Qwen3-4B-Instruct-2507,derived_validated,
17659,at://did:plc:mht5ub4ykjuoxpux77hikixt/app.bsky.feed.post/3mu2cqwqb3u2l,did:plc:mht5ub4ykjuoxpux77hikixt,2026-08-27T07:20:36+00:00,bluesky,true,true,false,true,relevant,relevant,irrelevant,llm_v2b>llm_v2c>llm_v2d,llm_v2b@2026-09-22T06:02:28.700376+00:00,9da653163799d56c+ca3b837dd0b3e85c,user,Qwen/Qwen3-4B-Instruct-2507,derived_validated,
17707,at://did:plc:pcievrygrnjjg5ni7mjfgctb/app.bsky.feed.post/3mu26dtouok2q,did:plc:pcievrygrnjjg5ni7mjfgctb,2026-08-27T06:02:10.561000+00:00,bluesky,true,true,false,true,relevant,relevant,irrelevant,llm_v2b>llm_v2c>llm_v2d,llm_v2b@2026-09-22T06:02:28.700376+00:00,9da653163799d56c+ca3b837dd0b3e85c,user,Qwen/Qwen3-4B-Instruct-2507,derived_validated,
17743,at://did:plc:6zpzsab44xavrl46jqvba5wb/app.bsky.feed.post/3mu22pqrkhk2m,did:plc:6zpzsab44xavrl46jqvba5wb,2026-08-27T04:57:15.246000+00:00,bluesky,true,true,false,true,relevant,relevant,irrelevant,llm_v2b>llm_v2c>llm_v2d,llm_v2b@2026-09-22T06:02:28.700376+00:00,9da653163799d56c+ca3b837dd0b3e85c,user,Qwen/Qwen3-4B-Instruct-2507,derived_validated,
17755,at://did:plc:c6gcfwlgbjfxhgmfmb5flgna/app.bsky.feed.post/3mtzzbdt63432,did:plc:c6gcfwlgbjfxhgmfmb5flgna,2026-08-27T04:31:00+00:00,bluesky,true,true,false,true,relevant,relevant,irrelevant,llm_v2b>llm_v2c>llm_v2d,llm_v2b@2026-09-22T06:02:28.700376+00:00,9da653163799d56c+ca3b837dd0b3e85c,user,Qwen/Qwen3-4B-Instruct-2507,derived_validated,
17775,at://did:plc:7s4o3tuufxok4rzusbmcquc7/app.bsky.feed.post/3mtzxerz2ex2s,did:plc:7s4o3tuufxok4rzusbmcquc7,2026-08-27T03:57:26+00:00,bluesky,true,true,false,true,relevant,relevant,irrelevant,llm_v2b>llm_v2c>llm_v2d,llm_v2b@2026-09-22T06:02:28.700376+00:00,9da653163799d56c+ca3b837dd0b3e85c,user,Qwen/Qwen3-4B-Instruct-2507,derived_validated,
17785,at://did:plc:mri4qfwjhti5j4c3ob5vtudy/app.bsky.feed.post/3mtzvun3usc2t,did:plc:mri4qfwjhti5j4c3ob5vtudy,2026-08-27T03:30:30.454000+00:00,bluesky,true,true,false,true,relevant,relevant,irrelevant,llm_v2b>llm_v2c>llm_v2d,llm_v2b@2026-09-22T06:02:28.700376+00:00,9da653163799d56c+ca3b837dd0b3e85c,user,Qwen/Qwen3-4B-Instruct-2507,derived_validated,
17795,at://did:plc:4q66howsxik5tcvauhell3t7/app.bsky.feed.post/3mtzu6tgdcn25,did:plc:4q66howsxik5tcvauhell3t7,2026-08-27T03:00:24.724000+00:00,bluesky,true,true,false,true,relevant,relevant,irrelevant,llm_v2b>llm_v2c>llm_v2d,llm_v2b@2026-09-22T06:02:28.700376+00:00,9da653163799d56c+ca3b837dd0b3e85c,user,Qwen/Qwen3-4B-Instruct-2507,derived_validated,
17798,at://did:plc:tcyv5gk43e5gekr5wo3vglhl/app.bsky.feed.post/3d2n4nbofksby,did:plc:tcyv5gk43e5gekr5wo3vglhl,2026-08-27T02:52:13.417000+00:00,bluesky,true,true,false,true,relevant,relevant,irrelevant,llm_v2b>llm_v2c>llm_v2d,llm_v2b@2026-09-22T06:02:28.700376+00:00,9da653163799d56c+ca3b837dd0b3e85c,user,Qwen/Qwen3-4B-Instruct-2507,derived_validated,
17801,at://did:plc:pcievrygrnjjg5ni7mjfgctb/app.bsky.feed.post/3mtzteqamy22q,did:plc:pcievrygrnjjg5ni7mjfgctb,2026-08-27T02:45:49.340000+00:00,bluesky,true,true,false,true,relevant,relevant,irrelevant,llm_v2b>llm_v2c>llm_v2d,llm_v2b@2026-09-22T06:02:28.700376+00:00,9da653163799d56c+ca3b837dd0b3e85c,user,Qwen/Qwen3-4B-Instruct-2507,derived_validated,
17810,at://did:plc:fyitqypzz6qaax7ve46hsw52/app.bsky.feed.post/3mtzskscybz26,did:plc:fyitqypzz6qaax7ve46hsw52,2026-08-27T02:31:17+00:00,bluesky,true,true,false,true,relevant,relevant,irrelevant,llm_v2b>llm_v2c>llm_v2d,llm_v2b@2026-09-22T06:02:28.700376+00:00,9da653163799d56c+ca3b837dd0b3e85c,user,Qwen/Qwen3-4B-Instruct-2507,derived_validated,
17827,at://did:plc:3ybzhqb74trbfer7pt2sttj6/app.bsky.feed.post/3mtzpqbcxwk2q,did:plc:3ybzhqb74trbfer7pt2sttj6,2026-08-27T01:40:41.425000+00:00,bluesky,true,true,true,true,relevant,relevant,relevant,llm_v2b>llm_v2c>llm_v2d,llm_v2b@2026-09-22T06:02:28.700376+00:00,9da653163799d56c+ca3b837dd0b3e85c,user,Qwen/Qwen3-4B-Instruct-2507,derived_validated,
17851,at://did:plc:adqj5c4v4yh7kbpag2p4jej4/app.bsky.feed.post/3mtznvqe6ts2k,did:plc:adqj5c4v4yh7kbpag2p4jej4,2026-08-27T01:07:57.489000+00:00,bluesky,true,true,false,true,relevant,relevant,irrelevant,llm_v2b>llm_v2c>llm_v2d,llm_v2b@2026-09-22T06:02:28.700376+00:00,9da653163799d56c+ca3b837dd0b3e85c,user,Qwen/Qwen3-4B-Instruct-2507,derived_validated,
17913,at://did:plc:dn242yln2biooe6qkd237tqd/app.bsky.feed.post/3mu3hw3eso623,did:plc:dn242yln2biooe6qkd237tqd,2026-08-27T18:26:05.860000+00:00,bluesky,true,true,false,true,relevant,relevant,irrelevant,llm_v2b>llm_v2c>llm_v2d,llm_v2b@2026-09-22T06:02:28.700376+00:00,9da653163799d56c+ca3b837dd0b3e85c,user,Qwen/Qwen3-4B-Instruct-2507,derived_validated,
17915,at://did:plc:sh5mqvi2hcwqznpw3eo6f7ou/app.bsky.feed.post/3mu3hlpdlg22d,did:plc:sh5mqvi2hcwqznpw3eo6f7ou,2026-08-27T18:20:17.905000+00:00,bluesky,false,false,true,true,irrelevant,irrelevant,relevant,llm_v2b>llm_v2c>llm_v2d,,,,,deterministic_rules,
17918,at://did:plc:sh5mqvi2hcwqznpw3eo6f7ou/app.bsky.feed.post/3mu3hhspwwc2d,did:plc:sh5mqvi2hcwqznpw3eo6f7ou,2026-08-27T18:18:07.237000+00:00,bluesky,false,false,true,true,irrelevant,irrelevant,relevant,llm_v2b>llm_v2c>llm_v2d,,,,,deterministic_rules,
18039,at://did:plc:hqk5ndycoqsvcrrddnai2nda/app.bsky.feed.post/3mu27mepxrc2h,did:plc:hqk5ndycoqsvcrrddnai2nda,2026-08-27T06:24:50.655000+00:00,bluesky,true,true,false,true,relevant,relevant,irrelevant,llm_v2b>llm_v2c>llm_v2d,llm_v2b@2026-09-22T06:02:28.700376+00:00,9da653163799d56c+ca3b837dd0b3e85c,user,Qwen/Qwen3-4B-Instruct-2507,derived_validated,
18133,at://did:plc:q7ayyhtst4out25hdmnxluhf/app.bsky.feed.post/3mu37hi4sxk2q,did:plc:q7ayyhtst4out25hdmnxluhf,2026-08-27T15:54:46.188000+00:00,bluesky,true,true,true,true,relevant,relevant,relevant,llm_v2b>llm_v2c>llm_v2d,llm_v2b@2026-09-22T06:02:28.700376+00:00,9da653163799d56c+ca3b837dd0b3e85c,user,Qwen/Qwen3-4B-Instruct-2507,derived_validated,
18144,at://did:plc:3bcgtuzoncyxfk2igdhwofh5/app.bsky.feed.post/3mu36wiwv7i2q,did:plc:3bcgtuzoncyxfk2igdhwofh5,2026-08-27T15:45:16.575000+00:00,bluesky,false,false,true,true,irrelevant,irrelevant,relevant,llm_v2b>llm_v2c>llm_v2d,,,,,deterministic_rules,
18166,at://did:plc:4c76hk3kyw4o6e6r5qg4oplj/app.bsky.feed.post/3mu32q5jtz32m,did:plc:4c76hk3kyw4o6e6r5qg4oplj,2026-08-27T14:30:08.347473+00:00,bluesky,true,true,false,true,relevant,relevant,irrelevant,llm_v2b>llm_v2c>llm_v2d,llm_v2b@2026-09-22T06:02:28.700376+00:00,9da653163799d56c+ca3b837dd0b3e85c,user,Qwen/Qwen3-4B-Instruct-2507,derived_validated,
18608,at://did:plc:uzw7pdww67nmiypacoupekik/app.bsky.feed.post/3mu3xailwrs2t,did:plc:uzw7pdww67nmiypacoupekik,2026-08-27T23:00:20.348000+00:00,bluesky,true,true,false,true,relevant,relevant,irrelevant,llm_v2b>llm_v2c>llm_v2d,llm_v2b@2026-09-22T06:02:28.700376+00:00,9da653163799d56c+ca3b837dd0b3e85c,user,Qwen/Qwen3-4B-Instruct-2507,derived_validated,
18823,at://did:plc:nck35qfb7zw3cuhm7zee4xcr/app.bsky.feed.post/3mu33lfral22q,did:plc:nck35qfb7zw3cuhm7zee4xcr,2026-08-27T14:45:22.943000+00:00,bluesky,true,true,true,true,relevant,relevant,relevant,llm_v2b>llm_v2c>llm_v2d,llm_v2b@2026-09-22T06:02:28.700376+00:00,9da653163799d56c+ca3b837dd0b3e85c,user,Qwen/Qwen3-4B-Instruct-2507,derived_validated,
18865,at://did:plc:kpppwcenqpuxjmjztz7zwgr6/app.bsky.feed.post/3mu2v7leynk2z,did:plc:kpppwcenqpuxjmjztz7zwgr6,2026-08-27T12:51:23.751000+00:00,bluesky,false,false,true,true,irrelevant,irrelevant,relevant,llm_v2b>llm_v2c>llm_v2d,,,,,deterministic_rules,
19012,at://did:plc:sflxm2fxohaqpfgahgdlm7rl/app.bsky.feed.post/3mtzobzn2o227,did:plc:sflxm2fxohaqpfgahgdlm7rl,2026-08-27T01:14:49.868000+00:00,bluesky,true,true,false,true,relevant,relevant,irrelevant,llm_v2b>llm_v2c>llm_v2d,llm_v2b@2026-09-22T06:02:28.700376+00:00,9da653163799d56c+ca3b837dd0b3e85c,user,Qwen/Qwen3-4B-Instruct-2507,derived_validated,
19131,at://did:plc:52gy2tvytetceugz2lscwbky/app.bsky.feed.post/3mu3nhctv622s,did:plc:52gy2tvytetceugz2lscwbky,2026-08-27T20:05:13.041000+00:00,bluesky,false,false,true,true,irrelevant,irrelevant,relevant,llm_v2b>llm_v2c>llm_v2d,,,,,deterministic_rules,
19173,at://did:plc:u6celkmubfsmbus5m3aqcrla/app.bsky.feed.post/3mu2ichffcj24,did:plc:u6celkmubfsmbus5m3aqcrla,2026-08-27T09:00:21+00:00,bluesky,true,true,false,true,relevant,relevant,irrelevant,llm_v2b>llm_v2c>llm_v2d,llm_v2b@2026-09-22T06:02:28.700376+00:00,9da653163799d56c+ca3b837dd0b3e85c,user,Qwen/Qwen3-4B-Instruct-2507,derived_validated,
19180,at://did:plc:pcievrygrnjjg5ni7mjfgctb/app.bsky.feed.post/3mtzqhy4bv22q,did:plc:pcievrygrnjjg5ni7mjfgctb,2026-08-27T01:53:57.026000+00:00,bluesky,true,true,false,true,relevant,relevant,irrelevant,llm_v2b>llm_v2c>llm_v2d,llm_v2b@2026-09-22T06:02:28.700376+00:00,9da653163799d56c+ca3b837dd0b3e85c,user,Qwen/Qwen3-4B-Instruct-2507,derived_validated,
19183,at://did:plc:35ik6jgzsfh66jv5xrvcq6ke/app.bsky.feed.post/3mtzkobvgrt2j,did:plc:35ik6jgzsfh66jv5xrvcq6ke,2026-08-27T00:10:02.553672+00:00,bluesky,true,true,false,true,relevant,relevant,irrelevant,llm_v2b>llm_v2c>llm_v2d,llm_v2b@2026-09-22T06:02:28.700376+00:00,9da653163799d56c+ca3b837dd0b3e85c,user,Qwen/Qwen3-4B-Instruct-2507,derived_validated,
19293,at://did:plc:b4hsb7vjvxydr6len3d3gyic/app.bsky.feed.post/3mu36h6ufgs2j,did:plc:b4hsb7vjvxydr6len3d3gyic,2026-08-27T15:36:42.736000+00:00,bluesky,true,true,false,true,relevant,relevant,irrelevant,llm_v2b>llm_v2c>llm_v2d,llm_v2b@2026-09-22T06:02:28.700376+00:00,9da653163799d56c+ca3b837dd0b3e85c,user,Qwen/Qwen3-4B-Instruct-2507,derived_validated,
19294,at://did:plc:b4hsb7vjvxydr6len3d3gyic/app.bsky.feed.post/3mu36cuzh2c2j,did:plc:b4hsb7vjvxydr6len3d3gyic,2026-08-27T15:34:18.198000+00:00,bluesky,true,true,false,true,relevant,relevant,irrelevant,llm_v2b>llm_v2c>llm_v2d,llm_v2b@2026-09-22T06:02:28.700376+00:00,9da653163799d56c+ca3b837dd0b3e85c,user,Qwen/Qwen3-4B-Instruct-2507,derived_validated,
19304,at://did:plc:xvo7gsaojuuuxc6rlw374pls/app.bsky.feed.post/3mu2idn7jfc2v,did:plc:xvo7gsaojuuuxc6rlw374pls,2026-08-27T09:01:01.158624+00:00,bluesky,false,false,true,true,irrelevant,irrelevant,relevant,llm_v2b>llm_v2c>llm_v2d,,,,,deterministic_rules,
19318,at://did:plc:a3ao5kas7dyi5ooog5saz2ko/app.bsky.feed.post/3mu423j4mev27,did:plc:a3ao5kas7dyi5ooog5saz2ko,2026-08-27T23:51:15.519000+00:00,bluesky,true,true,false,true,relevant,relevant,irrelevant,llm_v2b>llm_v2c>llm_v2d,llm_v2b@2026-09-22T06:02:28.700376+00:00,9da653163799d56c+ca3b837dd0b3e85c,user,Qwen/Qwen3-4B-Instruct-2507,derived_validated,
19319,at://did:plc:a3ao5kas7dyi5ooog5saz2ko/app.bsky.feed.post/3mu423ilg5v2r,did:plc:a3ao5kas7dyi5ooog5saz2ko,2026-08-27T23:51:14.820000+00:00,bluesky,true,true,false,true,relevant,relevant,irrelevant,llm_v2b>llm_v2c>llm_v2d,llm_v2b@2026-09-22T06:02:28.700376+00:00,9da653163799d56c+ca3b837dd0b3e85c,user,Qwen/Qwen3-4B-Instruct-2507,derived_validated,
19443,at://did:plc:gaaaznpou42avtsc34n477o4/app.bsky.feed.post/3mu3flghl522l,did:plc:gaaaznpou42avtsc34n477o4,2026-08-27T17:44:21.045000+00:00,bluesky,true,true,false,true,relevant,relevant,irrelevant,llm_v2b>llm_v2c>llm_v2d,llm_v2b@2026-09-22T06:02:28.700376+00:00,9da653163799d56c+ca3b837dd0b3e85c,user,Qwen/Qwen3-4B-Instruct-2507,derived_validated,
19471,at://did:plc:gaaaznpou42avtsc34n477o4/app.bsky.feed.post/3mu3bu6l2hy2a,did:plc:gaaaznpou42avtsc34n477o4,2026-08-27T16:37:39.762000+00:00,bluesky,true,true,false,true,relevant,relevant,irrelevant,llm_v2b>llm_v2c>llm_v2d,llm_v2b@2026-09-22T06:02:28.700376+00:00,9da653163799d56c+ca3b837dd0b3e85c,user,Qwen/Qwen3-4B-Instruct-2507,derived_validated,
19491,at://did:plc:dn242yln2biooe6qkd237tqd/app.bsky.feed.post/3mu37cv3mrt2h,did:plc:dn242yln2biooe6qkd237tqd,2026-08-27T15:52:11.820000+00:00,bluesky,true,true,false,true,relevant,relevant,irrelevant,llm_v2b>llm_v2c>llm_v2d,llm_v2b@2026-09-22T06:02:28.700376+00:00,9da653163799d56c+ca3b837dd0b3e85c,user,Qwen/Qwen3-4B-Instruct-2507,derived_validated,
19492,at://did:plc:dn242yln2biooe6qkd237tqd/app.bsky.feed.post/3mu37cu5kwk24,did:plc:dn242yln2biooe6qkd237tqd,2026-08-27T15:52:10.941000+00:00,bluesky,true,true,false,true,relevant,relevant,irrelevant,llm_v2b>llm_v2c>llm_v2d,llm_v2b@2026-09-22T06:02:28.700376+00:00,9da653163799d56c+ca3b837dd0b3e85c,user,Qwen/Qwen3-4B-Instruct-2507,derived_validated,
19493,at://did:plc:dn242yln2biooe6qkd237tqd/app.bsky.feed.post/3mu37ctbaok24,did:plc:dn242yln2biooe6qkd237tqd,2026-08-27T15:52:09.804000+00:00,bluesky,true,true,false,true,relevant,relevant,irrelevant,llm_v2b>llm_v2c>llm_v2d,llm_v2b@2026-09-22T06:02:28.700376+00:00,9da653163799d56c+ca3b837dd0b3e85c,user,Qwen/Qwen3-4B-Instruct-2507,derived_validated,
19494,at://did:plc:dn242yln2biooe6qkd237tqd/app.bsky.feed.post/3mu37csh7472l,did:plc:dn242yln2biooe6qkd237tqd,2026-08-27T15:52:09.033000+00:00,bluesky,true,true,false,true,relevant,relevant,irrelevant,llm_v2b>llm_v2c>llm_v2d,llm_v2b@2026-09-22T06:02:28.700376+00:00,9da653163799d56c+ca3b837dd0b3e85c,user,Qwen/Qwen3-4B-Instruct-2507,derived_validated,
19495,at://did:plc:dn242yln2biooe6qkd237tqd/app.bsky.feed.post/3mu37crzlhl2x,did:plc:dn242yln2biooe6qkd237tqd,2026-08-27T15:52:08.609000+00:00,bluesky,true,true,false,true,relevant,relevant,irrelevant,llm_v2b>llm_v2c>llm_v2d,llm_v2b@2026-09-22T06:02:28.700376+00:00,9da653163799d56c+ca3b837dd0b3e85c,user,Qwen/Qwen3-4B-Instruct-2507,derived_validated,
19504,at://did:plc:gf2kf7hzq524kg3v5esrvtzi/app.bsky.feed.post/3mu34tpknhs2s,did:plc:gf2kf7hzq524kg3v5esrvtzi,2026-08-27T15:07:54.669000+00:00,bluesky,true,true,false,true,relevant,relevant,irrelevant,llm_v2b>llm_v2c>llm_v2d,llm_v2b@2026-09-22T06:02:28.700376+00:00,9da653163799d56c+ca3b837dd0b3e85c,user,Qwen/Qwen3-4B-Instruct-2507,derived_validated,
19545,at://did:plc:4daagiezglabeoyaj3c4lnol/app.bsky.feed.post/3mu2uukul3a2b,did:plc:4daagiezglabeoyaj3c4lnol,2026-08-27T12:45:13+00:00,bluesky,true,true,false,true,relevant,relevant,irrelevant,llm_v2b>llm_v2c>llm_v2d,llm_v2b@2026-09-22T06:02:28.700376+00:00,9da653163799d56c+ca3b837dd0b3e85c,user,Qwen/Qwen3-4B-Instruct-2507,derived_validated,
19575,at://did:plc:u6celkmubfsmbus5m3aqcrla/app.bsky.feed.post/3mu2rjk76b32b,did:plc:u6celkmubfsmbus5m3aqcrla,2026-08-27T11:45:22+00:00,bluesky,true,true,false,true,relevant,relevant,irrelevant,llm_v2b>llm_v2c>llm_v2d,llm_v2b@2026-09-22T06:02:28.700376+00:00,9da653163799d56c+ca3b837dd0b3e85c,user,Qwen/Qwen3-4B-Instruct-2507,derived_validated,
19626,at://did:plc:lxhxi7ucecv4e2kxbenxgz5c/app.bsky.feed.post/3mu2ln6r2rr2s,did:plc:lxhxi7ucecv4e2kxbenxgz5c,2026-08-27T10:00:02.729264+00:00,bluesky,true,true,false,true,relevant,relevant,irrelevant,llm_v2b>llm_v2c>llm_v2d,llm_v2b@2026-09-22T06:02:28.700376+00:00,9da653163799d56c+ca3b837dd0b3e85c,user,Qwen/Qwen3-4B-Instruct-2507,derived_validated,
19691,at://did:plc:pcievrygrnjjg5ni7mjfgctb/app.bsky.feed.post/3mu2cwgzv7c2q,did:plc:pcievrygrnjjg5ni7mjfgctb,2026-08-27T07:24:09.791000+00:00,bluesky,true,true,false,true,relevant,relevant,irrelevant,llm_v2b>llm_v2c>llm_v2d,llm_v2b@2026-09-22T06:02:28.700376+00:00,9da653163799d56c+ca3b837dd0b3e85c,user,Qwen/Qwen3-4B-Instruct-2507,derived_validated,
19714,at://did:plc:zhe53h7ajlloep2oso5pqxzj/app.bsky.feed.post/3mu2ahkmpqj24,did:plc:zhe53h7ajlloep2oso5pqxzj,2026-08-27T06:40:01+00:00,bluesky,true,true,false,true,relevant,relevant,irrelevant,llm_v2b>llm_v2c>llm_v2d,llm_v2b@2026-09-22T06:02:28.700376+00:00,9da653163799d56c+ca3b837dd0b3e85c,user,Qwen/Qwen3-4B-Instruct-2507,derived_validated,
19725,at://did:plc:zhe53h7ajlloep2oso5pqxzj/app.bsky.feed.post/3mu27dswksq2m,did:plc:zhe53h7ajlloep2oso5pqxzj,2026-08-27T06:20:01+00:00,bluesky,true,true,false,true,relevant,relevant,irrelevant,llm_v2b>llm_v2c>llm_v2d,llm_v2b@2026-09-22T06:02:28.700376+00:00,9da653163799d56c+ca3b837dd0b3e85c,user,Qwen/Qwen3-4B-Instruct-2507,derived_validated,
19750,at://did:plc:2pgnv3aw5dhgz47345v5nfpu/app.bsky.feed.post/3mu23of2xaf2c,did:plc:2pgnv3aw5dhgz47345v5nfpu,2026-08-27T05:14:23.081368+00:00,bluesky,true,true,false,true,relevant,relevant,irrelevant,llm_v2b>llm_v2c>llm_v2d,llm_v2b@2026-09-22T06:02:28.700376+00:00,9da653163799d56c+ca3b837dd0b3e85c,user,Qwen/Qwen3-4B-Instruct-2507,derived_validated,
19874,at://did:plc:ntxklgzhav3ilrmci2it5dux/app.bsky.feed.post/3mu2yeywstk24,did:plc:ntxklgzhav3ilrmci2it5dux,2026-08-27T13:48:06.712000+00:00,bluesky,true,true,false,true,relevant,relevant,irrelevant,llm_v2b>llm_v2c>llm_v2d,llm_v2b@2026-09-22T06:02:28.700376+00:00,9da653163799d56c+ca3b837dd0b3e85c,user,Qwen/Qwen3-4B-Instruct-2507,derived_validated,
19952,at://did:plc:7rpgppbgqhm7lkleqnn5n7bh/app.bsky.feed.post/3mu3qlscpjg2h,did:plc:7rpgppbgqhm7lkleqnn5n7bh,2026-08-27T21:01:24+00:00,bluesky,true,true,false,true,relevant,relevant,irrelevant,llm_v2b>llm_v2c>llm_v2d,llm_v2b@2026-09-22T06:02:28.700376+00:00,9da653163799d56c+ca3b837dd0b3e85c,user,Qwen/Qwen3-4B-Instruct-2507,derived_validated,
20001,at://did:plc:lfigqajdyp4lfjzfwozjtlot/app.bsky.feed.post/3mtzvm37ewk2z,did:plc:lfigqajdyp4lfjzfwozjtlot,2026-08-27T03:25:43.259000+00:00,bluesky,true,true,false,true,relevant,relevant,irrelevant,llm_v2b>llm_v2c>llm_v2d,llm_v2b@2026-09-22T06:02:28.700376+00:00,9da653163799d56c+ca3b837dd0b3e85c,user,Qwen/Qwen3-4B-Instruct-2507,derived_validated,
20100,at://did:plc:whm7oe6jmfxzbux3qdczjzkd/app.bsky.feed.post/3mu3po7hyec2f,did:plc:whm7oe6jmfxzbux3qdczjzkd,2026-08-27T20:44:51.853000+00:00,bluesky,true,true,false,true,relevant,relevant,irrelevant,llm_v2b>llm_v2c>llm_v2d,llm_v2b@2026-09-22T06:02:28.700376+00:00,9da653163799d56c+ca3b837dd0b3e85c,user,Qwen/Qwen3-4B-Instruct-2507,derived_validated,
20104,at://did:plc:c7boxmqpjv4wrutpuocir7ss/app.bsky.feed.post/3mu3h7vtn4v2x,did:plc:c7boxmqpjv4wrutpuocir7ss,2026-08-27T18:13:41.964438+00:00,bluesky,true,true,false,true,relevant,relevant,irrelevant,llm_v2b>llm_v2c>llm_v2d,llm_v2b@2026-09-22T06:02:28.700376+00:00,9da653163799d56c+ca3b837dd0b3e85c,user,Qwen/Qwen3-4B-Instruct-2507,derived_validated,
20112,at://did:plc:kzmukwaf72iwepygposicgt3/app.bsky.feed.post/3mu37lh47x22w,did:plc:kzmukwaf72iwepygposicgt3,2026-08-27T15:46:03+00:00,bluesky,true,true,false,true,relevant,relevant,irrelevant,llm_v2b>llm_v2c>llm_v2d,llm_v2b@2026-09-22T06:02:28.700376+00:00,9da653163799d56c+ca3b837dd0b3e85c,user,Qwen/Qwen3-4B-Instruct-2507,derived_validated,
20117,at://did:plc:pu4dpzlp6vjxwy2wi62dtihl/app.bsky.feed.post/3mu34hkdp4w2l,did:plc:pu4dpzlp6vjxwy2wi62dtihl,2026-08-27T15:01:07.255771+00:00,bluesky,true,true,true,true,relevant,relevant,relevant,llm_v2b>llm_v2c>llm_v2d,llm_v2b@2026-09-22T06:02:28.700376+00:00,9da653163799d56c+ca3b837dd0b3e85c,user,Qwen/Qwen3-4B-Instruct-2507,derived_validated,
20145,at://did:plc:pu4dpzlp6vjxwy2wi62dtihl/app.bsky.feed.post/3mu2vlegg6j2q,did:plc:pu4dpzlp6vjxwy2wi62dtihl,2026-08-27T12:57:59.068390+00:00,bluesky,true,true,false,true,relevant,relevant,irrelevant,llm_v2b>llm_v2c>llm_v2d,llm_v2b@2026-09-22T06:02:28.700376+00:00,9da653163799d56c+ca3b837dd0b3e85c,user,Qwen/Qwen3-4B-Instruct-2507,derived_validated,
20146,at://did:plc:7qlw6gig76xhkjjkxl35xpxe/app.bsky.feed.post/3mu2vd6gq3c2e,did:plc:7qlw6gig76xhkjjkxl35xpxe,2026-08-27T12:53:24.393000+00:00,bluesky,true,true,false,true,relevant,relevant,irrelevant,llm_v2b>llm_v2c>llm_v2d,llm_v2b@2026-09-22T06:02:28.700376+00:00,9da653163799d56c+ca3b837dd0b3e85c,user,Qwen/Qwen3-4B-Instruct-2507,derived_validated,
20149,at://did:plc:ypp7zqf2xdwipapchoia63fu/app.bsky.feed.post/3mu2utrmudk2p,did:plc:ypp7zqf2xdwipapchoia63fu,2026-08-27T12:44:47.644000+00:00,bluesky,true,true,false,true,relevant,relevant,irrelevant,llm_v2b>llm_v2c>llm_v2d,llm_v2b@2026-09-22T06:02:28.700376+00:00,9da653163799d56c+ca3b837dd0b3e85c,user,Qwen/Qwen3-4B-Instruct-2507,derived_validated,
20159,at://did:plc:ubmwhozfqxhazdftk5hmshqg/app.bsky.feed.post/3mu2jkddrdk2z,did:plc:ubmwhozfqxhazdftk5hmshqg,2026-08-27T09:22:39.518000+00:00,bluesky,true,true,false,true,relevant,relevant,irrelevant,llm_v2b>llm_v2c>llm_v2d,llm_v2b@2026-09-22T06:02:28.700376+00:00,9da653163799d56c+ca3b837dd0b3e85c,user,Qwen/Qwen3-4B-Instruct-2507,derived_validated,
20275,at://did:plc:2mgpf44nirnudyjapkzsymu2/app.bsky.feed.post/3mu66jyz3rk25,did:plc:2mgpf44nirnudyjapkzsymu2,2026-08-28T20:16:16.283000+00:00,bluesky,true,true,false,true,relevant,relevant,irrelevant,llm_v2b>llm_v2c>llm_v2d,llm_v2b@2026-09-22T06:02:28.700376+00:00,9da653163799d56c+ca3b837dd0b3e85c,user,Qwen/Qwen3-4B-Instruct-2507,derived_validated,
20285,at://did:plc:u5d54hkw4ysuqtuvcj6cmsin/app.bsky.feed.post/3mu65nnyxgi2q,did:plc:u5d54hkw4ysuqtuvcj6cmsin,2026-08-28T20:00:25.361285+00:00,bluesky,true,true,true,true,relevant,relevant,relevant,llm_v2b>llm_v2c>llm_v2d,llm_v2b@2026-09-22T06:02:28.700376+00:00,9da653163799d56c+ca3b837dd0b3e85c,user,Qwen/Qwen3-4B-Instruct-2507,derived_validated,
20291,at://did:plc:f233gewrunwymvpw6ymdxwrv/app.bsky.feed.post/3mu62rc2sns2m,did:plc:f233gewrunwymvpw6ymdxwrv,2026-08-28T19:08:45.883000+00:00,bluesky,true,true,false,true,relevant,relevant,irrelevant,llm_v2b>llm_v2c>llm_v2d,llm_v2b@2026-09-22T06:02:28.700376+00:00,9da653163799d56c+ca3b837dd0b3e85c,user,Qwen/Qwen3-4B-Instruct-2507,derived_validated,
20298,at://did:plc:ajsoek6v2cjb22cpkyld465y/app.bsky.feed.post/3mu5z25tp6k2t,did:plc:ajsoek6v2cjb22cpkyld465y,2026-08-28T18:37:55.961000+00:00,bluesky,true,true,false,true,relevant,relevant,irrelevant,llm_v2b>llm_v2c>llm_v2d,llm_v2b@2026-09-22T06:02:28.700376+00:00,9da653163799d56c+ca3b837dd0b3e85c,user,Qwen/Qwen3-4B-Instruct-2507,derived_validated,
20412,at://did:plc:gdqumykkptobwxvtvg352i5b/app.bsky.feed.post/3mu5lacf47gx2,did:plc:gdqumykkptobwxvtvg352i5b,2026-08-28T14:30:03+00:00,bluesky,true,true,false,true,relevant,relevant,irrelevant,llm_v2b>llm_v2c>llm_v2d,llm_v2b@2026-09-22T06:02:28.700376+00:00,9da653163799d56c+ca3b837dd0b3e85c,user,Qwen/Qwen3-4B-Instruct-2507,derived_validated,
20459,at://did:plc:3665disgytzvbq7noakzovcu/app.bsky.feed.post/3mu5f3ow4lc22,did:plc:3665disgytzvbq7noakzovcu,2026-08-28T12:40:52.585000+00:00,bluesky,true,true,false,true,relevant,relevant,irrelevant,llm_v2b>llm_v2c>llm_v2d,llm_v2b@2026-09-22T06:02:28.700376+00:00,9da653163799d56c+ca3b837dd0b3e85c,user,Qwen/Qwen3-4B-Instruct-2507,derived_validated,
20549,at://did:plc:hh3brnksirhma2rymwtpnp5w/app.bsky.feed.post/3mu4hn2phqq2p,did:plc:hh3brnksirhma2rymwtpnp5w,2026-08-28T03:53:42.876392+00:00,bluesky,true,true,false,true,relevant,relevant,irrelevant,llm_v2b>llm_v2c>llm_v2d,llm_v2b@2026-09-22T06:02:28.700376+00:00,9da653163799d56c+ca3b837dd0b3e85c,user,Qwen/Qwen3-4B-Instruct-2507,derived_validated,
20562,at://did:plc:gaaaznpou42avtsc34n477o4/app.bsky.feed.post/3mu4csjizn32o,did:plc:gaaaznpou42avtsc34n477o4,2026-08-28T02:27:17.567000+00:00,bluesky,true,true,false,true,relevant,relevant,irrelevant,llm_v2b>llm_v2c>llm_v2d,llm_v2b@2026-09-22T06:02:28.700376+00:00,9da653163799d56c+ca3b837dd0b3e85c,user,Qwen/Qwen3-4B-Instruct-2507,derived_validated,
20570,at://did:plc:amlt26eozi6kozdkf3b5cmht/app.bsky.feed.post/3mu45xqvfi22j,did:plc:amlt26eozi6kozdkf3b5cmht,2026-08-28T01:00:44.480000+00:00,bluesky,true,true,false,true,relevant,relevant,irrelevant,llm_v2b>llm_v2c>llm_v2d,llm_v2b@2026-09-22T06:02:28.700376+00:00,9da653163799d56c+ca3b837dd0b3e85c,user,Qwen/Qwen3-4B-Instruct-2507,derived_validated,
20593,at://did:plc:rcyoios7tmxtllyjm7jtchbm/app.bsky.feed.post/3mu67pbv6st2q,did:plc:rcyoios7tmxtllyjm7jtchbm,2026-08-28T20:37:07.282000+00:00,bluesky,true,true,false,true,relevant,relevant,irrelevant,llm_v2b>llm_v2c>llm_v2d,llm_v2b@2026-09-22T06:02:28.700376+00:00,9da653163799d56c+ca3b837dd0b3e85c,user,Qwen/Qwen3-4B-Instruct-2507,derived_validated,
20623,at://did:plc:s4lsju3rjvcm66thieayktpj/app.bsky.feed.post/3mu5x2jujch2j,did:plc:s4lsju3rjvcm66thieayktpj,2026-08-28T18:02:20.462000+00:00,bluesky,true,true,false,true,relevant,relevant,irrelevant,llm_v2b>llm_v2c>llm_v2d,llm_v2b@2026-09-22T06:02:28.700376+00:00,9da653163799d56c+ca3b837dd0b3e85c,user,Qwen/Qwen3-4B-Instruct-2507,derived_validated,
20677,at://did:plc:mht5ub4ykjuoxpux77hikixt/app.bsky.feed.post/3mu5dvaj64g2j,did:plc:mht5ub4ykjuoxpux77hikixt,2026-08-28T12:18:53+00:00,bluesky,true,true,false,true,relevant,relevant,irrelevant,llm_v2b>llm_v2c>llm_v2d,llm_v2b@2026-09-22T06:02:28.700376+00:00,9da653163799d56c+ca3b837dd0b3e85c,user,Qwen/Qwen3-4B-Instruct-2507,derived_validated,
20686,at://did:plc:i7qnmd6jc2dsjksgwkyhm6ne/app.bsky.feed.post/3mu56yaqte32j,did:plc:i7qnmd6jc2dsjksgwkyhm6ne,2026-08-28T10:51:34.548000+00:00,bluesky,true,true,false,true,relevant,relevant,irrelevant,llm_v2b>llm_v2c>llm_v2d,llm_v2b@2026-09-22T06:02:28.700376+00:00,9da653163799d56c+ca3b837dd0b3e85c,user,Qwen/Qwen3-4B-Instruct-2507,derived_validated,
20720,at://did:plc:pcievrygrnjjg5ni7mjfgctb/app.bsky.feed.post/3mu4kaddefs2q,did:plc:pcievrygrnjjg5ni7mjfgctb,2026-08-28T04:40:17.125000+00:00,bluesky,true,true,false,true,relevant,relevant,irrelevant,llm_v2b>llm_v2c>llm_v2d,llm_v2b@2026-09-22T06:02:28.700376+00:00,9da653163799d56c+ca3b837dd0b3e85c,user,Qwen/Qwen3-4B-Instruct-2507,derived_validated,
20858,at://did:plc:lc6hdhnjkgccd6ysi7e23pll/app.bsky.feed.post/3mu6bskfs7o2v,did:plc:lc6hdhnjkgccd6ysi7e23pll,2026-08-28T21:14:44.023933+00:00,bluesky,true,true,false,true,relevant,relevant,irrelevant,llm_v2b>llm_v2c>llm_v2d,llm_v2b@2026-09-22T06:02:28.700376+00:00,9da653163799d56c+ca3b837dd0b3e85c,user,Qwen/Qwen3-4B-Instruct-2507,derived_validated,
20891,at://did:plc:u6celkmubfsmbus5m3aqcrla/app.bsky.feed.post/3mu5sqz4zym2e,did:plc:u6celkmubfsmbus5m3aqcrla,2026-08-28T16:45:26+00:00,bluesky,true,true,false,true,relevant,relevant,irrelevant,llm_v2b>llm_v2c>llm_v2d,llm_v2b@2026-09-22T06:02:28.700376+00:00,9da653163799d56c+ca3b837dd0b3e85c,user,Qwen/Qwen3-4B-Instruct-2507,derived_validated,
21174,at://did:plc:pcievrygrnjjg5ni7mjfgctb/app.bsky.feed.post/3mu63sbj5xc25,did:plc:pcievrygrnjjg5ni7mjfgctb,2026-08-28T19:27:12.544000+00:00,bluesky,true,true,false,true,relevant,relevant,irrelevant,llm_v2b>llm_v2c>llm_v2d,llm_v2b@2026-09-22T06:02:28.700376+00:00,9da653163799d56c+ca3b837dd0b3e85c,user,Qwen/Qwen3-4B-Instruct-2507,derived_validated,
21226,at://did:plc:3dzlsh22j3qywv4f7a3jg6da/app.bsky.feed.post/3mu5x2j7oxp2z,did:plc:3dzlsh22j3qywv4f7a3jg6da,2026-08-28T18:02:20.226000+00:00,bluesky,false,false,true,true,irrelevant,irrelevant,relevant,llm_v2b>llm_v2c>llm_v2d,,,,,deterministic_rules,
21272,at://did:plc:fyitqypzz6qaax7ve46hsw52/app.bsky.feed.post/3mu5thkq6ga2y,did:plc:fyitqypzz6qaax7ve46hsw52,2026-08-28T16:58:01+00:00,bluesky,true,true,false,true,relevant,relevant,irrelevant,llm_v2b>llm_v2c>llm_v2d,llm_v2b@2026-09-22T06:02:28.700376+00:00,9da653163799d56c+ca3b837dd0b3e85c,user,Qwen/Qwen3-4B-Instruct-2507,derived_validated,
21310,at://did:plc:3dzlsh22j3qywv4f7a3jg6da/app.bsky.feed.post/3mu5qhfwzjr27,did:plc:3dzlsh22j3qywv4f7a3jg6da,2026-08-28T16:04:16.781000+00:00,bluesky,true,true,true,true,relevant,relevant,relevant,llm_v2b>llm_v2c>llm_v2d,llm_v2b@2026-09-22T06:02:28.700376+00:00,9da653163799d56c+ca3b837dd0b3e85c,user,Qwen/Qwen3-4B-Instruct-2507,derived_validated,
21392,at://did:plc:cxr7oq74ra2npdt3k7fxzcsv/app.bsky.feed.post/3mu5kivw4bb2u,did:plc:cxr7oq74ra2npdt3k7fxzcsv,2026-08-28T14:17:44.753959+00:00,bluesky,true,true,false,true,relevant,relevant,irrelevant,llm_v2b>llm_v2c>llm_v2d,llm_v2b@2026-09-22T06:02:28.700376+00:00,9da653163799d56c+ca3b837dd0b3e85c,user,Qwen/Qwen3-4B-Instruct-2507,derived_validated,
21426,at://did:plc:mht5ub4ykjuoxpux77hikixt/app.bsky.feed.post/3mu5j3um2372s,did:plc:mht5ub4ykjuoxpux77hikixt,2026-08-28T13:52:33.327000+00:00,bluesky,true,true,false,true,relevant,relevant,irrelevant,llm_v2b>llm_v2c>llm_v2d,llm_v2b@2026-09-22T06:02:28.700376+00:00,9da653163799d56c+ca3b837dd0b3e85c,user,Qwen/Qwen3-4B-Instruct-2507,derived_validated,
21458,at://did:plc:sfajlkmreyoot2etotf2y4xt/app.bsky.feed.post/3mu5gz4w7ug2a,did:plc:sfajlkmreyoot2etotf2y4xt,2026-08-28T13:15:12.775152+00:00,bluesky,true,true,false,true,relevant,relevant,irrelevant,llm_v2b>llm_v2c>llm_v2d,llm_v2b@2026-09-22T06:02:28.700376+00:00,9da653163799d56c+ca3b837dd0b3e85c,user,Qwen/Qwen3-4B-Instruct-2507,derived_validated,
21486,at://did:plc:mri4qfwjhti5j4c3ob5vtudy/app.bsky.feed.post/3mu5ffdan3s2j,did:plc:mri4qfwjhti5j4c3ob5vtudy,2026-08-28T12:46:15.891000+00:00,bluesky,true,true,false,true,relevant,relevant,irrelevant,llm_v2b>llm_v2c>llm_v2d,llm_v2b@2026-09-22T06:02:28.700376+00:00,9da653163799d56c+ca3b837dd0b3e85c,user,Qwen/Qwen3-4B-Instruct-2507,derived_validated,
21606,at://did:plc:rvoxhqgtxnzlmxcdtjdhusu3/app.bsky.feed.post/3mu545bo4wp2a,did:plc:rvoxhqgtxnzlmxcdtjdhusu3,2026-08-28T10:00:42.102000+00:00,bluesky,true,true,false,true,relevant,relevant,irrelevant,llm_v2b>llm_v2c>llm_v2d,llm_v2b@2026-09-22T06:02:28.700376+00:00,9da653163799d56c+ca3b837dd0b3e85c,user,Qwen/Qwen3-4B-Instruct-2507,derived_validated,
21702,at://did:plc:w7gfdjupkoci2x65czgxqbp2/app.bsky.feed.post/3mu4sd6acnp2l,did:plc:w7gfdjupkoci2x65czgxqbp2,2026-08-28T07:05:02.415000+00:00,bluesky,true,true,false,true,relevant,relevant,irrelevant,llm_v2b>llm_v2c>llm_v2d,llm_v2b@2026-09-22T06:02:28.700376+00:00,9da653163799d56c+ca3b837dd0b3e85c,user,Qwen/Qwen3-4B-Instruct-2507,derived_validated,
21711,at://did:plc:tcyv5gk43e5gekr5wo3vglhl/app.bsky.feed.post/jmndukdmupysb,did:plc:tcyv5gk43e5gekr5wo3vglhl,2026-08-28T06:57:29.126000+00:00,bluesky,true,true,false,true,relevant,relevant,irrelevant,llm_v2b>llm_v2c>llm_v2d,llm_v2b@2026-09-22T06:02:28.700376+00:00,9da653163799d56c+ca3b837dd0b3e85c,user,Qwen/Qwen3-4B-Instruct-2507,derived_validated,
21772,at://did:plc:rvoxhqgtxnzlmxcdtjdhusu3/app.bsky.feed.post/3mu4leumapk2h,did:plc:rvoxhqgtxnzlmxcdtjdhusu3,2026-08-28T05:00:43.230000+00:00,bluesky,true,true,false,true,relevant,relevant,irrelevant,llm_v2b>llm_v2c>llm_v2d,llm_v2b@2026-09-22T06:02:28.700376+00:00,9da653163799d56c+ca3b837dd0b3e85c,user,Qwen/Qwen3-4B-Instruct-2507,derived_validated,
21845,at://did:plc:7s4o3tuufxok4rzusbmcquc7/app.bsky.feed.post/3mu4dd5526h2q,did:plc:7s4o3tuufxok4rzusbmcquc7,2026-08-28T02:36:34+00:00,bluesky,true,true,false,true,relevant,relevant,irrelevant,llm_v2b>llm_v2c>llm_v2d,llm_v2b@2026-09-22T06:02:28.700376+00:00,9da653163799d56c+ca3b837dd0b3e85c,user,Qwen/Qwen3-4B-Instruct-2507,derived_validated,
21871,at://did:plc:fyitqypzz6qaax7ve46hsw52/app.bsky.feed.post/3mu4bku5rio2u,did:plc:fyitqypzz6qaax7ve46hsw52,2026-08-28T02:05:05+00:00,bluesky,true,true,false,true,relevant,relevant,irrelevant,llm_v2b>llm_v2c>llm_v2d,llm_v2b@2026-09-22T06:02:28.700376+00:00,9da653163799d56c+ca3b837dd0b3e85c,user,Qwen/Qwen3-4B-Instruct-2507,derived_validated,
21881,at://did:plc:fyitqypzz6qaax7ve46hsw52/app.bsky.feed.post/3mu4ad7sm5t2u,did:plc:fyitqypzz6qaax7ve46hsw52,2026-08-28T01:42:55+00:00,bluesky,true,true,false,true,relevant,relevant,irrelevant,llm_v2b>llm_v2c>llm_v2d,llm_v2b@2026-09-22T06:02:28.700376+00:00,9da653163799d56c+ca3b837dd0b3e85c,user,Qwen/Qwen3-4B-Instruct-2507,derived_validated,
21970,at://did:plc:36i3w2wdhnj3te7s6pi7tovh/app.bsky.feed.post/3mu52ijqj7k22,did:plc:36i3w2wdhnj3te7s6pi7tovh,2026-08-28T09:31:12.207000+00:00,bluesky,true,true,true,true,relevant,relevant,relevant,llm_v2b>llm_v2c>llm_v2d,llm_v2b@2026-09-22T06:02:28.700376+00:00,9da653163799d56c+ca3b837dd0b3e85c,user,Qwen/Qwen3-4B-Instruct-2507,derived_validated,
21977,at://did:plc:rksvwvgrequjtwspnrl5wvkq/app.bsky.feed.post/3mu4ixkmstc2u,did:plc:rksvwvgrequjtwspnrl5wvkq,2026-08-28T04:17:26.635000+00:00,bluesky,true,true,false,true,relevant,relevant,irrelevant,llm_v2b>llm_v2c>llm_v2d,llm_v2b@2026-09-22T06:02:28.700376+00:00,9da653163799d56c+ca3b837dd0b3e85c,user,Qwen/Qwen3-4B-Instruct-2507,derived_validated,
22011,at://did:plc:irh4h7zxcorfdagirr4mui4f/app.bsky.feed.post/3mu5z4m74ic23,did:plc:irh4h7zxcorfdagirr4mui4f,2026-08-28T18:39:18.126000+00:00,bluesky,true,true,false,true,relevant,relevant,irrelevant,llm_v2b>llm_v2c>llm_v2d,llm_v2b@2026-09-22T06:02:28.700376+00:00,9da653163799d56c+ca3b837dd0b3e85c,user,Qwen/Qwen3-4B-Instruct-2507,derived_validated,
22037,at://did:plc:u6celkmubfsmbus5m3aqcrla/app.bsky.feed.post/3mu5pfo7vqd22,did:plc:u6celkmubfsmbus5m3aqcrla,2026-08-28T15:45:24+00:00,bluesky,true,true,false,true,relevant,relevant,irrelevant,llm_v2b>llm_v2c>llm_v2d,llm_v2b@2026-09-22T06:02:28.700376+00:00,9da653163799d56c+ca3b837dd0b3e85c,user,Qwen/Qwen3-4B-Instruct-2507,derived_validated,
22144,at://did:plc:rksvwvgrequjtwspnrl5wvkq/app.bsky.feed.post/3mu4ixmbw2c2u,did:plc:rksvwvgrequjtwspnrl5wvkq,2026-08-28T04:17:26.638000+00:00,bluesky,true,true,false,true,relevant,relevant,irrelevant,llm_v2b>llm_v2c>llm_v2d,llm_v2b@2026-09-22T06:02:28.700376+00:00,9da653163799d56c+ca3b837dd0b3e85c,user,Qwen/Qwen3-4B-Instruct-2507,derived_validated,
22237,at://did:plc:mgp7ni6bomaigwnx3yywnhua/app.bsky.feed.post/3mu5vjihynk2e,did:plc:mgp7ni6bomaigwnx3yywnhua,2026-08-28T17:34:55.462000+00:00,bluesky,true,true,false,true,relevant,relevant,irrelevant,llm_v2b>llm_v2c>llm_v2d,llm_v2b@2026-09-22T06:02:28.700376+00:00,9da653163799d56c+ca3b837dd0b3e85c,user,Qwen/Qwen3-4B-Instruct-2507,derived_validated,
22421,at://did:plc:n4qxlew5soqpts52lnszov3d/app.bsky.feed.post/3mu6d7uf2nd2o,did:plc:n4qxlew5soqpts52lnszov3d,2026-08-28T21:26:45+00:00,bluesky,true,true,false,true,relevant,relevant,irrelevant,llm_v2b>llm_v2c>llm_v2d,llm_v2b@2026-09-22T06:02:28.700376+00:00,9da653163799d56c+ca3b837dd0b3e85c,user,Qwen/Qwen3-4B-Instruct-2507,derived_validated,
22442,at://did:plc:huixmfcnw7siztf3jttosl3y/app.bsky.feed.post/3mu5wodumts2i,did:plc:huixmfcnw7siztf3jttosl3y,2026-08-28T17:55:32.145000+00:00,bluesky,true,true,false,true,relevant,relevant,irrelevant,llm_v2b>llm_v2c>llm_v2d,llm_v2b@2026-09-22T06:02:28.700376+00:00,9da653163799d56c+ca3b837dd0b3e85c,user,Qwen/Qwen3-4B-Instruct-2507,derived_validated,
22449,at://did:plc:nyt637n5cpqh3mbroptiehjh/app.bsky.feed.post/3mu5tccm3n22s,did:plc:nyt637n5cpqh3mbroptiehjh,2026-08-28T16:55:06.939000+00:00,bluesky,true,true,false,true,relevant,relevant,irrelevant,llm_v2b>llm_v2c>llm_v2d,llm_v2b@2026-09-22T06:02:28.700376+00:00,9da653163799d56c+ca3b837dd0b3e85c,user,Qwen/Qwen3-4B-Instruct-2507,derived_validated,
22519,at://did:plc:xb5dihmiw4gtxeehzkwckiuq/app.bsky.feed.post/3mu5abr335k2j,did:plc:xb5dihmiw4gtxeehzkwckiuq,2026-08-28T11:14:47.463000+00:00,bluesky,true,true,false,true,relevant,relevant,irrelevant,llm_v2b>llm_v2c>llm_v2d,llm_v2b@2026-09-22T06:02:28.700376+00:00,9da653163799d56c+ca3b837dd0b3e85c,user,Qwen/Qwen3-4B-Instruct-2507,derived_validated,
22521,at://did:plc:xb5dihmiw4gtxeehzkwckiuq/app.bsky.feed.post/3mu5a4xwbxc2j,did:plc:xb5dihmiw4gtxeehzkwckiuq,2026-08-28T11:12:06.873000+00:00,bluesky,true,true,false,true,relevant,relevant,irrelevant,llm_v2b>llm_v2c>llm_v2d,llm_v2b@2026-09-22T06:02:28.700376+00:00,9da653163799d56c+ca3b837dd0b3e85c,user,Qwen/Qwen3-4B-Instruct-2507,derived_validated,
22620,at://did:plc:3vdbfu36k4qfusl46uajvydb/app.bsky.feed.post/3mu663a3w622n,did:plc:3vdbfu36k4qfusl46uajvydb,2026-08-28T20:08:00.589000+00:00,bluesky,true,true,false,true,relevant,relevant,irrelevant,llm_v2b>llm_v2c>llm_v2d,llm_v2b@2026-09-22T06:02:28.700376+00:00,9da653163799d56c+ca3b837dd0b3e85c,user,Qwen/Qwen3-4B-Instruct-2507,derived_validated,
22660,at://did:plc:e6uqmwqxsqkgpat2nqjcaty3/app.bsky.feed.post/3mu5w5mrpas2k,did:plc:e6uqmwqxsqkgpat2nqjcaty3,2026-08-28T17:46:11.062000+00:00,bluesky,true,true,false,true,relevant,relevant,irrelevant,llm_v2b>llm_v2c>llm_v2d,llm_v2b@2026-09-22T06:02:28.700376+00:00,9da653163799d56c+ca3b837dd0b3e85c,user,Qwen/Qwen3-4B-Instruct-2507,derived_validated,
22682,at://did:plc:u6celkmubfsmbus5m3aqcrla/app.bsky.feed.post/3mu5r3afwpn2d,did:plc:u6celkmubfsmbus5m3aqcrla,2026-08-28T16:15:22+00:00,bluesky,true,true,false,true,relevant,relevant,irrelevant,llm_v2b>llm_v2c>llm_v2d,llm_v2b@2026-09-22T06:02:28.700376+00:00,9da653163799d56c+ca3b837dd0b3e85c,user,Qwen/Qwen3-4B-Instruct-2507,derived_validated,
22785,at://did:plc:5tgqdj44ziojx7leryqjragd/app.bsky.feed.post/3mu4vscfw6k22,did:plc:5tgqdj44ziojx7leryqjragd,2026-08-28T08:07:11.355000+00:00,bluesky,true,true,false,true,relevant,relevant,irrelevant,llm_v2b>llm_v2c>llm_v2d,llm_v2b@2026-09-22T06:02:28.700376+00:00,9da653163799d56c+ca3b837dd0b3e85c,user,Qwen/Qwen3-4B-Instruct-2507,derived_validated,
22989,at://did:plc:yanjws2jfuo2ec6ni6bq3njs/app.bsky.feed.post/3mu6jellkuc2a,did:plc:yanjws2jfuo2ec6ni6bq3njs,2026-08-28T23:30:05.789000+00:00,bluesky,false,false,true,true,irrelevant,irrelevant,relevant,llm_v2b>llm_v2c>llm_v2d,,,,,deterministic_rules,
23147,at://did:plc:qn32pbmcspvqexb7eccysjq4/app.bsky.feed.post/3mu66bjzckb25,did:plc:qn32pbmcspvqexb7eccysjq4,2026-08-28T20:11:21.413000+00:00,bluesky,true,true,false,true,relevant,relevant,irrelevant,llm_v2b>llm_v2c>llm_v2d,llm_v2b@2026-09-22T06:02:28.700376+00:00,9da653163799d56c+ca3b837dd0b3e85c,user,Qwen/Qwen3-4B-Instruct-2507,derived_validated,
23166,at://did:plc:6vjp7fbgz5ductueireifliv/app.bsky.feed.post/3mu62duu2f22m,did:plc:6vjp7fbgz5ductueireifliv,2026-08-28T19:01:15.514000+00:00,bluesky,true,true,false,true,relevant,relevant,irrelevant,llm_v2b>llm_v2c>llm_v2d,llm_v2b@2026-09-22T06:02:28.700376+00:00,9da653163799d56c+ca3b837dd0b3e85c,user,Qwen/Qwen3-4B-Instruct-2507,derived_validated,
23297,at://did:plc:askrnnm6n2o3iufivgiyz54q/app.bsky.feed.post/3mu57mcd4kg2l,did:plc:askrnnm6n2o3iufivgiyz54q,2026-08-28T11:02:45+00:00,bluesky,true,true,false,true,relevant,relevant,irrelevant,llm_v2b>llm_v2c>llm_v2d,llm_v2b@2026-09-22T06:02:28.700376+00:00,9da653163799d56c+ca3b837dd0b3e85c,user,Qwen/Qwen3-4B-Instruct-2507,derived_validated,
23311,at://did:plc:zhe53h7ajlloep2oso5pqxzj/app.bsky.feed.post/3mu56doqzuf2m,did:plc:zhe53h7ajlloep2oso5pqxzj,2026-08-28T10:40:01+00:00,bluesky,true,true,false,true,relevant,relevant,irrelevant,llm_v2b>llm_v2c>llm_v2d,llm_v2b@2026-09-22T06:02:28.700376+00:00,9da653163799d56c+ca3b837dd0b3e85c,user,Qwen/Qwen3-4B-Instruct-2507,derived_validated,
23335,at://did:plc:zhe53h7ajlloep2oso5pqxzj/app.bsky.feed.post/3mu5445yp2y2p,did:plc:zhe53h7ajlloep2oso5pqxzj,2026-08-28T10:00:02+00:00,bluesky,true,true,false,true,relevant,relevant,irrelevant,llm_v2b>llm_v2c>llm_v2d,llm_v2b@2026-09-22T06:02:28.700376+00:00,9da653163799d56c+ca3b837dd0b3e85c,user,Qwen/Qwen3-4B-Instruct-2507,derived_validated,
23372,at://did:plc:fmu7xpo2cd4g26vl4dob7cfb/app.bsky.feed.post/3mu4u4j4torx2,did:plc:fmu7xpo2cd4g26vl4dob7cfb,2026-08-28T07:36:58+00:00,bluesky,true,true,false,true,relevant,relevant,irrelevant,llm_v2b>llm_v2c>llm_v2d,llm_v2b@2026-09-22T06:02:28.700376+00:00,9da653163799d56c+ca3b837dd0b3e85c,user,Qwen/Qwen3-4B-Instruct-2507,derived_validated,
23376,at://did:plc:bb3psq7ibxrivwbuhisayuld/app.bsky.feed.post/3mu4sownem52b,did:plc:bb3psq7ibxrivwbuhisayuld,2026-08-28T07:11:36+00:00,bluesky,true,true,false,true,relevant,relevant,irrelevant,llm_v2b>llm_v2c>llm_v2d,llm_v2b@2026-09-22T06:02:28.700376+00:00,9da653163799d56c+ca3b837dd0b3e85c,user,Qwen/Qwen3-4B-Instruct-2507,derived_validated,
23377,at://did:plc:bb3psq7ibxrivwbuhisayuld/app.bsky.feed.post/3mu4sotyyfv2b,did:plc:bb3psq7ibxrivwbuhisayuld,2026-08-28T07:11:33+00:00,bluesky,true,true,false,true,relevant,relevant,irrelevant,llm_v2b>llm_v2c>llm_v2d,llm_v2b@2026-09-22T06:02:28.700376+00:00,9da653163799d56c+ca3b837dd0b3e85c,user,Qwen/Qwen3-4B-Instruct-2507,derived_validated,
23446,at://did:plc:qv4cel4jrf5qqzfq6ddvp6yv/app.bsky.feed.post/3mu4guvs2le2i,did:plc:qv4cel4jrf5qqzfq6ddvp6yv,2026-08-28T03:40:11+00:00,bluesky,true,true,false,true,relevant,relevant,irrelevant,llm_v2b>llm_v2c>llm_v2d,llm_v2b@2026-09-22T06:02:28.700376+00:00,9da653163799d56c+ca3b837dd0b3e85c,user,Qwen/Qwen3-4B-Instruct-2507,derived_validated,
23447,at://did:plc:qv4cel4jrf5qqzfq6ddvp6yv/app.bsky.feed.post/3mu4guusi6d2d,did:plc:qv4cel4jrf5qqzfq6ddvp6yv,2026-08-28T03:40:10+00:00,bluesky,true,true,false,true,relevant,relevant,irrelevant,llm_v2b>llm_v2c>llm_v2d,llm_v2b@2026-09-22T06:02:28.700376+00:00,9da653163799d56c+ca3b837dd0b3e85c,user,Qwen/Qwen3-4B-Instruct-2507,derived_validated,
23448,at://did:plc:qv4cel4jrf5qqzfq6ddvp6yv/app.bsky.feed.post/3mu4gutcsdj27,did:plc:qv4cel4jrf5qqzfq6ddvp6yv,2026-08-28T03:40:09+00:00,bluesky,true,true,false,true,relevant,relevant,irrelevant,llm_v2b>llm_v2c>llm_v2d,llm_v2b@2026-09-22T06:02:28.700376+00:00,9da653163799d56c+ca3b837dd0b3e85c,user,Qwen/Qwen3-4B-Instruct-2507,derived_validated,
23450,at://did:plc:qv4cel4jrf5qqzfq6ddvp6yv/app.bsky.feed.post/3mu4guqwms42n,did:plc:qv4cel4jrf5qqzfq6ddvp6yv,2026-08-28T03:40:05+00:00,bluesky,true,true,false,true,relevant,relevant,irrelevant,llm_v2b>llm_v2c>llm_v2d,llm_v2b@2026-09-22T06:02:28.700376+00:00,9da653163799d56c+ca3b837dd0b3e85c,user,Qwen/Qwen3-4B-Instruct-2507,derived_validated,
23677,at://did:plc:4ouec74zd2lln44fom2ftu45/app.bsky.feed.post/3mu5tgbanbk2g,did:plc:4ouec74zd2lln44fom2ftu45,2026-08-28T16:57:19.734000+00:00,bluesky,true,true,false,true,relevant,relevant,irrelevant,llm_v2b>llm_v2c>llm_v2d,llm_v2b@2026-09-22T06:02:28.700376+00:00,9da653163799d56c+ca3b837dd0b3e85c,user,Qwen/Qwen3-4B-Instruct-2507,derived_validated,
23679,at://did:plc:atx7txbojxs6w5hg2oa77czu/app.bsky.feed.post/3mu5rivdj7a2q,did:plc:atx7txbojxs6w5hg2oa77czu,2026-08-28T16:23:00.108000+00:00,bluesky,true,true,false,true,relevant,relevant,irrelevant,llm_v2b>llm_v2c>llm_v2d,llm_v2b@2026-09-22T06:02:28.700376+00:00,9da653163799d56c+ca3b837dd0b3e85c,user,Qwen/Qwen3-4B-Instruct-2507,derived_validated,
23721,at://did:plc:wn5vb2qhnv56rmvz3jji7ww7/app.bsky.feed.post/3mu4bytysiw2e,did:plc:wn5vb2qhnv56rmvz3jji7ww7,2026-08-28T02:12:56.221000+00:00,bluesky,true,true,false,true,relevant,relevant,irrelevant,llm_v2b>llm_v2c>llm_v2d,llm_v2b@2026-09-22T06:02:28.700376+00:00,9da653163799d56c+ca3b837dd0b3e85c,user,Qwen/Qwen3-4B-Instruct-2507,derived_validated,
23758,at://did:plc:x7ruo3dewxqyqznwrloj6vof/app.bsky.feed.post/ih2frjnbk7bni,did:plc:x7ruo3dewxqyqznwrloj6vof,2026-08-28T09:10:25.602000+00:00,bluesky,true,true,false,true,relevant,relevant,irrelevant,llm_v2b>llm_v2c>llm_v2d,llm_v2b@2026-09-22T06:02:28.700376+00:00,9da653163799d56c+ca3b837dd0b3e85c,user,Qwen/Qwen3-4B-Instruct-2507,derived_validated,
23766,at://did:plc:vsorpszbsdacofpk73qvf3ds/app.bsky.feed.post/3mu6bsaii4c2t,did:plc:vsorpszbsdacofpk73qvf3ds,2026-08-28T21:14:33.981000+00:00,bluesky,true,true,true,true,relevant,relevant,relevant,llm_v2b>llm_v2c>llm_v2d,llm_v2b@2026-09-22T06:02:28.700376+00:00,9da653163799d56c+ca3b837dd0b3e85c,user,Qwen/Qwen3-4B-Instruct-2507,derived_validated,
23783,at://did:plc:kzmukwaf72iwepygposicgt3/app.bsky.feed.post/3mu5kb3pba22d,did:plc:kzmukwaf72iwepygposicgt3,2026-08-28T14:05:25+00:00,bluesky,true,true,false,true,relevant,relevant,irrelevant,llm_v2b>llm_v2c>llm_v2d,llm_v2b@2026-09-22T06:02:28.700376+00:00,9da653163799d56c+ca3b837dd0b3e85c,user,Qwen/Qwen3-4B-Instruct-2507,derived_validated,
23797,at://did:plc:pu4dpzlp6vjxwy2wi62dtihl/app.bsky.feed.post/3mu53tjs5zs2y,did:plc:pu4dpzlp6vjxwy2wi62dtihl,2026-08-28T09:55:15.058270+00:00,bluesky,true,true,false,true,relevant,relevant,irrelevant,llm_v2b>llm_v2c>llm_v2d,llm_v2b@2026-09-22T06:02:28.700376+00:00,9da653163799d56c+ca3b837dd0b3e85c,user,Qwen/Qwen3-4B-Instruct-2507,derived_validated,
23798,at://did:plc:mr4czeod5vcnxdxmza4jdz4j/app.bsky.feed.post/3mu53cd5puk22,did:plc:mr4czeod5vcnxdxmza4jdz4j,2026-08-28T09:45:37.715000+00:00,bluesky,true,true,false,true,relevant,relevant,irrelevant,llm_v2b>llm_v2c>llm_v2d,llm_v2b@2026-09-22T06:02:28.700376+00:00,9da653163799d56c+ca3b837dd0b3e85c,user,Qwen/Qwen3-4B-Instruct-2507,derived_validated,
23815,at://did:plc:kzmukwaf72iwepygposicgt3/app.bsky.feed.post/3mue3qstj3d2w,did:plc:kzmukwaf72iwepygposicgt3,2026-08-31T04:42:23.100000+00:00,bluesky,true,true,false,true,relevant,relevant,irrelevant,llm_v2b>llm_v2c>llm_v2d,llm_v2b@2026-09-22T06:02:28.700376+00:00,9da653163799d56c+ca3b837dd0b3e85c,user,Qwen/Qwen3-4B-Instruct-2507,derived_validated,
23941,at://did:plc:667kp47h3tv6wmavpeatu2u3/app.bsky.feed.post/3mu7zykdms72r,did:plc:667kp47h3tv6wmavpeatu2u3,2026-08-29T14:00:15.075000+00:00,bluesky,true,true,false,true,relevant,relevant,irrelevant,llm_v2b>llm_v2c>llm_v2d,llm_v2b@2026-09-22T06:02:28.700376+00:00,9da653163799d56c+ca3b837dd0b3e85c,user,Qwen/Qwen3-4B-Instruct-2507,derived_validated,
23992,at://did:plc:36trxcdhay6uygpri2mepw2d/app.bsky.feed.post/3mu7wzf3k5j2i,did:plc:36trxcdhay6uygpri2mepw2d,2026-08-29T13:07:01.928000+00:00,bluesky,true,true,false,true,relevant,relevant,irrelevant,llm_v2b>llm_v2c>llm_v2d,llm_v2b@2026-09-22T06:02:28.700376+00:00,9da653163799d56c+ca3b837dd0b3e85c,user,Qwen/Qwen3-4B-Instruct-2507,derived_validated,
24014,at://did:plc:i5a2vsezf56iu2yjtmb7m2tb/app.bsky.feed.post/3mu7vlx6buk2n,did:plc:i5a2vsezf56iu2yjtmb7m2tb,2026-08-29T12:41:37.450000+00:00,bluesky,true,true,false,true,relevant,relevant,irrelevant,llm_v2b>llm_v2c>llm_v2d,llm_v2b@2026-09-22T06:02:28.700376+00:00,9da653163799d56c+ca3b837dd0b3e85c,user,Qwen/Qwen3-4B-Instruct-2507,derived_validated,
24047,at://did:plc:i5a2vsezf56iu2yjtmb7m2tb/app.bsky.feed.post/3mu7qstskp22n,did:plc:i5a2vsezf56iu2yjtmb7m2tb,2026-08-29T11:16:00.093000+00:00,bluesky,true,true,false,true,relevant,relevant,irrelevant,llm_v2b>llm_v2c>llm_v2d,llm_v2b@2026-09-22T06:02:28.700376+00:00,9da653163799d56c+ca3b837dd0b3e85c,user,Qwen/Qwen3-4B-Instruct-2507,derived_validated,
24178,at://did:plc:ys53r3yb73z4bwf6sddi2x22/app.bsky.feed.post/3muaaxx3nel2p,did:plc:ys53r3yb73z4bwf6sddi2x22,2026-08-29T16:05:08.563000+00:00,bluesky,true,true,false,true,relevant,relevant,irrelevant,llm_v2b>llm_v2c>llm_v2d,llm_v2b@2026-09-22T06:02:28.700376+00:00,9da653163799d56c+ca3b837dd0b3e85c,user,Qwen/Qwen3-4B-Instruct-2507,derived_validated,
24242,at://did:plc:rvoxhqgtxnzlmxcdtjdhusu3/app.bsky.feed.post/3mu777amxod2f,did:plc:rvoxhqgtxnzlmxcdtjdhusu3,2026-08-29T06:00:48.830000+00:00,bluesky,true,true,false,true,relevant,relevant,irrelevant,llm_v2b>llm_v2c>llm_v2d,llm_v2b@2026-09-22T06:02:28.700376+00:00,9da653163799d56c+ca3b837dd0b3e85c,user,Qwen/Qwen3-4B-Instruct-2507,derived_validated,
24274,at://did:plc:3l6h5tayy6vycige2igmorv4/app.bsky.feed.post/3muami6zris27,did:plc:3l6h5tayy6vycige2igmorv4,2026-08-29T19:31:07.544000+00:00,bluesky,true,true,true,true,relevant,relevant,relevant,llm_v2b>llm_v2c>llm_v2d,llm_v2b@2026-09-22T06:02:28.700376+00:00,9da653163799d56c+ca3b837dd0b3e85c,user,Qwen/Qwen3-4B-Instruct-2507,derived_validated,
24282,at://did:plc:o32lowdds5ugiv77gi6fsev6/app.bsky.feed.post/3muafsftmnc2b,did:plc:o32lowdds5ugiv77gi6fsev6,2026-08-29T17:31:34.033000+00:00,bluesky,true,true,false,true,relevant,relevant,irrelevant,llm_v2b>llm_v2c>llm_v2d,llm_v2b@2026-09-22T06:02:28.700376+00:00,9da653163799d56c+ca3b837dd0b3e85c,user,Qwen/Qwen3-4B-Instruct-2507,derived_validated,
24297,at://did:plc:swhavnqrtvhstcm275j242my/app.bsky.feed.post/f27ry4b7lwz2f,did:plc:swhavnqrtvhstcm275j242my,2026-08-29T14:11:46.069000+00:00,bluesky,true,true,false,true,relevant,relevant,irrelevant,llm_v2b>llm_v2c>llm_v2d,llm_v2b@2026-09-22T06:02:28.700376+00:00,9da653163799d56c+ca3b837dd0b3e85c,user,Qwen/Qwen3-4B-Instruct-2507,derived_validated,
24302,at://did:plc:bnk5d72upa2mfzwglo6ynbs3/app.bsky.feed.post/3mu7zwvbp2h2v,did:plc:bnk5d72upa2mfzwglo6ynbs3,2026-08-29T13:59:19.481172+00:00,bluesky,true,true,true,true,relevant,relevant,relevant,llm_v2b>llm_v2c>llm_v2d,llm_v2b@2026-09-22T06:02:28.700376+00:00,9da653163799d56c+ca3b837dd0b3e85c,user,Qwen/Qwen3-4B-Instruct-2507,derived_validated,
24346,at://did:plc:kzgromk2bjhabqrbaydysgbc/app.bsky.feed.post/3mu6z7txow22t,did:plc:kzgromk2bjhabqrbaydysgbc,2026-08-29T04:13:46.672000+00:00,bluesky,true,true,true,true,relevant,relevant,relevant,llm_v2b>llm_v2c>llm_v2d,llm_v2b@2026-09-22T06:02:28.700376+00:00,9da653163799d56c+ca3b837dd0b3e85c,user,Qwen/Qwen3-4B-Instruct-2507,derived_validated,
24347,at://did:plc:gnir6dvmignwrrel43csxipd/app.bsky.feed.post/3mu6xxbo3wk2t,did:plc:gnir6dvmignwrrel43csxipd,2026-08-29T03:51:05.306000+00:00,bluesky,true,true,true,true,relevant,relevant,relevant,llm_v2b>llm_v2c>llm_v2d,llm_v2b@2026-09-22T06:02:28.700376+00:00,9da653163799d56c+ca3b837dd0b3e85c,user,Qwen/Qwen3-4B-Instruct-2507,derived_validated,
24350,at://did:plc:vxd2jthzwoutdx5q6wks2gow/app.bsky.feed.post/3mu6u4dbkhs2v,did:plc:vxd2jthzwoutdx5q6wks2gow,2026-08-29T02:42:18.964985+00:00,bluesky,true,true,true,true,relevant,relevant,relevant,llm_v2b>llm_v2c>llm_v2d,llm_v2b@2026-09-22T06:02:28.700376+00:00,9da653163799d56c+ca3b837dd0b3e85c,user,Qwen/Qwen3-4B-Instruct-2507,derived_validated,
24470,at://did:plc:p72su4m6psaqwkavlhsd436t/app.bsky.feed.post/3mub2cqihic2a,did:plc:p72su4m6psaqwkavlhsd436t,2026-08-29T23:38:36.900000+00:00,bluesky,true,true,true,true,relevant,relevant,relevant,llm_v2b>llm_v2c>llm_v2d,llm_v2b@2026-09-22T06:02:28.700376+00:00,9da653163799d56c+ca3b837dd0b3e85c,user,Qwen/Qwen3-4B-Instruct-2507,derived_validated,
24495,at://did:plc:b5cys6hyq2fnxzrkt43hkrbw/app.bsky.feed.post/3muaujiled52e,did:plc:b5cys6hyq2fnxzrkt43hkrbw,2026-08-29T21:55:00.859000+00:00,bluesky,true,true,false,true,relevant,relevant,irrelevant,llm_v2b>llm_v2c>llm_v2d,llm_v2b@2026-09-22T06:02:28.700376+00:00,9da653163799d56c+ca3b837dd0b3e85c,user,Qwen/Qwen3-4B-Instruct-2507,derived_validated,
24499,at://did:plc:q75cbriucfzsgnyemyb7uphr/app.bsky.feed.post/3muatu3spjv2b,did:plc:q75cbriucfzsgnyemyb7uphr,2026-08-29T21:43:02+00:00,bluesky,true,true,false,true,relevant,relevant,irrelevant,llm_v2b>llm_v2c>llm_v2d,llm_v2b@2026-09-22T06:02:28.700376+00:00,9da653163799d56c+ca3b837dd0b3e85c,user,Qwen/Qwen3-4B-Instruct-2507,derived_validated,
24550,at://did:plc:xwlikwk3gxk36eutedptjpne/app.bsky.feed.post/3mualnylwnp2u,did:plc:xwlikwk3gxk36eutedptjpne,2026-08-29T19:16:28.180231+00:00,bluesky,true,true,false,true,relevant,relevant,irrelevant,llm_v2b>llm_v2c>llm_v2d,llm_v2b@2026-09-22T06:02:28.700376+00:00,9da653163799d56c+ca3b837dd0b3e85c,user,Qwen/Qwen3-4B-Instruct-2507,derived_validated,
24584,at://did:plc:3dzlsh22j3qywv4f7a3jg6da/app.bsky.feed.post/3muahhezudb27,did:plc:3dzlsh22j3qywv4f7a3jg6da,2026-08-29T18:01:11.347000+00:00,bluesky,true,true,true,true,relevant,relevant,relevant,llm_v2b>llm_v2c>llm_v2d,llm_v2b@2026-09-22T06:02:28.700376+00:00,9da653163799d56c+ca3b837dd0b3e85c,user,Qwen/Qwen3-4B-Instruct-2507,derived_validated,
24604,at://did:plc:kf5rbn26yo52vdwkr7wzo44i/app.bsky.feed.post/3muaevuyfu22l,did:plc:kf5rbn26yo52vdwkr7wzo44i,2026-08-29T17:15:36.841000+00:00,bluesky,false,false,true,true,irrelevant,irrelevant,relevant,llm_v2b>llm_v2c>llm_v2d,,,,,deterministic_rules,
24607,at://did:plc:3l6h5tayy6vycige2igmorv4/app.bsky.feed.post/3muaefjqtvs27,did:plc:3l6h5tayy6vycige2igmorv4,2026-08-29T17:06:27.342000+00:00,bluesky,true,true,true,true,relevant,relevant,relevant,llm_v2b>llm_v2c>llm_v2d,llm_v2b@2026-09-22T06:02:28.700376+00:00,9da653163799d56c+ca3b837dd0b3e85c,user,Qwen/Qwen3-4B-Instruct-2507,derived_validated,
24617,at://did:plc:2ys35qzvc265dtaltqdmgxcm/app.bsky.feed.post/3muado2y5sl25,did:plc:2ys35qzvc265dtaltqdmgxcm,2026-08-29T16:53:20.869000+00:00,bluesky,true,true,true,true,relevant,relevant,relevant,llm_v2b>llm_v2c>llm_v2d,llm_v2b@2026-09-22T06:02:28.700376+00:00,9da653163799d56c+ca3b837dd0b3e85c,user,Qwen/Qwen3-4B-Instruct-2507,derived_validated,
24669,at://did:plc:ololmmhx4zwlqdjv2jiaznc5/app.bsky.feed.post/3mua5ofds4k2w,did:plc:ololmmhx4zwlqdjv2jiaznc5,2026-08-29T15:06:09.360000+00:00,bluesky,true,true,false,true,relevant,relevant,irrelevant,llm_v2b>llm_v2c>llm_v2d,llm_v2b@2026-09-22T06:02:28.700376+00:00,9da653163799d56c+ca3b837dd0b3e85c,user,Qwen/Qwen3-4B-Instruct-2507,derived_validated,
24681,at://did:plc:g7qa7gyksr3evcl6xg7ggp34/app.bsky.feed.post/3mua52vrvpc2x,did:plc:g7qa7gyksr3evcl6xg7ggp34,2026-08-29T14:55:15.511000+00:00,bluesky,true,true,true,true,relevant,relevant,relevant,llm_v2b>llm_v2c>llm_v2d,llm_v2b@2026-09-22T06:02:28.700376+00:00,9da653163799d56c+ca3b837dd0b3e85c,user,Qwen/Qwen3-4B-Instruct-2507,derived_validated,
24687,at://did:plc:hbavx6zwlutg237axyv7mrfe/app.bsky.feed.post/3mua4ipv7s22j,did:plc:hbavx6zwlutg237axyv7mrfe,2026-08-29T14:45:05.320219+00:00,bluesky,true,true,false,true,relevant,relevant,irrelevant,llm_v2b>llm_v2c>llm_v2d,llm_v2b@2026-09-22T06:02:28.700376+00:00,9da653163799d56c+ca3b837dd0b3e85c,user,Qwen/Qwen3-4B-Instruct-2507,derived_validated,
24732,at://did:plc:sj7x2xctlsf6pilv4chfnz3t/app.bsky.feed.post/3mu7yriretx26,did:plc:sj7x2xctlsf6pilv4chfnz3t,2026-08-29T13:38:24.036000+00:00,bluesky,true,true,false,true,relevant,relevant,irrelevant,llm_v2b>llm_v2c>llm_v2d,llm_v2b@2026-09-22T06:02:28.700376+00:00,9da653163799d56c+ca3b837dd0b3e85c,user,Qwen/Qwen3-4B-Instruct-2507,derived_validated,
24833,at://did:plc:pk5nq3gedpdb6xedfeobsm52/app.bsky.feed.post/3mu7o527sxd2f,did:plc:pk5nq3gedpdb6xedfeobsm52,2026-08-29T10:28:00.670000+00:00,bluesky,true,true,false,true,relevant,relevant,irrelevant,llm_v2b>llm_v2c>llm_v2d,llm_v2b@2026-09-22T06:02:28.700376+00:00,9da653163799d56c+ca3b837dd0b3e85c,user,Qwen/Qwen3-4B-Instruct-2507,derived_validated,
24842,at://did:plc:zh77ra6ejiebe6eyrrlw52c7/app.bsky.feed.post/3mu7mpopgo62j,did:plc:zh77ra6ejiebe6eyrrlw52c7,2026-08-29T10:02:38.884316+00:00,bluesky,true,true,false,true,relevant,relevant,irrelevant,llm_v2b>llm_v2c>llm_v2d,llm_v2b@2026-09-22T06:02:28.700376+00:00,9da653163799d56c+ca3b837dd0b3e85c,user,Qwen/Qwen3-4B-Instruct-2507,derived_validated,
24913,at://did:plc:k5662kftcr6cnwnqxn4gykeb/app.bsky.feed.post/3mu7cnznvgo2q,did:plc:k5662kftcr6cnwnqxn4gykeb,2026-08-29T07:02:44+00:00,bluesky,true,true,false,true,relevant,relevant,irrelevant,llm_v2b>llm_v2c>llm_v2d,llm_v2b@2026-09-22T06:02:28.700376+00:00,9da653163799d56c+ca3b837dd0b3e85c,user,Qwen/Qwen3-4B-Instruct-2507,derived_validated,
24966,at://did:plc:g4uovrcq6tlpo45hvmfq7ri6/app.bsky.feed.post/3mu72nxx3nw2e,did:plc:g4uovrcq6tlpo45hvmfq7ri6,2026-08-29T04:39:34.325269+00:00,bluesky,true,true,false,true,relevant,relevant,irrelevant,llm_v2b>llm_v2c>llm_v2d,llm_v2b@2026-09-22T06:02:28.700376+00:00,9da653163799d56c+ca3b837dd0b3e85c,user,Qwen/Qwen3-4B-Instruct-2507,derived_validated,
24967,at://did:plc:a4crqcbggoj6hsplbpqac7pd/app.bsky.feed.post/3mu72nx43oh27,did:plc:a4crqcbggoj6hsplbpqac7pd,2026-08-29T04:39:33.431401+00:00,bluesky,true,true,false,true,relevant,relevant,irrelevant,llm_v2b>llm_v2c>llm_v2d,llm_v2b@2026-09-22T06:02:28.700376+00:00,9da653163799d56c+ca3b837dd0b3e85c,user,Qwen/Qwen3-4B-Instruct-2507,derived_validated,
24968,at://did:plc:pfslomwx7xmjr2soppucnyee/app.bsky.feed.post/3mu72nwd47e2e,did:plc:pfslomwx7xmjr2soppucnyee,2026-08-29T04:39:32.598156+00:00,bluesky,true,true,false,true,relevant,relevant,irrelevant,llm_v2b>llm_v2c>llm_v2d,llm_v2b@2026-09-22T06:02:28.700376+00:00,9da653163799d56c+ca3b837dd0b3e85c,user,Qwen/Qwen3-4B-Instruct-2507,derived_validated,
24969,at://did:plc:qqkeo4lcj4vvsv26moyitw44/app.bsky.feed.post/3mu72nvb7g32b,did:plc:qqkeo4lcj4vvsv26moyitw44,2026-08-29T04:39:31.483523+00:00,bluesky,true,true,false,true,relevant,relevant,irrelevant,llm_v2b>llm_v2c>llm_v2d,llm_v2b@2026-09-22T06:02:28.700376+00:00,9da653163799d56c+ca3b837dd0b3e85c,user,Qwen/Qwen3-4B-Instruct-2507,derived_validated,
25012,at://did:plc:lpcsumiee6obcimaqmtnaypr/app.bsky.feed.post/3mu6syfqdb42x,did:plc:lpcsumiee6obcimaqmtnaypr,2026-08-29T02:22:10+00:00,bluesky,true,true,false,true,relevant,relevant,irrelevant,llm_v2b>llm_v2c>llm_v2d,llm_v2b@2026-09-22T06:02:28.700376+00:00,9da653163799d56c+ca3b837dd0b3e85c,user,Qwen/Qwen3-4B-Instruct-2507,derived_validated,
25044,at://did:plc:pr4kp7fcctqubw4rsgqwmujc/app.bsky.feed.post/3mu6no65ofk27,did:plc:pr4kp7fcctqubw4rsgqwmujc,2026-08-29T00:47:02.213000+00:00,bluesky,true,true,false,true,relevant,relevant,irrelevant,llm_v2b>llm_v2c>llm_v2d,llm_v2b@2026-09-22T06:02:28.700376+00:00,9da653163799d56c+ca3b837dd0b3e85c,user,Qwen/Qwen3-4B-Instruct-2507,derived_validated,
25047,at://did:plc:6zpzsab44xavrl46jqvba5wb/app.bsky.feed.post/3mu6njlg7jc23,did:plc:6zpzsab44xavrl46jqvba5wb,2026-08-29T00:44:28.353000+00:00,bluesky,true,true,false,true,relevant,relevant,irrelevant,llm_v2b>llm_v2c>llm_v2d,llm_v2b@2026-09-22T06:02:28.700376+00:00,9da653163799d56c+ca3b837dd0b3e85c,user,Qwen/Qwen3-4B-Instruct-2507,derived_validated,
25080,at://did:plc:g6asx7scljsgdu3vqwtyfszj/app.bsky.feed.post/3muaxpufhds2l,did:plc:g6asx7scljsgdu3vqwtyfszj,2026-08-29T22:52:15.988000+00:00,bluesky,true,true,false,true,relevant,relevant,irrelevant,llm_v2b>llm_v2c>llm_v2d,llm_v2b@2026-09-22T06:02:28.700376+00:00,9da653163799d56c+ca3b837dd0b3e85c,user,Qwen/Qwen3-4B-Instruct-2507,derived_validated,
25082,at://did:plc:g6asx7scljsgdu3vqwtyfszj/app.bsky.feed.post/3muarjp4dr22l,did:plc:g6asx7scljsgdu3vqwtyfszj,2026-08-29T21:01:26.669000+00:00,bluesky,true,true,false,true,relevant,relevant,irrelevant,llm_v2b>llm_v2c>llm_v2d,llm_v2b@2026-09-22T06:02:28.700376+00:00,9da653163799d56c+ca3b837dd0b3e85c,user,Qwen/Qwen3-4B-Instruct-2507,derived_validated,
25459,at://did:plc:r5fafhvk53vxf5p7gg7xptd2/app.bsky.feed.post/3muajquhzi22h,did:plc:r5fafhvk53vxf5p7gg7xptd2,2026-08-29T18:42:17.236000+00:00,bluesky,false,false,true,true,irrelevant,irrelevant,relevant,llm_v2b>llm_v2c>llm_v2d,,,,,deterministic_rules,
25507,at://did:plc:oq6gr76stdvp4t3wamk6e622/app.bsky.feed.post/3mu7jrjutvk2r,did:plc:oq6gr76stdvp4t3wamk6e622,2026-08-29T09:09:59.940000+00:00,bluesky,true,true,false,true,relevant,relevant,irrelevant,llm_v2b>llm_v2c>llm_v2d,llm_v2b@2026-09-22T06:02:28.700376+00:00,9da653163799d56c+ca3b837dd0b3e85c,user,Qwen/Qwen3-4B-Instruct-2507,derived_validated,
25560,at://did:plc:ynzad4und4earkobbyto6ktm/app.bsky.feed.post/3muaxqyale22v,did:plc:ynzad4und4earkobbyto6ktm,2026-08-29T22:52:53.576000+00:00,bluesky,true,true,false,true,relevant,relevant,irrelevant,llm_v2b>llm_v2c>llm_v2d,llm_v2b@2026-09-22T06:02:28.700376+00:00,9da653163799d56c+ca3b837dd0b3e85c,user,Qwen/Qwen3-4B-Instruct-2507,derived_validated,
25796,at://did:plc:oueclhzcloufoathtcrkuwno/app.bsky.feed.post/3mu6ssxiyhk2l,did:plc:oueclhzcloufoathtcrkuwno,2026-08-29T02:19:11.726000+00:00,bluesky,true,true,true,true,relevant,relevant,relevant,llm_v2b>llm_v2c>llm_v2d,llm_v2b@2026-09-22T06:02:28.700376+00:00,9da653163799d56c+ca3b837dd0b3e85c,user,Qwen/Qwen3-4B-Instruct-2507,derived_validated,
25857,at://did:plc:gtvcyxuzeqorzjwbooiqnr4c/app.bsky.feed.post/3muamg7ddtk2d,did:plc:gtvcyxuzeqorzjwbooiqnr4c,2026-08-29T19:30:00.298567+00:00,bluesky,true,true,false,true,relevant,relevant,irrelevant,llm_v2b>llm_v2c>llm_v2d,llm_v2b@2026-09-22T06:02:28.700376+00:00,9da653163799d56c+ca3b837dd0b3e85c,user,Qwen/Qwen3-4B-Instruct-2507,derived_validated,
26151,at://did:plc:zhe53h7ajlloep2oso5pqxzj/app.bsky.feed.post/3mua6z3upg32m,did:plc:zhe53h7ajlloep2oso5pqxzj,2026-08-29T15:30:01+00:00,bluesky,true,true,false,true,relevant,relevant,irrelevant,llm_v2b>llm_v2c>llm_v2d,llm_v2b@2026-09-22T06:02:28.700376+00:00,9da653163799d56c+ca3b837dd0b3e85c,user,Qwen/Qwen3-4B-Instruct-2507,derived_validated,
26163,at://did:plc:acy4bywuzyjw2lro2veqmnfi/app.bsky.feed.post/3mua5pnbbys25,did:plc:acy4bywuzyjw2lro2veqmnfi,2026-08-29T15:06:51.157000+00:00,bluesky,true,true,false,true,relevant,relevant,irrelevant,llm_v2b>llm_v2c>llm_v2d,llm_v2b@2026-09-22T06:02:28.700376+00:00,9da653163799d56c+ca3b837dd0b3e85c,user,Qwen/Qwen3-4B-Instruct-2507,derived_validated,
26277,at://did:plc:ewthlwzxkxmrgtkp7fmygxg3/app.bsky.feed.post/3mu7pym37yd2c,did:plc:ewthlwzxkxmrgtkp7fmygxg3,2026-08-29T11:01:19.490000+00:00,bluesky,true,true,false,true,relevant,relevant,irrelevant,llm_v2b>llm_v2c>llm_v2d,llm_v2b@2026-09-22T06:02:28.700376+00:00,9da653163799d56c+ca3b837dd0b3e85c,user,Qwen/Qwen3-4B-Instruct-2507,derived_validated,
26493,at://did:plc:azp4n4gq5lwfgtuljvjljmmo/app.bsky.feed.post/3mualnasy4c2i,did:plc:azp4n4gq5lwfgtuljvjljmmo,2026-08-29T19:16:03+00:00,bluesky,true,true,false,true,relevant,relevant,irrelevant,llm_v2b>llm_v2c>llm_v2d,llm_v2b@2026-09-22T06:02:28.700376+00:00,9da653163799d56c+ca3b837dd0b3e85c,user,Qwen/Qwen3-4B-Instruct-2507,derived_validated,
26510,at://did:plc:5c4fp2w7bp4zzbcuit5ywre2/app.bsky.feed.post/3mu7duwqbl224,did:plc:5c4fp2w7bp4zzbcuit5ywre2,2026-08-29T07:24:31.432000+00:00,bluesky,true,true,false,true,relevant,relevant,irrelevant,llm_v2b>llm_v2c>llm_v2d,llm_v2b@2026-09-22T06:02:28.700376+00:00,9da653163799d56c+ca3b837dd0b3e85c,user,Qwen/Qwen3-4B-Instruct-2507,derived_validated,
26517,at://did:plc:y274r6dyaw3vzoixmgueszut/app.bsky.feed.post/3mu6ouycs3c2u,did:plc:y274r6dyaw3vzoixmgueszut,2026-08-29T01:08:44.710000+00:00,bluesky,true,true,false,true,relevant,relevant,irrelevant,llm_v2b>llm_v2c>llm_v2d,llm_v2b@2026-09-22T06:02:28.700376+00:00,9da653163799d56c+ca3b837dd0b3e85c,user,Qwen/Qwen3-4B-Instruct-2507,derived_validated,
26532,at://did:plc:vb7d3zz6khc7zqcg7743eqiq/app.bsky.feed.post/3muamohw4eg2t,did:plc:vb7d3zz6khc7zqcg7743eqiq,2026-08-29T19:34:22.604000+00:00,bluesky,true,true,false,true,relevant,relevant,irrelevant,llm_v2b>llm_v2c>llm_v2d,llm_v2b@2026-09-22T06:02:28.700376+00:00,9da653163799d56c+ca3b837dd0b3e85c,user,Qwen/Qwen3-4B-Instruct-2507,derived_validated,
26534,at://did:plc:kzmukwaf72iwepygposicgt3/app.bsky.feed.post/3muam5j4jl42u,did:plc:kzmukwaf72iwepygposicgt3,2026-08-29T19:11:05+00:00,bluesky,true,true,false,true,relevant,relevant,irrelevant,llm_v2b>llm_v2c>llm_v2d,llm_v2b@2026-09-22T06:02:28.700376+00:00,9da653163799d56c+ca3b837dd0b3e85c,user,Qwen/Qwen3-4B-Instruct-2507,derived_validated,
26543,at://did:plc:i7hoagrl2onqpg3xfpnhnu24/app.bsky.feed.post/3mu7yg6x6qy2d,did:plc:i7hoagrl2onqpg3xfpnhnu24,2026-08-29T13:32:06.978000+00:00,bluesky,true,true,false,true,relevant,relevant,irrelevant,llm_v2b>llm_v2c>llm_v2d,llm_v2b@2026-09-22T06:02:28.700376+00:00,9da653163799d56c+ca3b837dd0b3e85c,user,Qwen/Qwen3-4B-Instruct-2507,derived_validated,
26560,at://did:plc:aaoj4hnnh3ubdhalifqewsno/app.bsky.feed.post/3mu7ijy4ags2a,did:plc:aaoj4hnnh3ubdhalifqewsno,2026-08-29T08:47:52.686000+00:00,bluesky,true,true,false,true,relevant,relevant,irrelevant,llm_v2b>llm_v2c>llm_v2d,llm_v2b@2026-09-22T06:02:28.700376+00:00,9da653163799d56c+ca3b837dd0b3e85c,user,Qwen/Qwen3-4B-Instruct-2507,derived_validated,
26612,at://did:plc:7h7srlskyboefvfqmbgy2wax/app.bsky.feed.post/3mucuupxcxp25,did:plc:7h7srlskyboefvfqmbgy2wax,2026-08-30T17:06:36+00:00,bluesky,true,true,true,true,relevant,relevant,relevant,llm_v2b>llm_v2c>llm_v2d,llm_v2b@2026-09-22T06:02:28.700376+00:00,9da653163799d56c+ca3b837dd0b3e85c,user,Qwen/Qwen3-4B-Instruct-2507,derived_validated,
26769,at://did:plc:hh3brnksirhma2rymwtpnp5w/app.bsky.feed.post/3muc2zl5kgm23,did:plc:hh3brnksirhma2rymwtpnp5w,2026-08-30T09:24:02.574837+00:00,bluesky,true,true,false,true,relevant,relevant,irrelevant,llm_v2b>llm_v2c>llm_v2d,llm_v2b@2026-09-22T06:02:28.700376+00:00,9da653163799d56c+ca3b837dd0b3e85c,user,Qwen/Qwen3-4B-Instruct-2507,derived_validated,
26817,at://did:plc:u6celkmubfsmbus5m3aqcrla/app.bsky.feed.post/3mubeqr2ewz2w,did:plc:u6celkmubfsmbus5m3aqcrla,2026-08-30T02:45:24+00:00,bluesky,true,true,true,true,relevant,relevant,relevant,llm_v2b>llm_v2c>llm_v2d,llm_v2b@2026-09-22T06:02:28.700376+00:00,9da653163799d56c+ca3b837dd0b3e85c,user,Qwen/Qwen3-4B-Instruct-2507,derived_validated,
26846,at://did:plc:nkkyxf7zld5l5jshca4jpyen/app.bsky.feed.post/3mud5faucwk2s,did:plc:nkkyxf7zld5l5jshca4jpyen,2026-08-30T19:39:01+00:00,bluesky,true,true,false,true,relevant,relevant,irrelevant,llm_v2b>llm_v2c>llm_v2d,llm_v2b@2026-09-22T06:02:28.700376+00:00,9da653163799d56c+ca3b837dd0b3e85c,user,Qwen/Qwen3-4B-Instruct-2507,derived_validated,
26859,at://did:plc:4o64z3yf2to3bfeatqfzdni5/app.bsky.feed.post/3mucvs3bewq27,did:plc:4o64z3yf2to3bfeatqfzdni5,2026-08-30T17:23:02.013000+00:00,bluesky,true,true,false,true,relevant,relevant,irrelevant,llm_v2b>llm_v2c>llm_v2d,llm_v2b@2026-09-22T06:02:28.700376+00:00,9da653163799d56c+ca3b837dd0b3e85c,user,Qwen/Qwen3-4B-Instruct-2507,derived_validated,
26935,at://did:plc:6cvqmnqfd4wwyttt7r6xzf4j/app.bsky.feed.post/3mudjxigpbk2p,did:plc:6cvqmnqfd4wwyttt7r6xzf4j,2026-08-30T23:23:58.685000+00:00,bluesky,true,true,false,true,relevant,relevant,irrelevant,llm_v2b>llm_v2c>llm_v2d,llm_v2b@2026-09-22T06:02:28.700376+00:00,9da653163799d56c+ca3b837dd0b3e85c,user,Qwen/Qwen3-4B-Instruct-2507,derived_validated,
26945,at://did:plc:zdbuabyaoczce7yuuupzes75/app.bsky.feed.post/3mudc2ajpuc25,did:plc:zdbuabyaoczce7yuuupzes75,2026-08-30T21:02:19.931000+00:00,bluesky,true,true,false,true,relevant,relevant,irrelevant,llm_v2b>llm_v2c>llm_v2d,llm_v2b@2026-09-22T06:02:28.700376+00:00,9da653163799d56c+ca3b837dd0b3e85c,user,Qwen/Qwen3-4B-Instruct-2507,derived_validated,
26969,at://did:plc:ow3arasaj7klruqgngrdexbw/app.bsky.feed.post/3mucdrwzauk2v,did:plc:ow3arasaj7klruqgngrdexbw,2026-08-30T12:00:50.483000+00:00,bluesky,true,true,true,true,relevant,relevant,relevant,llm_v2b>llm_v2c>llm_v2d,llm_v2b@2026-09-22T06:02:28.700376+00:00,9da653163799d56c+ca3b837dd0b3e85c,user,Qwen/Qwen3-4B-Instruct-2507,derived_validated,
27090,at://did:plc:uvw6ghncqe23lccwzhdv64r6/app.bsky.feed.post/3mudfcxntjk2e,did:plc:uvw6ghncqe23lccwzhdv64r6,2026-08-30T22:00:55.062000+00:00,bluesky,true,true,false,true,relevant,relevant,irrelevant,llm_v2b>llm_v2c>llm_v2d,llm_v2b@2026-09-22T06:02:28.700376+00:00,9da653163799d56c+ca3b837dd0b3e85c,user,Qwen/Qwen3-4B-Instruct-2507,derived_validated,
27114,at://did:plc:ofsnlyw74iuteh3ed7ilccw4/app.bsky.feed.post/3mudbgso6pc2p,did:plc:ofsnlyw74iuteh3ed7ilccw4,2026-08-30T20:51:29.081000+00:00,bluesky,false,false,true,true,irrelevant,irrelevant,relevant,llm_v2b>llm_v2c>llm_v2d,,,,,deterministic_rules,
27172,at://did:plc:ol7bifw52gyrbassw2vxjnm5/app.bsky.feed.post/3mucxyazuks2n,did:plc:ol7bifw52gyrbassw2vxjnm5,2026-08-30T18:02:17.151000+00:00,bluesky,true,true,true,true,relevant,relevant,relevant,llm_v2b>llm_v2c>llm_v2d,llm_v2b@2026-09-22T06:02:28.700376+00:00,9da653163799d56c+ca3b837dd0b3e85c,user,Qwen/Qwen3-4B-Instruct-2507,derived_validated,
27189,at://did:plc:7oeufzwrvqyzfmj3jffojbjw/app.bsky.feed.post/3mucupxvkz62e,did:plc:7oeufzwrvqyzfmj3jffojbjw,2026-08-30T17:03:57+00:00,bluesky,false,false,true,true,irrelevant,irrelevant,relevant,llm_v2b>llm_v2c>llm_v2d,,,,,deterministic_rules,
27282,at://did:plc:umr5rtxm57z3lnioen5gihfg/app.bsky.feed.post/3muckqrmvcw26,did:plc:umr5rtxm57z3lnioen5gihfg,2026-08-30T14:05:27.232000+00:00,bluesky,true,true,false,true,relevant,relevant,irrelevant,llm_v2b>llm_v2c>llm_v2d,llm_v2b@2026-09-22T06:02:28.700376+00:00,9da653163799d56c+ca3b837dd0b3e85c,user,Qwen/Qwen3-4B-Instruct-2507,derived_validated,
27363,at://did:plc:2cnfhtoo5itroqyn6xh52pys/app.bsky.feed.post/3muca6nzngk2b,did:plc:2cnfhtoo5itroqyn6xh52pys,2026-08-30T10:56:22.298000+00:00,bluesky,true,true,false,true,relevant,relevant,irrelevant,llm_v2b>llm_v2c>llm_v2d,llm_v2b@2026-09-22T06:02:28.700376+00:00,9da653163799d56c+ca3b837dd0b3e85c,user,Qwen/Qwen3-4B-Instruct-2507,derived_validated,
27375,at://did:plc:jzdwi7iyqrjseoi6fyilwlw6/app.bsky.feed.post/3muc4xjuwrp2b,did:plc:jzdwi7iyqrjseoi6fyilwlw6,2026-08-30T09:58:41.782000+00:00,bluesky,true,true,true,true,relevant,relevant,relevant,llm_v2b>llm_v2c>llm_v2d,llm_v2b@2026-09-22T06:02:28.700376+00:00,9da653163799d56c+ca3b837dd0b3e85c,user,Qwen/Qwen3-4B-Instruct-2507,derived_validated,
27383,at://did:plc:6caac4vrcwexvvqs5ix4yx3j/app.bsky.feed.post/3muc3qgyuqx2o,did:plc:6caac4vrcwexvvqs5ix4yx3j,2026-08-30T09:36:50.122000+00:00,bluesky,true,true,false,true,relevant,relevant,irrelevant,llm_v2b>llm_v2c>llm_v2d,llm_v2b@2026-09-22T06:02:28.700376+00:00,9da653163799d56c+ca3b837dd0b3e85c,user,Qwen/Qwen3-4B-Instruct-2507,derived_validated,
27423,at://did:plc:rvoxhqgtxnzlmxcdtjdhusu3/app.bsky.feed.post/3mubt7trntl2w,did:plc:rvoxhqgtxnzlmxcdtjdhusu3,2026-08-30T07:04:23.221000+00:00,bluesky,true,true,false,true,relevant,relevant,irrelevant,llm_v2b>llm_v2c>llm_v2d,llm_v2b@2026-09-22T06:02:28.700376+00:00,9da653163799d56c+ca3b837dd0b3e85c,user,Qwen/Qwen3-4B-Instruct-2507,derived_validated,
27460,at://did:plc:lmbuezbdevxtwbbglxczaxxp/app.bsky.feed.post/3mubkwpz6fk2u,did:plc:lmbuezbdevxtwbbglxczaxxp,2026-08-30T04:36:07.363000+00:00,bluesky,true,true,false,true,relevant,relevant,irrelevant,llm_v2b>llm_v2c>llm_v2d,llm_v2b@2026-09-22T06:02:28.700376+00:00,9da653163799d56c+ca3b837dd0b3e85c,user,Qwen/Qwen3-4B-Instruct-2507,derived_validated,
27487,at://did:plc:7plntmqa4vpjg3otsfc6i32j/app.bsky.feed.post/3mube7zmm3m2k,did:plc:7plntmqa4vpjg3otsfc6i32j,2026-08-30T02:36:03.156000+00:00,bluesky,true,true,false,true,relevant,relevant,irrelevant,llm_v2b>llm_v2c>llm_v2d,llm_v2b@2026-09-22T06:02:28.700376+00:00,9da653163799d56c+ca3b837dd0b3e85c,user,Qwen/Qwen3-4B-Instruct-2507,derived_validated,
27525,at://did:plc:pcievrygrnjjg5ni7mjfgctb/app.bsky.feed.post/3mub5cmpdzk25,did:plc:pcievrygrnjjg5ni7mjfgctb,2026-08-30T00:32:14.105000+00:00,bluesky,true,true,false,true,relevant,relevant,irrelevant,llm_v2b>llm_v2c>llm_v2d,llm_v2b@2026-09-22T06:02:28.700376+00:00,9da653163799d56c+ca3b837dd0b3e85c,user,Qwen/Qwen3-4B-Instruct-2507,derived_validated,
27528,at://did:plc:lpcsumiee6obcimaqmtnaypr/app.bsky.feed.post/3mub4xjo2uf2g,did:plc:lpcsumiee6obcimaqmtnaypr,2026-08-30T00:25:56+00:00,bluesky,true,true,false,true,relevant,relevant,irrelevant,llm_v2b>llm_v2c>llm_v2d,llm_v2b@2026-09-22T06:02:28.700376+00:00,9da653163799d56c+ca3b837dd0b3e85c,user,Qwen/Qwen3-4B-Instruct-2507,derived_validated,
27657,at://did:plc:yhcislofctqugsgzuhse7i5j/app.bsky.feed.post/3mucjxpyxlk2f,did:plc:yhcislofctqugsgzuhse7i5j,2026-08-30T13:51:26.911000+00:00,bluesky,true,true,false,true,relevant,relevant,irrelevant,llm_v2b>llm_v2c>llm_v2d,llm_v2b@2026-09-22T06:02:28.700376+00:00,9da653163799d56c+ca3b837dd0b3e85c,user,Qwen/Qwen3-4B-Instruct-2507,derived_validated,
27934,at://did:plc:qifcssw4ymmiekaemsqjisud/app.bsky.feed.post/77p3msbkmlcea,did:plc:qifcssw4ymmiekaemsqjisud,2026-08-30T08:45:25.076906+00:00,bluesky,true,true,false,true,relevant,relevant,irrelevant,llm_v2b>llm_v2c>llm_v2d,llm_v2b@2026-09-22T06:02:28.700376+00:00,9da653163799d56c+ca3b837dd0b3e85c,user,Qwen/Qwen3-4B-Instruct-2507,derived_validated,
28096,at://did:plc:x5y54mcrgss32dc65nu546fi/app.bsky.feed.post/3mucm5oh36k25,did:plc:x5y54mcrgss32dc65nu546fi,2026-08-30T14:30:31.991000+00:00,bluesky,true,true,false,true,relevant,relevant,irrelevant,llm_v2b>llm_v2c>llm_v2d,llm_v2b@2026-09-22T06:02:28.700376+00:00,9da653163799d56c+ca3b837dd0b3e85c,user,Qwen/Qwen3-4B-Instruct-2507,derived_validated,
28159,at://did:plc:a73vcnfeg4nz6ci3vfh2nszb/app.bsky.feed.post/3mubtmyikxj2w,did:plc:a73vcnfeg4nz6ci3vfh2nszb,2026-08-30T07:11:38.952327+00:00,bluesky,false,false,true,true,irrelevant,irrelevant,relevant,llm_v2b>llm_v2c>llm_v2d,,,,,deterministic_rules,
28580,at://did:plc:52debdyz5arjmzlnis3bjbzi/app.bsky.feed.post/3muc6pwuww72j,did:plc:52debdyz5arjmzlnis3bjbzi,2026-08-30T10:30:14.413701+00:00,bluesky,true,true,false,true,relevant,relevant,irrelevant,llm_v2b>llm_v2c>llm_v2d,llm_v2b@2026-09-22T06:02:28.700376+00:00,9da653163799d56c+ca3b837dd0b3e85c,user,Qwen/Qwen3-4B-Instruct-2507,derived_validated,
28788,at://did:plc:56yk6cagxatjj2k4eh5cobpo/app.bsky.feed.post/3muc2szvbho23,did:plc:56yk6cagxatjj2k4eh5cobpo,2026-08-30T09:20:12+00:00,bluesky,true,true,false,true,relevant,relevant,irrelevant,llm_v2b>llm_v2c>llm_v2d,llm_v2b@2026-09-22T06:02:28.700376+00:00,9da653163799d56c+ca3b837dd0b3e85c,user,Qwen/Qwen3-4B-Instruct-2507,derived_validated,
28793,at://did:plc:cbhiovnsg3bpx5apc4hs4dte/app.bsky.feed.post/3mubedtwpln25,did:plc:cbhiovnsg3bpx5apc4hs4dte,2026-08-30T02:38:11.298000+00:00,bluesky,true,true,false,true,relevant,relevant,irrelevant,llm_v2b>llm_v2c>llm_v2d,llm_v2b@2026-09-22T06:02:28.700376+00:00,9da653163799d56c+ca3b837dd0b3e85c,user,Qwen/Qwen3-4B-Instruct-2507,derived_validated,
28800,at://did:plc:vevngu5t7a2zqvdftysxv26d/app.bsky.feed.post/3mudduvygg22m,did:plc:vevngu5t7a2zqvdftysxv26d,2026-08-30T21:35:09.809000+00:00,bluesky,true,true,false,true,relevant,relevant,irrelevant,llm_v2b>llm_v2c>llm_v2d,llm_v2b@2026-09-22T06:02:28.700376+00:00,9da653163799d56c+ca3b837dd0b3e85c,user,Qwen/Qwen3-4B-Instruct-2507,derived_validated,
28803,at://did:plc:uo4didwt5qe4onrscbmqwvwm/app.bsky.feed.post/3mucr6fvm4v2e,did:plc:uo4didwt5qe4onrscbmqwvwm,2026-08-30T16:00:00+00:00,bluesky,true,true,false,true,relevant,relevant,irrelevant,llm_v2b>llm_v2c>llm_v2d,llm_v2b@2026-09-22T06:02:28.700376+00:00,9da653163799d56c+ca3b837dd0b3e85c,user,Qwen/Qwen3-4B-Instruct-2507,derived_validated,
28807,at://did:plc:x7ruo3dewxqyqznwrloj6vof/app.bsky.feed.post/5s2kmjce53os5,did:plc:x7ruo3dewxqyqznwrloj6vof,2026-08-30T14:16:47.713000+00:00,bluesky,true,true,false,true,relevant,relevant,irrelevant,llm_v2b>llm_v2c>llm_v2d,llm_v2b@2026-09-22T06:02:28.700376+00:00,9da653163799d56c+ca3b837dd0b3e85c,user,Qwen/Qwen3-4B-Instruct-2507,derived_validated,
28810,at://did:plc:yhtg3ytr5ddrf2effyd2z7iy/app.bsky.feed.post/3muc7oaagy62b,did:plc:yhtg3ytr5ddrf2effyd2z7iy,2026-08-30T10:47:09+00:00,bluesky,true,true,false,true,relevant,relevant,irrelevant,llm_v2b>llm_v2c>llm_v2d,llm_v2b@2026-09-22T06:02:28.700376+00:00,9da653163799d56c+ca3b837dd0b3e85c,user,Qwen/Qwen3-4B-Instruct-2507,derived_validated,
28816,at://did:plc:ujcfuunnifiu3jwuf3vek6ee/app.bsky.feed.post/3mudji7ut3k2w,did:plc:ujcfuunnifiu3jwuf3vek6ee,2026-08-30T23:15:06+00:00,bluesky,true,true,false,true,relevant,relevant,irrelevant,llm_v2b>llm_v2c>llm_v2d,llm_v2b@2026-09-22T06:02:28.700376+00:00,9da653163799d56c+ca3b837dd0b3e85c,user,Qwen/Qwen3-4B-Instruct-2507,derived_validated,
28822,at://did:plc:kzmukwaf72iwepygposicgt3/app.bsky.feed.post/3mudbnpauxb23,did:plc:kzmukwaf72iwepygposicgt3,2026-08-30T20:32:39+00:00,bluesky,true,true,false,true,relevant,relevant,irrelevant,llm_v2b>llm_v2c>llm_v2d,llm_v2b@2026-09-22T06:02:28.700376+00:00,9da653163799d56c+ca3b837dd0b3e85c,user,Qwen/Qwen3-4B-Instruct-2507,derived_validated,
28824,at://did:plc:bjql5x4d2sknkpmpfla2maqt/app.bsky.feed.post/3mud6h7wlac2e,did:plc:bjql5x4d2sknkpmpfla2maqt,2026-08-30T19:58:00.431000+00:00,bluesky,true,true,false,true,relevant,relevant,irrelevant,llm_v2b>llm_v2c>llm_v2d,llm_v2b@2026-09-22T06:02:28.700376+00:00,9da653163799d56c+ca3b837dd0b3e85c,user,Qwen/Qwen3-4B-Instruct-2507,derived_validated,
28833,at://did:plc:kzmukwaf72iwepygposicgt3/app.bsky.feed.post/3mucqr6x5rk2x,did:plc:kzmukwaf72iwepygposicgt3,2026-08-30T15:43:22+00:00,bluesky,true,true,false,true,relevant,relevant,irrelevant,llm_v2b>llm_v2c>llm_v2d,llm_v2b@2026-09-22T06:02:28.700376+00:00,9da653163799d56c+ca3b837dd0b3e85c,user,Qwen/Qwen3-4B-Instruct-2507,derived_validated,
28839,at://did:plc:kzmukwaf72iwepygposicgt3/app.bsky.feed.post/3mucp4e2ckd2h,did:plc:kzmukwaf72iwepygposicgt3,2026-08-30T14:40:57+00:00,bluesky,true,true,false,true,relevant,relevant,irrelevant,llm_v2b>llm_v2c>llm_v2d,llm_v2b@2026-09-22T06:02:28.700376+00:00,9da653163799d56c+ca3b837dd0b3e85c,user,Qwen/Qwen3-4B-Instruct-2507,derived_validated,
28841,at://did:plc:anpfslmr5xhyw7oqzai3dprd/app.bsky.feed.post/3mucmcweaxk2u,did:plc:anpfslmr5xhyw7oqzai3dprd,2026-08-30T14:33:21.784000+00:00,bluesky,true,true,false,true,relevant,relevant,irrelevant,llm_v2b>llm_v2c>llm_v2d,llm_v2b@2026-09-22T06:02:28.700376+00:00,9da653163799d56c+ca3b837dd0b3e85c,user,Qwen/Qwen3-4B-Instruct-2507,derived_validated,
28843,at://did:plc:qtupmmogj72y37n7pl4u736w/app.bsky.feed.post/3muchvk7b732t,did:plc:qtupmmogj72y37n7pl4u736w,2026-08-30T13:14:23+00:00,bluesky,true,true,false,true,relevant,relevant,irrelevant,llm_v2b>llm_v2c>llm_v2d,llm_v2b@2026-09-22T06:02:28.700376+00:00,9da653163799d56c+ca3b837dd0b3e85c,user,Qwen/Qwen3-4B-Instruct-2507,derived_validated,
28844,at://did:plc:csiqn7kkc2zxx3unj2gl5fmi/app.bsky.feed.post/3much5tvnmsc2,did:plc:csiqn7kkc2zxx3unj2gl5fmi,2026-08-30T13:01:08+00:00,bluesky,true,true,false,true,relevant,relevant,irrelevant,llm_v2b>llm_v2c>llm_v2d,llm_v2b@2026-09-22T06:02:28.700376+00:00,9da653163799d56c+ca3b837dd0b3e85c,user,Qwen/Qwen3-4B-Instruct-2507,derived_validated,
28850,at://did:plc:5gboqophxgbh7htucfhyt5gb/app.bsky.feed.post/3muc3d5m4h32h,did:plc:5gboqophxgbh7htucfhyt5gb,2026-08-30T09:29:14+00:00,bluesky,true,true,false,true,relevant,relevant,irrelevant,llm_v2b>llm_v2c>llm_v2d,llm_v2b@2026-09-22T06:02:28.700376+00:00,9da653163799d56c+ca3b837dd0b3e85c,user,Qwen/Qwen3-4B-Instruct-2507,derived_validated,
28990,at://did:plc:i5a2vsezf56iu2yjtmb7m2tb/app.bsky.feed.post/3mufdmydgjs2v,did:plc:i5a2vsezf56iu2yjtmb7m2tb,2026-08-31T16:36:03.306000+00:00,bluesky,true,true,false,true,relevant,relevant,irrelevant,llm_v2b>llm_v2c>llm_v2d,llm_v2b@2026-09-22T06:02:28.700376+00:00,9da653163799d56c+ca3b837dd0b3e85c,user,Qwen/Qwen3-4B-Instruct-2507,derived_validated,
29025,at://did:plc:7h7srlskyboefvfqmbgy2wax/app.bsky.feed.post/3muf6lekf4b2y,did:plc:7h7srlskyboefvfqmbgy2wax,2026-08-31T15:05:38+00:00,bluesky,true,true,true,true,relevant,relevant,relevant,llm_v2b>llm_v2c>llm_v2d,llm_v2b@2026-09-22T06:02:28.700376+00:00,9da653163799d56c+ca3b837dd0b3e85c,user,Qwen/Qwen3-4B-Instruct-2507,derived_validated,
29040,at://did:plc:7h7srlskyboefvfqmbgy2wax/app.bsky.feed.post/3muf6gxtcu72s,did:plc:7h7srlskyboefvfqmbgy2wax,2026-08-31T15:03:11+00:00,bluesky,true,true,true,true,relevant,relevant,relevant,llm_v2b>llm_v2c>llm_v2d,llm_v2b@2026-09-22T06:02:28.700376+00:00,9da653163799d56c+ca3b837dd0b3e85c,user,Qwen/Qwen3-4B-Instruct-2507,derived_validated,
29082,at://did:plc:u5d54hkw4ysuqtuvcj6cmsin/app.bsky.feed.post/3muf4mjfk5w2z,did:plc:u5d54hkw4ysuqtuvcj6cmsin,2026-08-31T14:30:31.410152+00:00,bluesky,true,true,true,true,relevant,relevant,relevant,llm_v2b>llm_v2c>llm_v2d,llm_v2b@2026-09-22T06:02:28.700376+00:00,9da653163799d56c+ca3b837dd0b3e85c,user,Qwen/Qwen3-4B-Instruct-2507,derived_validated,
29111,at://did:plc:hh3brnksirhma2rymwtpnp5w/app.bsky.feed.post/3muf3clgrqf2d,did:plc:hh3brnksirhma2rymwtpnp5w,2026-08-31T14:07:04.069377+00:00,bluesky,true,true,false,true,relevant,relevant,irrelevant,llm_v2b>llm_v2c>llm_v2d,llm_v2b@2026-09-22T06:02:28.700376+00:00,9da653163799d56c+ca3b837dd0b3e85c,user,Qwen/Qwen3-4B-Instruct-2507,derived_validated,
29335,at://did:plc:vx7kjgaxre7bro3fa3zcfvil/app.bsky.feed.post/3mufhu52k5s2c,did:plc:vx7kjgaxre7bro3fa3zcfvil,2026-08-31T17:51:38.108000+00:00,bluesky,true,true,false,true,relevant,relevant,irrelevant,llm_v2b>llm_v2c>llm_v2d,llm_v2b@2026-09-22T06:02:28.700376+00:00,9da653163799d56c+ca3b837dd0b3e85c,user,Qwen/Qwen3-4B-Instruct-2507,derived_validated,
29366,at://did:plc:36mxipp4egfrhqxfkedsmsqa/app.bsky.feed.post/3muf2y6eug22q,did:plc:36mxipp4egfrhqxfkedsmsqa,2026-08-31T14:01:13.828580+00:00,bluesky,true,true,false,true,relevant,relevant,irrelevant,llm_v2b>llm_v2c>llm_v2d,llm_v2b@2026-09-22T06:02:28.700376+00:00,9da653163799d56c+ca3b837dd0b3e85c,user,Qwen/Qwen3-4B-Instruct-2507,derived_validated,
29389,at://did:plc:juktl4ncvzeo637h2kf23fo2/app.bsky.feed.post/3muerw2x56s2t,did:plc:juktl4ncvzeo637h2kf23fo2,2026-08-31T11:19:00.688000+00:00,bluesky,true,true,false,true,relevant,relevant,irrelevant,llm_v2b>llm_v2c>llm_v2d,llm_v2b@2026-09-22T06:02:28.700376+00:00,9da653163799d56c+ca3b837dd0b3e85c,user,Qwen/Qwen3-4B-Instruct-2507,derived_validated,
29431,at://did:plc:nnkakrka4ra5bagmtsqhnlyj/app.bsky.feed.post/3mudzjrhops2f,did:plc:nnkakrka4ra5bagmtsqhnlyj,2026-08-31T04:02:37.564586+00:00,bluesky,true,true,true,true,relevant,relevant,relevant,llm_v2b>llm_v2c>llm_v2d,llm_v2b@2026-09-22T06:02:28.700376+00:00,9da653163799d56c+ca3b837dd0b3e85c,user,Qwen/Qwen3-4B-Instruct-2507,derived_validated,
29456,at://did:plc:hvp363fkbqsy6rzmdo4t7bva/app.bsky.feed.post/3mufnhcrdh22v,did:plc:hvp363fkbqsy6rzmdo4t7bva,2026-08-31T19:31:50.340000+00:00,bluesky,false,false,true,true,irrelevant,irrelevant,relevant,llm_v2b>llm_v2c>llm_v2d,,,,,deterministic_rules,
29520,at://did:plc:6x6mkii2k6cvtoy5lfds4f4r/app.bsky.feed.post/3muevpz7ytc2r,did:plc:6x6mkii2k6cvtoy5lfds4f4r,2026-08-31T12:27:12.521000+00:00,bluesky,true,true,false,true,relevant,relevant,irrelevant,llm_v2b>llm_v2c>llm_v2d,llm_v2b@2026-09-22T06:02:28.700376+00:00,9da653163799d56c+ca3b837dd0b3e85c,user,Qwen/Qwen3-4B-Instruct-2507,derived_validated,
29556,at://did:plc:lzy35mvnif6fmbevsc2kxewf/app.bsky.feed.post/3mug4g2op5k2k,did:plc:lzy35mvnif6fmbevsc2kxewf,2026-08-31T23:59:34.439000+00:00,bluesky,true,true,false,true,relevant,relevant,irrelevant,llm_v2b>llm_v2c>llm_v2d,llm_v2b@2026-09-22T06:02:28.700376+00:00,9da653163799d56c+ca3b837dd0b3e85c,user,Qwen/Qwen3-4B-Instruct-2507,derived_validated,
29560,at://did:plc:lzy35mvnif6fmbevsc2kxewf/app.bsky.feed.post/3mug3nkbwk22r,did:plc:lzy35mvnif6fmbevsc2kxewf,2026-08-31T23:45:51.936000+00:00,bluesky,true,true,false,true,relevant,relevant,irrelevant,llm_v2b>llm_v2c>llm_v2d,llm_v2b@2026-09-22T06:02:28.700376+00:00,9da653163799d56c+ca3b837dd0b3e85c,user,Qwen/Qwen3-4B-Instruct-2507,derived_validated,
29685,at://did:plc:eto6t7rpubrs7rfjbpk47ji6/app.bsky.feed.post/3mue3q7452d24,did:plc:eto6t7rpubrs7rfjbpk47ji6,2026-08-31T04:42:00.463000+00:00,bluesky,true,true,false,true,relevant,relevant,irrelevant,llm_v2b>llm_v2c>llm_v2d,llm_v2b@2026-09-22T06:02:28.700376+00:00,9da653163799d56c+ca3b837dd0b3e85c,user,Qwen/Qwen3-4B-Instruct-2507,derived_validated,
29768,at://did:plc:6caac4vrcwexvvqs5ix4yx3j/app.bsky.feed.post/3mufvttwp4t2w,did:plc:6caac4vrcwexvvqs5ix4yx3j,2026-08-31T22:02:00.850000+00:00,bluesky,true,true,false,true,relevant,relevant,irrelevant,llm_v2b>llm_v2c>llm_v2d,llm_v2b@2026-09-22T06:02:28.700376+00:00,9da653163799d56c+ca3b837dd0b3e85c,user,Qwen/Qwen3-4B-Instruct-2507,derived_validated,
29957,at://did:plc:dpmwlesjodhle7ss5227yvvg/app.bsky.feed.post/3muffg3x7ic2h,did:plc:dpmwlesjodhle7ss5227yvvg,2026-08-31T17:07:58+00:00,bluesky,false,false,true,true,irrelevant,irrelevant,relevant,llm_v2b>llm_v2c>llm_v2d,,,,,deterministic_rules,
29961,at://did:plc:6rvdipirgmnxilr6uhjyj4rx/app.bsky.feed.post/3muffcbbzjs2d,did:plc:6rvdipirgmnxilr6uhjyj4rx,2026-08-31T17:05:51.081000+00:00,bluesky,true,true,false,true,relevant,relevant,irrelevant,llm_v2b>llm_v2c>llm_v2d,llm_v2b@2026-09-22T06:02:28.700376+00:00,9da653163799d56c+ca3b837dd0b3e85c,user,Qwen/Qwen3-4B-Instruct-2507,derived_validated,
29971,at://did:plc:mri4qfwjhti5j4c3ob5vtudy/app.bsky.feed.post/3mufekhvcn22v,did:plc:mri4qfwjhti5j4c3ob5vtudy,2026-08-31T16:52:32.701000+00:00,bluesky,true,true,false,true,relevant,relevant,irrelevant,llm_v2b>llm_v2c>llm_v2d,llm_v2b@2026-09-22T06:02:28.700376+00:00,9da653163799d56c+ca3b837dd0b3e85c,user,Qwen/Qwen3-4B-Instruct-2507,derived_validated,
29983,at://did:plc:mht5ub4ykjuoxpux77hikixt/app.bsky.feed.post/3mufd5avdyw26,did:plc:mht5ub4ykjuoxpux77hikixt,2026-08-31T16:27:15.227000+00:00,bluesky,true,true,false,true,relevant,relevant,irrelevant,llm_v2b>llm_v2c>llm_v2d,llm_v2b@2026-09-22T06:02:28.700376+00:00,9da653163799d56c+ca3b837dd0b3e85c,user,Qwen/Qwen3-4B-Instruct-2507,derived_validated,
30005,at://did:plc:3dzlsh22j3qywv4f7a3jg6da/app.bsky.feed.post/3mufbuunwwj2s,did:plc:3dzlsh22j3qywv4f7a3jg6da,2026-08-31T16:04:40.228000+00:00,bluesky,true,true,true,true,relevant,relevant,relevant,llm_v2b>llm_v2c>llm_v2d,llm_v2b@2026-09-22T06:02:28.700376+00:00,9da653163799d56c+ca3b837dd0b3e85c,user,Qwen/Qwen3-4B-Instruct-2507,derived_validated,
30017,at://did:plc:j7pqcukp23sqtwgkww6fxowh/app.bsky.feed.post/3mufbgo3wcc2x,did:plc:j7pqcukp23sqtwgkww6fxowh,2026-08-31T15:56:43.765000+00:00,bluesky,true,true,false,true,relevant,relevant,irrelevant,llm_v2b>llm_v2c>llm_v2d,llm_v2b@2026-09-22T06:02:28.700376+00:00,9da653163799d56c+ca3b837dd0b3e85c,user,Qwen/Qwen3-4B-Instruct-2507,derived_validated,
30059,at://did:plc:qhpjl5bs7avqhnsyotqdjfn5/app.bsky.feed.post/3muf7mwmyiv2p,did:plc:qhpjl5bs7avqhnsyotqdjfn5,2026-08-31T15:24:26.856000+00:00,bluesky,true,true,false,true,relevant,relevant,irrelevant,llm_v2b>llm_v2c>llm_v2d,llm_v2b@2026-09-22T06:02:28.700376+00:00,9da653163799d56c+ca3b837dd0b3e85c,user,Qwen/Qwen3-4B-Instruct-2507,derived_validated,
30069,at://did:plc:snnonpacatnwizeqltdeb76a/app.bsky.feed.post/3muf7bzagcs26,did:plc:snnonpacatnwizeqltdeb76a,2026-08-31T15:18:20.191000+00:00,bluesky,true,true,false,true,relevant,relevant,irrelevant,llm_v2b>llm_v2c>llm_v2d,llm_v2b@2026-09-22T06:02:28.700376+00:00,9da653163799d56c+ca3b837dd0b3e85c,user,Qwen/Qwen3-4B-Instruct-2507,derived_validated,
30079,at://did:plc:pmbxakcznioprwejoytohdfx/app.bsky.feed.post/3muf6k2yzex2h,did:plc:pmbxakcznioprwejoytohdfx,2026-08-31T15:04:56.559000+00:00,bluesky,true,true,false,true,relevant,relevant,irrelevant,llm_v2b>llm_v2c>llm_v2d,llm_v2b@2026-09-22T06:02:28.700376+00:00,9da653163799d56c+ca3b837dd0b3e85c,user,Qwen/Qwen3-4B-Instruct-2507,derived_validated,
30083,at://did:plc:wuza6bavzfeghblx3lumvmol/app.bsky.feed.post/3muf6gm2xns2m,did:plc:wuza6bavzfeghblx3lumvmol,2026-08-31T15:03:00.222000+00:00,bluesky,false,false,true,true,irrelevant,irrelevant,relevant,llm_v2b>llm_v2c>llm_v2d,,,,,deterministic_rules,
30198,at://did:plc:fyitqypzz6qaax7ve46hsw52/app.bsky.feed.post/3muexouzku42u,did:plc:fyitqypzz6qaax7ve46hsw52,2026-08-31T13:02:20+00:00,bluesky,true,true,false,true,relevant,relevant,irrelevant,llm_v2b>llm_v2c>llm_v2d,llm_v2b@2026-09-22T06:02:28.700376+00:00,9da653163799d56c+ca3b837dd0b3e85c,user,Qwen/Qwen3-4B-Instruct-2507,derived_validated,
30336,at://did:plc:553eofo6hvuxcsxo7qfidxjs/app.bsky.feed.post/3muenbjesud2u,did:plc:553eofo6hvuxcsxo7qfidxjs,2026-08-31T09:55:11.207000+00:00,bluesky,true,true,false,true,relevant,relevant,irrelevant,llm_v2b>llm_v2c>llm_v2d,llm_v2b@2026-09-22T06:02:28.700376+00:00,9da653163799d56c+ca3b837dd0b3e85c,user,Qwen/Qwen3-4B-Instruct-2507,derived_validated,
30368,at://did:plc:vt5ozmxins3egwagq2ew4i3i/app.bsky.feed.post/3muekb6kiyr2f,did:plc:vt5ozmxins3egwagq2ew4i3i,2026-08-31T09:02:03.389501+00:00,bluesky,true,true,false,true,relevant,relevant,irrelevant,llm_v2b>llm_v2c>llm_v2d,llm_v2b@2026-09-22T06:02:28.700376+00:00,9da653163799d56c+ca3b837dd0b3e85c,user,Qwen/Qwen3-4B-Instruct-2507,derived_validated,
30479,at://did:plc:6zpzsab44xavrl46jqvba5wb/app.bsky.feed.post/3mudzo6tb3s24,did:plc:6zpzsab44xavrl46jqvba5wb,2026-08-31T04:05:06.515000+00:00,bluesky,true,true,false,true,relevant,relevant,irrelevant,llm_v2b>llm_v2c>llm_v2d,llm_v2b@2026-09-22T06:02:28.700376+00:00,9da653163799d56c+ca3b837dd0b3e85c,user,Qwen/Qwen3-4B-Instruct-2507,derived_validated,
30564,at://did:plc:mxaklaubyukwtv5inh4acbgx/app.bsky.feed.post/3mufnt7tgf22n,did:plc:mxaklaubyukwtv5inh4acbgx,2026-08-31T19:38:29.916000+00:00,bluesky,true,true,false,true,relevant,relevant,irrelevant,llm_v2b>llm_v2c>llm_v2d,llm_v2b@2026-09-22T06:02:28.700376+00:00,9da653163799d56c+ca3b837dd0b3e85c,user,Qwen/Qwen3-4B-Instruct-2507,derived_validated,
30573,at://did:plc:dn242yln2biooe6qkd237tqd/app.bsky.feed.post/3mufa2kxfi327,did:plc:dn242yln2biooe6qkd237tqd,2026-08-31T15:32:03.862000+00:00,bluesky,true,true,false,true,relevant,relevant,irrelevant,llm_v2b>llm_v2c>llm_v2d,llm_v2b@2026-09-22T06:02:28.700376+00:00,9da653163799d56c+ca3b837dd0b3e85c,user,Qwen/Qwen3-4B-Instruct-2507,derived_validated,
30620,at://did:plc:hz2dnqsb7kbg3bk6ze2y6uqt/app.bsky.feed.post/3mufzaebrf22y,did:plc:hz2dnqsb7kbg3bk6ze2y6uqt,2026-08-31T23:02:41.949000+00:00,bluesky,true,true,false,true,relevant,relevant,irrelevant,llm_v2b>llm_v2c>llm_v2d,llm_v2b@2026-09-22T06:02:28.700376+00:00,9da653163799d56c+ca3b837dd0b3e85c,user,Qwen/Qwen3-4B-Instruct-2507,derived_validated,
30637,at://did:plc:3yhalodeqpyktgozigullgmv/app.bsky.feed.post/3mufu46gqgq2i,did:plc:3yhalodeqpyktgozigullgmv,2026-08-31T21:30:52.685000+00:00,bluesky,true,true,false,true,relevant,relevant,irrelevant,llm_v2b>llm_v2c>llm_v2d,llm_v2b@2026-09-22T06:02:28.700376+00:00,9da653163799d56c+ca3b837dd0b3e85c,user,Qwen/Qwen3-4B-Instruct-2507,derived_validated,
30959,at://did:plc:klcuoryavbj3o6xttanevbra/app.bsky.feed.post/3mudv45u5322l,did:plc:klcuoryavbj3o6xttanevbra,2026-08-31T02:43:26.548000+00:00,bluesky,true,true,false,true,relevant,relevant,irrelevant,llm_v2b>llm_v2c>llm_v2d,llm_v2b@2026-09-22T06:02:28.700376+00:00,9da653163799d56c+ca3b837dd0b3e85c,user,Qwen/Qwen3-4B-Instruct-2507,derived_validated,
31291,at://did:plc:6fl4kkygikp5nggpcl2jscwy/app.bsky.feed.post/3mueiqwcrua25,did:plc:6fl4kkygikp5nggpcl2jscwy,2026-08-31T08:35:04+00:00,bluesky,true,true,false,true,relevant,relevant,irrelevant,llm_v2b>llm_v2c>llm_v2d,llm_v2b@2026-09-22T06:02:28.700376+00:00,9da653163799d56c+ca3b837dd0b3e85c,user,Qwen/Qwen3-4B-Instruct-2507,derived_validated,
31512,at://did:plc:ljotfo7yqepa6tjsmorusn7e/app.bsky.feed.post/3muf2fllxzo2b,did:plc:ljotfo7yqepa6tjsmorusn7e,2026-08-31T13:50:29.461000+00:00,bluesky,true,true,false,true,relevant,relevant,irrelevant,llm_v2b>llm_v2c>llm_v2d,llm_v2b@2026-09-22T06:02:28.700376+00:00,9da653163799d56c+ca3b837dd0b3e85c,user,Qwen/Qwen3-4B-Instruct-2507,derived_validated,
31571,at://did:plc:lf7b7spvj6fgrojvlud6evy3/app.bsky.feed.post/3muelnd5mgs2e,did:plc:lf7b7spvj6fgrojvlud6evy3,2026-08-31T09:26:44.847000+00:00,bluesky,true,true,true,true,relevant,relevant,relevant,llm_v2b>llm_v2c>llm_v2d,llm_v2b@2026-09-22T06:02:28.700376+00:00,9da653163799d56c+ca3b837dd0b3e85c,user,Qwen/Qwen3-4B-Instruct-2507,derived_validated,
31726,at://did:plc:4ljocc7u373ezhyf6qnxnv3w/app.bsky.feed.post/3mufbpnh3g22a,did:plc:4ljocc7u373ezhyf6qnxnv3w,2026-08-31T16:01:45.070000+00:00,bluesky,true,true,false,true,relevant,relevant,irrelevant,llm_v2b>llm_v2c>llm_v2d,llm_v2b@2026-09-22T06:02:28.700376+00:00,9da653163799d56c+ca3b837dd0b3e85c,user,Qwen/Qwen3-4B-Instruct-2507,derived_validated,
32008,at://did:plc:rdrteeamdh4ogtgcmcbt5s5i/app.bsky.feed.post/3mufhvzuau225,did:plc:rdrteeamdh4ogtgcmcbt5s5i,2026-08-31T17:52:41.864000+00:00,bluesky,true,true,false,true,relevant,relevant,irrelevant,llm_v2b>llm_v2c>llm_v2d,llm_v2b@2026-09-22T06:02:28.700376+00:00,9da653163799d56c+ca3b837dd0b3e85c,user,Qwen/Qwen3-4B-Instruct-2507,derived_validated,
32071,at://did:plc:nnkakrka4ra5bagmtsqhnlyj/app.bsky.feed.post/3mufsg6oemr2v,did:plc:nnkakrka4ra5bagmtsqhnlyj,2026-08-31T21:00:40.395428+00:00,bluesky,true,true,false,true,relevant,relevant,irrelevant,llm_v2b>llm_v2c>llm_v2d,llm_v2b@2026-09-22T06:02:28.700376+00:00,9da653163799d56c+ca3b837dd0b3e85c,user,Qwen/Qwen3-4B-Instruct-2507,derived_validated,
32084,at://did:plc:a3ao5kas7dyi5ooog5saz2ko/app.bsky.feed.post/3mufpmtcuc725,did:plc:a3ao5kas7dyi5ooog5saz2ko,2026-08-31T20:10:42.867000+00:00,bluesky,true,true,false,true,relevant,relevant,irrelevant,llm_v2b>llm_v2c>llm_v2d,llm_v2b@2026-09-22T06:02:28.700376+00:00,9da653163799d56c+ca3b837dd0b3e85c,user,Qwen/Qwen3-4B-Instruct-2507,derived_validated,
32085,at://did:plc:a3ao5kas7dyi5ooog5saz2ko/app.bsky.feed.post/3mufpmssttq2s,did:plc:a3ao5kas7dyi5ooog5saz2ko,2026-08-31T20:10:42.339000+00:00,bluesky,true,true,false,true,relevant,relevant,irrelevant,llm_v2b>llm_v2c>llm_v2d,llm_v2b@2026-09-22T06:02:28.700376+00:00,9da653163799d56c+ca3b837dd0b3e85c,user,Qwen/Qwen3-4B-Instruct-2507,derived_validated,
32191,at://did:plc:myutg2pwkjbukv7pq2hp5mtl/app.bsky.feed.post/44ysbawhdwk77,did:plc:myutg2pwkjbukv7pq2hp5mtl,2026-08-31T14:19:56.047000+00:00,bluesky,true,true,false,true,relevant,relevant,irrelevant,llm_v2b>llm_v2c>llm_v2d,llm_v2b@2026-09-22T06:02:28.700376+00:00,9da653163799d56c+ca3b837dd0b3e85c,user,Qwen/Qwen3-4B-Instruct-2507,derived_validated,
32372,at://did:plc:rvgczjwe4vpieijepny5voy7/app.bsky.feed.post/3mudzng3ih72r,did:plc:rvgczjwe4vpieijepny5voy7,2026-08-31T04:04:40.474792+00:00,bluesky,true,true,false,true,relevant,relevant,irrelevant,llm_v2b>llm_v2c>llm_v2d,llm_v2b@2026-09-22T06:02:28.700376+00:00,9da653163799d56c+ca3b837dd0b3e85c,user,Qwen/Qwen3-4B-Instruct-2507,derived_validated,
32401,at://did:plc:fyitqypzz6qaax7ve46hsw52/app.bsky.feed.post/3mudsbyngzf2a,did:plc:fyitqypzz6qaax7ve46hsw52,2026-08-31T01:52:59+00:00,bluesky,true,true,false,true,relevant,relevant,irrelevant,llm_v2b>llm_v2c>llm_v2d,llm_v2b@2026-09-22T06:02:28.700376+00:00,9da653163799d56c+ca3b837dd0b3e85c,user,Qwen/Qwen3-4B-Instruct-2507,derived_validated,
32457,at://did:plc:hijbeizbm5ege43fnm6aqhee/app.bsky.feed.post/3muduwedckk24,did:plc:hijbeizbm5ege43fnm6aqhee,2026-08-31T02:40:12.011000+00:00,bluesky,false,false,true,true,irrelevant,irrelevant,relevant,llm_v2b>llm_v2c>llm_v2d,,,,,deterministic_rules,
32458,at://did:plc:hijbeizbm5ege43fnm6aqhee/app.bsky.feed.post/3mudtq5g5ss24,did:plc:hijbeizbm5ege43fnm6aqhee,2026-08-31T02:18:49.696000+00:00,bluesky,false,false,true,true,irrelevant,irrelevant,relevant,llm_v2b>llm_v2c>llm_v2d,,,,,deterministic_rules,
32459,at://did:plc:hijbeizbm5ege43fnm6aqhee/app.bsky.feed.post/3mudtnvwkos24,did:plc:hijbeizbm5ege43fnm6aqhee,2026-08-31T02:17:34.736000+00:00,bluesky,false,false,true,true,irrelevant,irrelevant,relevant,llm_v2b>llm_v2c>llm_v2d,,,,,deterministic_rules,
32472,at://did:plc:bktymj6a3xg3djwrtgna4ukz/app.bsky.feed.post/3mufqb46ozz2o,did:plc:bktymj6a3xg3djwrtgna4ukz,2026-08-31T20:22:02.177149+00:00,bluesky,true,true,false,true,relevant,relevant,irrelevant,llm_v2b>llm_v2c>llm_v2d,llm_v2b@2026-09-22T06:02:28.700376+00:00,9da653163799d56c+ca3b837dd0b3e85c,user,Qwen/Qwen3-4B-Instruct-2507,derived_validated,
32612,at://did:plc:azp4n4gq5lwfgtuljvjljmmo/app.bsky.feed.post/3muf6tacm2b2x,did:plc:azp4n4gq5lwfgtuljvjljmmo,2026-08-31T15:10:03+00:00,bluesky,true,true,false,true,relevant,relevant,irrelevant,llm_v2b>llm_v2c>llm_v2d,llm_v2b@2026-09-22T06:02:28.700376+00:00,9da653163799d56c+ca3b837dd0b3e85c,user,Qwen/Qwen3-4B-Instruct-2507,derived_validated,
32627,at://did:plc:x7ruo3dewxqyqznwrloj6vof/app.bsky.feed.post/aeqwk5djy7j5g,did:plc:x7ruo3dewxqyqznwrloj6vof,2026-08-31T07:51:51.188000+00:00,bluesky,true,true,false,true,relevant,relevant,irrelevant,llm_v2b>llm_v2c>llm_v2d,llm_v2b@2026-09-22T06:02:28.700376+00:00,9da653163799d56c+ca3b837dd0b3e85c,user,Qwen/Qwen3-4B-Instruct-2507,derived_validated,
32629,at://did:plc:x7ruo3dewxqyqznwrloj6vof/app.bsky.feed.post/3smxtk7yp7d23,did:plc:x7ruo3dewxqyqznwrloj6vof,2026-08-31T07:11:56.435000+00:00,bluesky,true,true,false,true,relevant,relevant,irrelevant,llm_v2b>llm_v2c>llm_v2d,llm_v2b@2026-09-22T06:02:28.700376+00:00,9da653163799d56c+ca3b837dd0b3e85c,user,Qwen/Qwen3-4B-Instruct-2507,derived_validated,
32630,at://did:plc:qu2otkjtjjejhuwbimez4jny/app.bsky.feed.post/3muecf4gco22d,did:plc:qu2otkjtjjejhuwbimez4jny,2026-08-31T06:41:05.681000+00:00,bluesky,true,true,false,true,relevant,relevant,irrelevant,llm_v2b>llm_v2c>llm_v2d,llm_v2b@2026-09-22T06:02:28.700376+00:00,9da653163799d56c+ca3b837dd0b3e85c,user,Qwen/Qwen3-4B-Instruct-2507,derived_validated,
32643,at://did:plc:tuwg4bd73p5m7jrrmjhl2jix/app.bsky.feed.post/3mufdsbwlha24,did:plc:tuwg4bd73p5m7jrrmjhl2jix,2026-08-31T16:39:00.781000+00:00,bluesky,true,true,false,true,relevant,relevant,irrelevant,llm_v2b>llm_v2c>llm_v2d,llm_v2b@2026-09-22T06:02:28.700376+00:00,9da653163799d56c+ca3b837dd0b3e85c,user,Qwen/Qwen3-4B-Instruct-2507,derived_validated,
32651,at://did:plc:xjpbj2p45pd6szjjjkoe5h32/app.bsky.feed.post/3muesd37qyzm2,did:plc:xjpbj2p45pd6szjjjkoe5h32,2026-08-31T11:26:11+00:00,bluesky,true,true,false,true,relevant,relevant,irrelevant,llm_v2b>llm_v2c>llm_v2d,llm_v2b@2026-09-22T06:02:28.700376+00:00,9da653163799d56c+ca3b837dd0b3e85c,user,Qwen/Qwen3-4B-Instruct-2507,derived_validated,
32656,at://did:plc:a3ul5q5rkrk4im4sesowx4b3/app.bsky.feed.post/3muepeayuuk2i,did:plc:a3ul5q5rkrk4im4sesowx4b3,2026-08-31T10:33:15+00:00,bluesky,true,true,false,true,relevant,relevant,irrelevant,llm_v2b>llm_v2c>llm_v2d,llm_v2b@2026-09-22T06:02:28.700376+00:00,9da653163799d56c+ca3b837dd0b3e85c,user,Qwen/Qwen3-4B-Instruct-2507,derived_validated,
32657,at://did:plc:vb7d3zz6khc7zqcg7743eqiq/app.bsky.feed.post/3muepe7l2dw2x,did:plc:vb7d3zz6khc7zqcg7743eqiq,2026-08-31T10:32:56.464000+00:00,bluesky,true,true,false,true,relevant,relevant,irrelevant,llm_v2b>llm_v2c>llm_v2d,llm_v2b@2026-09-22T06:02:28.700376+00:00,9da653163799d56c+ca3b837dd0b3e85c,user,Qwen/Qwen3-4B-Instruct-2507,derived_validated,
32658,at://did:plc:kzmukwaf72iwepygposicgt3/app.bsky.feed.post/3mueqdmsk3n22,did:plc:kzmukwaf72iwepygposicgt3,2026-08-31T10:23:39+00:00,bluesky,true,true,false,true,relevant,relevant,irrelevant,llm_v2b>llm_v2c>llm_v2d,llm_v2b@2026-09-22T06:02:28.700376+00:00,9da653163799d56c+ca3b837dd0b3e85c,user,Qwen/Qwen3-4B-Instruct-2507,derived_validated,
32666,at://did:plc:kfsaqdm4624tghuu4nydph2i/app.bsky.feed.post/3muedeo3hdb2b,did:plc:kfsaqdm4624tghuu4nydph2i,2026-08-31T06:58:44.369000+00:00,bluesky,true,true,false,true,relevant,relevant,irrelevant,llm_v2b>llm_v2c>llm_v2d,llm_v2b@2026-09-22T06:02:28.700376+00:00,9da653163799d56c+ca3b837dd0b3e85c,user,Qwen/Qwen3-4B-Instruct-2507,derived_validated,
32680,at://did:plc:cx6k65eqssfqt2ievqsrowwz/app.bsky.feed.post/3mufju6pbys24,did:plc:cx6k65eqssfqt2ievqsrowwz,2026-08-31T18:27:27.319000+00:00,bluesky,true,true,false,true,relevant,relevant,irrelevant,llm_v2b>llm_v2c>llm_v2d,llm_v2b@2026-09-22T06:02:28.700376+00:00,9da653163799d56c+ca3b837dd0b3e85c,user,Qwen/Qwen3-4B-Instruct-2507,derived_validated,
32686,at://did:plc:pu4dpzlp6vjxwy2wi62dtihl/app.bsky.feed.post/3mufewvlx2h2h,did:plc:pu4dpzlp6vjxwy2wi62dtihl,2026-08-31T16:59:29.688250+00:00,bluesky,true,true,false,true,relevant,relevant,irrelevant,llm_v2b>llm_v2c>llm_v2d,llm_v2b@2026-09-22T06:02:28.700376+00:00,9da653163799d56c+ca3b837dd0b3e85c,user,Qwen/Qwen3-4B-Instruct-2507,derived_validated,
32712,at://did:plc:pu4dpzlp6vjxwy2wi62dtihl/app.bsky.feed.post/3muet7eqcoq2w,did:plc:pu4dpzlp6vjxwy2wi62dtihl,2026-08-31T11:42:06.637370+00:00,bluesky,true,true,false,true,relevant,relevant,irrelevant,llm_v2b>llm_v2c>llm_v2d,llm_v2b@2026-09-22T06:02:28.700376+00:00,9da653163799d56c+ca3b837dd0b3e85c,user,Qwen/Qwen3-4B-Instruct-2507,derived_validated,
32737,at://did:plc:55xm5fd5lnhlljkv7hp6uin3/app.bsky.feed.post/3muemn7gumr23,did:plc:55xm5fd5lnhlljkv7hp6uin3,2026-08-31T09:44:35.710000+00:00,bluesky,true,true,false,true,relevant,relevant,irrelevant,llm_v2b>llm_v2c>llm_v2d,llm_v2b@2026-09-22T06:02:28.700376+00:00,9da653163799d56c+ca3b837dd0b3e85c,user,Qwen/Qwen3-4B-Instruct-2507,derived_validated,
32738,at://did:plc:236mwzduwwykthn7xa6hcqh2/app.bsky.feed.post/3muemlo4lsb27,did:plc:236mwzduwwykthn7xa6hcqh2,2026-08-31T09:43:43.601000+00:00,bluesky,true,true,false,true,relevant,relevant,irrelevant,llm_v2b>llm_v2c>llm_v2d,llm_v2b@2026-09-22T06:02:28.700376+00:00,9da653163799d56c+ca3b837dd0b3e85c,user,Qwen/Qwen3-4B-Instruct-2507,derived_validated,
32746,at://did:plc:m6a3yhogcjfbeuzpo3ih47kd/app.bsky.feed.post/3muefwkpquq2b,did:plc:m6a3yhogcjfbeuzpo3ih47kd,2026-08-31T07:44:31.875000+00:00,bluesky,true,true,false,true,relevant,relevant,irrelevant,llm_v2b>llm_v2c>llm_v2d,llm_v2b@2026-09-22T06:02:28.700376+00:00,9da653163799d56c+ca3b837dd0b3e85c,user,Qwen/Qwen3-4B-Instruct-2507,derived_validated,
32747,at://did:plc:xhye77kvlv7vddwpapebsljj/app.bsky.feed.post/3mueffzcf3d2u,did:plc:xhye77kvlv7vddwpapebsljj,2026-08-31T07:35:17.038000+00:00,bluesky,true,true,false,true,relevant,relevant,irrelevant,llm_v2b>llm_v2c>llm_v2d,llm_v2b@2026-09-22T06:02:28.700376+00:00,9da653163799d56c+ca3b837dd0b3e85c,user,Qwen/Qwen3-4B-Instruct-2507,derived_validated,
32762,at://did:plc:6iqhbgz7vhejloh2b7hgjfp3/app.bsky.feed.post/3mueayr4apa2r,did:plc:6iqhbgz7vhejloh2b7hgjfp3,2026-08-31T06:16:10+00:00,bluesky,true,true,false,true,relevant,relevant,irrelevant,llm_v2b>llm_v2c>llm_v2d,llm_v2b@2026-09-22T06:02:28.700376+00:00,9da653163799d56c+ca3b837dd0b3e85c,user,Qwen/Qwen3-4B-Instruct-2507,derived_validated,
32787,at://did:plc:lpcsumiee6obcimaqmtnaypr/app.bsky.feed.post/3muids6iuqk2l,did:plc:lpcsumiee6obcimaqmtnaypr,2026-09-01T21:16:51+00:00,bluesky,true,true,false,true,relevant,relevant,irrelevant,llm_v2b>llm_v2c>llm_v2d,llm_v2b@2026-09-22T06:02:28.700376+00:00,9da653163799d56c+ca3b837dd0b3e85c,user,Qwen/Qwen3-4B-Instruct-2507,derived_validated,
32911,at://did:plc:u5d54hkw4ysuqtuvcj6cmsin/app.bsky.feed.post/3muhkktvvlu2f,did:plc:u5d54hkw4ysuqtuvcj6cmsin,2026-09-01T13:45:27.166652+00:00,bluesky,true,true,true,true,relevant,relevant,relevant,llm_v2b>llm_v2c>llm_v2d,llm_v2b@2026-09-22T06:02:28.700376+00:00,9da653163799d56c+ca3b837dd0b3e85c,user,Qwen/Qwen3-4B-Instruct-2507,derived_validated,
32933,at://did:plc:letgghriwshm3nehdhns76ha/app.bsky.feed.post/3muhhjnhrxg2a,did:plc:letgghriwshm3nehdhns76ha,2026-09-01T12:51:05.655000+00:00,bluesky,true,true,false,true,relevant,relevant,irrelevant,llm_v2b>llm_v2c>llm_v2d,llm_v2b@2026-09-22T06:02:28.700376+00:00,9da653163799d56c+ca3b837dd0b3e85c,user,Qwen/Qwen3-4B-Instruct-2507,derived_validated,
32938,at://did:plc:i5a2vsezf56iu2yjtmb7m2tb/app.bsky.feed.post/3muhg67qbvk2z,did:plc:i5a2vsezf56iu2yjtmb7m2tb,2026-09-01T12:26:48.446000+00:00,bluesky,true,true,false,true,relevant,relevant,irrelevant,llm_v2b>llm_v2c>llm_v2d,llm_v2b@2026-09-22T06:02:28.700376+00:00,9da653163799d56c+ca3b837dd0b3e85c,user,Qwen/Qwen3-4B-Instruct-2507,derived_validated,
32976,at://did:plc:6hbp4de6bnetf4xwtwtdutby/app.bsky.feed.post/3muh4n7oqtk2l,did:plc:6hbp4de6bnetf4xwtwtdutby,2026-09-01T09:36:14.303000+00:00,bluesky,true,true,false,true,relevant,relevant,irrelevant,llm_v2b>llm_v2c>llm_v2d,llm_v2b@2026-09-22T06:02:28.700376+00:00,9da653163799d56c+ca3b837dd0b3e85c,user,Qwen/Qwen3-4B-Instruct-2507,derived_validated,
32977,at://did:plc:panpxgnq2juc4gos5w52yaoy/app.bsky.feed.post/3muh45zjqsa2y,did:plc:panpxgnq2juc4gos5w52yaoy,2026-09-01T09:27:44.342000+00:00,bluesky,true,true,false,true,relevant,relevant,irrelevant,llm_v2b>llm_v2c>llm_v2d,llm_v2b@2026-09-22T06:02:28.700376+00:00,9da653163799d56c+ca3b837dd0b3e85c,user,Qwen/Qwen3-4B-Instruct-2507,derived_validated,
33002,at://did:plc:u5d54hkw4ysuqtuvcj6cmsin/app.bsky.feed.post/3muh2nbbsbz27,did:plc:u5d54hkw4ysuqtuvcj6cmsin,2026-09-01T09:00:28.446012+00:00,bluesky,true,true,true,true,relevant,relevant,relevant,llm_v2b>llm_v2c>llm_v2d,llm_v2b@2026-09-22T06:02:28.700376+00:00,9da653163799d56c+ca3b837dd0b3e85c,user,Qwen/Qwen3-4B-Instruct-2507,derived_validated,
33061,at://did:plc:u5d54hkw4ysuqtuvcj6cmsin/app.bsky.feed.post/3mugsbfwwjk2f,did:plc:u5d54hkw4ysuqtuvcj6cmsin,2026-09-01T06:30:40.740537+00:00,bluesky,true,true,true,true,relevant,relevant,relevant,llm_v2b>llm_v2c>llm_v2d,llm_v2b@2026-09-22T06:02:28.700376+00:00,9da653163799d56c+ca3b837dd0b3e85c,user,Qwen/Qwen3-4B-Instruct-2507,derived_validated,
33068,at://did:plc:i5a2vsezf56iu2yjtmb7m2tb/app.bsky.feed.post/3mugphsc3w22u,did:plc:i5a2vsezf56iu2yjtmb7m2tb,2026-09-01T05:40:33.839000+00:00,bluesky,true,true,true,true,relevant,relevant,relevant,llm_v2b>llm_v2c>llm_v2d,llm_v2b@2026-09-22T06:02:28.700376+00:00,9da653163799d56c+ca3b837dd0b3e85c,user,Qwen/Qwen3-4B-Instruct-2507,derived_validated,
33071,at://did:plc:7h7srlskyboefvfqmbgy2wax/app.bsky.feed.post/3mugnbo35s22r,did:plc:7h7srlskyboefvfqmbgy2wax,2026-09-01T05:01:19+00:00,bluesky,true,true,true,true,relevant,relevant,relevant,llm_v2b>llm_v2c>llm_v2d,llm_v2b@2026-09-22T06:02:28.700376+00:00,9da653163799d56c+ca3b837dd0b3e85c,user,Qwen/Qwen3-4B-Instruct-2507,derived_validated,
33073,at://did:plc:5cjtlwhckfhm5oidxvvqxsrz/app.bsky.feed.post/3mugml33c742m,did:plc:5cjtlwhckfhm5oidxvvqxsrz,2026-09-01T04:48:42.212219+00:00,bluesky,true,true,true,true,relevant,relevant,relevant,llm_v2b>llm_v2c>llm_v2d,llm_v2b@2026-09-22T06:02:28.700376+00:00,9da653163799d56c+ca3b837dd0b3e85c,user,Qwen/Qwen3-4B-Instruct-2507,derived_validated,
33077,at://did:plc:2ofvkralnuuhvpvv5dhfgmoh/app.bsky.feed.post/3mugk7mzsqy2k,did:plc:2ofvkralnuuhvpvv5dhfgmoh,2026-09-01T04:06:31.071414+00:00,bluesky,true,true,true,true,relevant,relevant,relevant,llm_v2b>llm_v2c>llm_v2d,llm_v2b@2026-09-22T06:02:28.700376+00:00,9da653163799d56c+ca3b837dd0b3e85c,user,Qwen/Qwen3-4B-Instruct-2507,derived_validated,
33080,at://did:plc:hh3brnksirhma2rymwtpnp5w/app.bsky.feed.post/3mugjownfua2g,did:plc:hh3brnksirhma2rymwtpnp5w,2026-09-01T03:57:10.580391+00:00,bluesky,true,true,true,true,relevant,relevant,relevant,llm_v2b>llm_v2c>llm_v2d,llm_v2b@2026-09-22T06:02:28.700376+00:00,9da653163799d56c+ca3b837dd0b3e85c,user,Qwen/Qwen3-4B-Instruct-2507,derived_validated,
33132,at://did:plc:kbzotn4ippvrqllcitxglgm2/app.bsky.feed.post/3muidnbmtle2t,did:plc:kbzotn4ippvrqllcitxglgm2,2026-09-01T21:14:12.247000+00:00,bluesky,true,true,false,true,relevant,relevant,irrelevant,llm_v2b>llm_v2c>llm_v2d,llm_v2b@2026-09-22T06:02:28.700376+00:00,9da653163799d56c+ca3b837dd0b3e85c,user,Qwen/Qwen3-4B-Instruct-2507,derived_validated,
33165,at://did:plc:ag27ckyw5g6ybs2nmt2xcfif/app.bsky.feed.post/3muhwvyckhcs2,did:plc:ag27ckyw5g6ybs2nmt2xcfif,2026-09-01T17:26:23+00:00,bluesky,true,true,false,true,relevant,relevant,irrelevant,llm_v2b>llm_v2c>llm_v2d,llm_v2b@2026-09-22T06:02:28.700376+00:00,9da653163799d56c+ca3b837dd0b3e85c,user,Qwen/Qwen3-4B-Instruct-2507,derived_validated,
33169,at://did:plc:6odeziwmtcfrfi7xoezdrisj/app.bsky.feed.post/3muhvgopznc2r,did:plc:6odeziwmtcfrfi7xoezdrisj,2026-09-01T16:59:58.737000+00:00,bluesky,true,true,false,true,relevant,relevant,irrelevant,llm_v2b>llm_v2c>llm_v2d,llm_v2b@2026-09-22T06:02:28.700376+00:00,9da653163799d56c+ca3b837dd0b3e85c,user,Qwen/Qwen3-4B-Instruct-2507,derived_validated,
33209,at://did:plc:26ca4srtxiqsv2ros5c635sp/app.bsky.feed.post/3muhjls4yqz2b,did:plc:26ca4srtxiqsv2ros5c635sp,2026-09-01T13:28:04.939000+00:00,bluesky,true,true,false,true,relevant,relevant,irrelevant,llm_v2b>llm_v2c>llm_v2d,llm_v2b@2026-09-22T06:02:28.700376+00:00,9da653163799d56c+ca3b837dd0b3e85c,user,Qwen/Qwen3-4B-Instruct-2507,derived_validated,
33283,at://did:plc:a36x33wbsxvcwhxlisgjeepn/app.bsky.feed.post/3muimctar4w2k,did:plc:a36x33wbsxvcwhxlisgjeepn,2026-09-01T23:49:25+00:00,bluesky,true,true,true,true,relevant,relevant,relevant,llm_v2b>llm_v2c>llm_v2d,llm_v2b@2026-09-22T06:02:28.700376+00:00,9da653163799d56c+ca3b837dd0b3e85c,user,Qwen/Qwen3-4B-Instruct-2507,derived_validated,
33284,at://did:plc:l3cazudbqn4yc4j3i52owjyq/app.bsky.feed.post/3muimc4l4g72c,did:plc:l3cazudbqn4yc4j3i52owjyq,2026-09-01T23:49:01+00:00,bluesky,true,true,true,true,relevant,relevant,relevant,llm_v2b>llm_v2c>llm_v2d,llm_v2b@2026-09-22T06:02:28.700376+00:00,9da653163799d56c+ca3b837dd0b3e85c,user,Qwen/Qwen3-4B-Instruct-2507,derived_validated,
33285,at://did:plc:ywpeds6njvozaedik73xonho/app.bsky.feed.post/3muimblqpez2j,did:plc:ywpeds6njvozaedik73xonho,2026-09-01T23:48:43.463529+00:00,bluesky,true,true,false,true,relevant,relevant,irrelevant,llm_v2b>llm_v2c>llm_v2d,llm_v2b@2026-09-22T06:02:28.700376+00:00,9da653163799d56c+ca3b837dd0b3e85c,user,Qwen/Qwen3-4B-Instruct-2507,derived_validated,
33286,at://did:plc:sarym5p7vrxzdq476oo72w7r/app.bsky.feed.post/3muimaalwh32z,did:plc:sarym5p7vrxzdq476oo72w7r,2026-09-01T23:47:58+00:00,bluesky,true,true,true,true,relevant,relevant,relevant,llm_v2b>llm_v2c>llm_v2d,llm_v2b@2026-09-22T06:02:28.700376+00:00,9da653163799d56c+ca3b837dd0b3e85c,user,Qwen/Qwen3-4B-Instruct-2507,derived_validated,
33289,at://did:plc:nqvlaluxf557tez6mlwrnwuw/app.bsky.feed.post/3muim7b4yk72b,did:plc:nqvlaluxf557tez6mlwrnwuw,2026-09-01T23:47:25+00:00,bluesky,true,true,true,true,relevant,relevant,relevant,llm_v2b>llm_v2c>llm_v2d,llm_v2b@2026-09-22T06:02:28.700376+00:00,9da653163799d56c+ca3b837dd0b3e85c,user,Qwen/Qwen3-4B-Instruct-2507,derived_validated,
33290,at://did:plc:fp5g3ilx7f5gnuq3j6b4hlnr/app.bsky.feed.post/3muim7amqwq2e,did:plc:fp5g3ilx7f5gnuq3j6b4hlnr,2026-09-01T23:47:25+00:00,bluesky,true,true,true,true,relevant,relevant,relevant,llm_v2b>llm_v2c>llm_v2d,llm_v2b@2026-09-22T06:02:28.700376+00:00,9da653163799d56c+ca3b837dd0b3e85c,user,Qwen/Qwen3-4B-Instruct-2507,derived_validated,
33315,at://did:plc:zsljidkeeogpt7thddhj5muu/app.bsky.feed.post/3mui4md7vyk2j,did:plc:zsljidkeeogpt7thddhj5muu,2026-09-01T19:08:24.195000+00:00,bluesky,true,true,false,true,relevant,relevant,irrelevant,llm_v2b>llm_v2c>llm_v2d,llm_v2b@2026-09-22T06:02:28.700376+00:00,9da653163799d56c+ca3b837dd0b3e85c,user,Qwen/Qwen3-4B-Instruct-2507,derived_validated,
33332,at://did:plc:knytkb52cza74zx2ghajtg7s/app.bsky.feed.post/3muhwvupoaa2d,did:plc:knytkb52cza74zx2ghajtg7s,2026-09-01T17:26:22.064000+00:00,bluesky,true,true,false,true,relevant,relevant,irrelevant,llm_v2b>llm_v2c>llm_v2d,llm_v2b@2026-09-22T06:02:28.700376+00:00,9da653163799d56c+ca3b837dd0b3e85c,user,Qwen/Qwen3-4B-Instruct-2507,derived_validated,
33347,at://did:plc:5hma2vzdervbigdd7gmfg6ph/app.bsky.feed.post/3muhpagitcs26,did:plc:5hma2vzdervbigdd7gmfg6ph,2026-09-01T15:09:06.335000+00:00,bluesky,true,true,false,true,relevant,relevant,irrelevant,llm_v2b>llm_v2c>llm_v2d,llm_v2b@2026-09-22T06:02:28.700376+00:00,9da653163799d56c+ca3b837dd0b3e85c,user,Qwen/Qwen3-4B-Instruct-2507,derived_validated,
33373,at://did:plc:nhagu5jrl7todm2yqui2sfx3/app.bsky.feed.post/3muhckkcs7u2g,did:plc:nhagu5jrl7todm2yqui2sfx3,2026-09-01T11:22:07.158000+00:00,bluesky,true,true,false,true,relevant,relevant,irrelevant,llm_v2b>llm_v2c>llm_v2d,llm_v2b@2026-09-22T06:02:28.700376+00:00,9da653163799d56c+ca3b837dd0b3e85c,user,Qwen/Qwen3-4B-Instruct-2507,derived_validated,
33409,at://did:plc:yikn2mgh2ibpbfz22ymdoq6m/app.bsky.feed.post/3mug4t7oisk2b,did:plc:yikn2mgh2ibpbfz22ymdoq6m,2026-09-01T00:06:55.883000+00:00,bluesky,true,true,true,true,relevant,relevant,relevant,llm_v2b>llm_v2c>llm_v2d,llm_v2b@2026-09-22T06:02:28.700376+00:00,9da653163799d56c+ca3b837dd0b3e85c,user,Qwen/Qwen3-4B-Instruct-2507,derived_validated,
33420,at://did:plc:xpkutblweipuwfctehqecjmf/app.bsky.feed.post/3muicu6kv642u,did:plc:xpkutblweipuwfctehqecjmf,2026-09-01T21:00:09.241000+00:00,bluesky,true,true,false,true,relevant,relevant,irrelevant,llm_v2b>llm_v2c>llm_v2d,llm_v2b@2026-09-22T06:02:28.700376+00:00,9da653163799d56c+ca3b837dd0b3e85c,user,Qwen/Qwen3-4B-Instruct-2507,derived_validated,
33718,at://did:plc:3dzlsh22j3qywv4f7a3jg6da/app.bsky.feed.post/3mui7m76d3c2d,did:plc:3dzlsh22j3qywv4f7a3jg6da,2026-09-01T20:02:01.129000+00:00,bluesky,true,true,true,true,relevant,relevant,relevant,llm_v2b>llm_v2c>llm_v2d,llm_v2b@2026-09-22T06:02:28.700376+00:00,9da653163799d56c+ca3b837dd0b3e85c,user,Qwen/Qwen3-4B-Instruct-2507,derived_validated,
33827,at://did:plc:pr4kp7fcctqubw4rsgqwmujc/app.bsky.feed.post/3muhxvgplhk2n,did:plc:pr4kp7fcctqubw4rsgqwmujc,2026-09-01T17:44:01.133000+00:00,bluesky,true,true,false,true,relevant,relevant,irrelevant,llm_v2b>llm_v2c>llm_v2d,llm_v2b@2026-09-22T06:02:28.700376+00:00,9da653163799d56c+ca3b837dd0b3e85c,user,Qwen/Qwen3-4B-Instruct-2507,derived_validated,
33892,at://did:plc:3dzlsh22j3qywv4f7a3jg6da/app.bsky.feed.post/3muhsdrjvfs2c,did:plc:3dzlsh22j3qywv4f7a3jg6da,2026-09-01T16:04:39.604000+00:00,bluesky,true,true,true,true,relevant,relevant,relevant,llm_v2b>llm_v2c>llm_v2d,llm_v2b@2026-09-22T06:02:28.700376+00:00,9da653163799d56c+ca3b837dd0b3e85c,user,Qwen/Qwen3-4B-Instruct-2507,derived_validated,
33901,at://did:plc:54sp3xxpgzkyzil5r6fbk4bx/app.bsky.feed.post/3muhrm3apgk2u,did:plc:54sp3xxpgzkyzil5r6fbk4bx,2026-09-01T15:51:24.541716+00:00,bluesky,true,true,false,true,relevant,relevant,irrelevant,llm_v2b>llm_v2c>llm_v2d,llm_v2b@2026-09-22T06:02:28.700376+00:00,9da653163799d56c+ca3b837dd0b3e85c,user,Qwen/Qwen3-4B-Instruct-2507,derived_validated,
33956,at://did:plc:2wd2d56bujnqam6mxfscmh3d/app.bsky.feed.post/3muhnzopra22e,did:plc:2wd2d56bujnqam6mxfscmh3d,2026-09-01T14:47:26.328000+00:00,bluesky,true,true,false,true,relevant,relevant,irrelevant,llm_v2b>llm_v2c>llm_v2d,llm_v2b@2026-09-22T06:02:28.700376+00:00,9da653163799d56c+ca3b837dd0b3e85c,user,Qwen/Qwen3-4B-Instruct-2507,derived_validated,
34053,at://did:plc:mht5ub4ykjuoxpux77hikixt/app.bsky.feed.post/3muhjpowpmk2p,did:plc:mht5ub4ykjuoxpux77hikixt,2026-09-01T13:29:45+00:00,bluesky,true,true,false,true,relevant,relevant,irrelevant,llm_v2b>llm_v2c>llm_v2d,llm_v2b@2026-09-22T06:02:28.700376+00:00,9da653163799d56c+ca3b837dd0b3e85c,user,Qwen/Qwen3-4B-Instruct-2507,derived_validated,
34087,at://did:plc:hslirr7h6d7livppaxty435b/app.bsky.feed.post/3muhhykr6vw2l,did:plc:hslirr7h6d7livppaxty435b,2026-09-01T12:59:24+00:00,bluesky,true,true,true,true,relevant,relevant,relevant,llm_v2b>llm_v2c>llm_v2d,llm_v2b@2026-09-22T06:02:28.700376+00:00,9da653163799d56c+ca3b837dd0b3e85c,user,Qwen/Qwen3-4B-Instruct-2507,derived_validated,
34089,at://did:plc:3665disgytzvbq7noakzovcu/app.bsky.feed.post/3muhhvjqvvk2s,did:plc:3665disgytzvbq7noakzovcu,2026-09-01T12:57:44.453000+00:00,bluesky,true,true,false,true,relevant,relevant,irrelevant,llm_v2b>llm_v2c>llm_v2d,llm_v2b@2026-09-22T06:02:28.700376+00:00,9da653163799d56c+ca3b837dd0b3e85c,user,Qwen/Qwen3-4B-Instruct-2507,derived_validated,
34170,at://did:plc:irtuz5ga77wkpe3j4c5zjufi/app.bsky.feed.post/3muhd7lw3l22g,did:plc:irtuz5ga77wkpe3j4c5zjufi,2026-09-01T11:33:53.542000+00:00,bluesky,true,true,false,true,relevant,relevant,irrelevant,llm_v2b>llm_v2c>llm_v2d,llm_v2b@2026-09-22T06:02:28.700376+00:00,9da653163799d56c+ca3b837dd0b3e85c,user,Qwen/Qwen3-4B-Instruct-2507,derived_validated,
34202,at://did:plc:aorjxo7zm7zxvszulmfgyw7s/app.bsky.feed.post/3muhari4npm2f,did:plc:aorjxo7zm7zxvszulmfgyw7s,2026-09-01T10:50:08.568000+00:00,bluesky,true,true,false,true,relevant,relevant,irrelevant,llm_v2b>llm_v2c>llm_v2d,llm_v2b@2026-09-22T06:02:28.700376+00:00,9da653163799d56c+ca3b837dd0b3e85c,user,Qwen/Qwen3-4B-Instruct-2507,derived_validated,
34233,at://did:plc:n3xco4wrrkoyuxr3lpqkhgdp/app.bsky.feed.post/3muh5jcgcis25,did:plc:n3xco4wrrkoyuxr3lpqkhgdp,2026-09-01T09:51:56.695000+00:00,bluesky,true,true,false,true,relevant,relevant,irrelevant,llm_v2b>llm_v2c>llm_v2d,llm_v2b@2026-09-22T06:02:28.700376+00:00,9da653163799d56c+ca3b837dd0b3e85c,user,Qwen/Qwen3-4B-Instruct-2507,derived_validated,
34264,at://did:plc:tn76mfzhfevl6lnz6nnrg4h3/app.bsky.feed.post/3mugzscolqv2z,did:plc:tn76mfzhfevl6lnz6nnrg4h3,2026-09-01T08:45:23+00:00,bluesky,true,true,false,true,relevant,relevant,irrelevant,llm_v2b>llm_v2c>llm_v2d,llm_v2b@2026-09-22T06:02:28.700376+00:00,9da653163799d56c+ca3b837dd0b3e85c,user,Qwen/Qwen3-4B-Instruct-2507,derived_validated,
34293,at://did:plc:c4l6c3v5kvm7i32xiiqtszro/app.bsky.feed.post/3mugx5nk5eh2w,did:plc:c4l6c3v5kvm7i32xiiqtszro,2026-09-01T07:58:03.112000+00:00,bluesky,true,true,false,true,relevant,relevant,irrelevant,llm_v2b>llm_v2c>llm_v2d,llm_v2b@2026-09-22T06:02:28.700376+00:00,9da653163799d56c+ca3b837dd0b3e85c,user,Qwen/Qwen3-4B-Instruct-2507,derived_validated,
34456,at://did:plc:q74cvzan3d7tqkse76vge2sn/app.bsky.feed.post/3mugcbxgkvs2u,did:plc:q74cvzan3d7tqkse76vge2sn,2026-09-01T01:44:39.259000+00:00,bluesky,true,true,false,true,relevant,relevant,irrelevant,llm_v2b>llm_v2c>llm_v2d,llm_v2b@2026-09-22T06:02:28.700376+00:00,9da653163799d56c+ca3b837dd0b3e85c,user,Qwen/Qwen3-4B-Instruct-2507,derived_validated,
34708,at://did:plc:mri4qfwjhti5j4c3ob5vtudy/app.bsky.feed.post/3muhd5iht4k2e,did:plc:mri4qfwjhti5j4c3ob5vtudy,2026-09-01T11:32:42.835000+00:00,bluesky,true,true,false,true,relevant,relevant,irrelevant,llm_v2b>llm_v2c>llm_v2d,llm_v2b@2026-09-22T06:02:28.700376+00:00,9da653163799d56c+ca3b837dd0b3e85c,user,Qwen/Qwen3-4B-Instruct-2507,derived_validated,
34968,at://did:plc:2n6n4at5qf62f6c76dfwyh3c/app.bsky.feed.post/3muhj2dzqlk2e,did:plc:2n6n4at5qf62f6c76dfwyh3c,2026-09-01T13:18:19.965000+00:00,bluesky,true,true,false,true,relevant,relevant,irrelevant,llm_v2b>llm_v2c>llm_v2d,llm_v2b@2026-09-22T06:02:28.700376+00:00,9da653163799d56c+ca3b837dd0b3e85c,user,Qwen/Qwen3-4B-Instruct-2507,derived_validated,
35121,at://did:plc:uxj5ihyuzrgxmuvjeanl57ys/app.bsky.feed.post/3muikwayyfgi2,did:plc:uxj5ihyuzrgxmuvjeanl57ys,2026-09-01T23:23:41+00:00,bluesky,true,true,true,true,relevant,relevant,relevant,llm_v2b>llm_v2c>llm_v2d,llm_v2b@2026-09-22T06:02:28.700376+00:00,9da653163799d56c+ca3b837dd0b3e85c,user,Qwen/Qwen3-4B-Instruct-2507,derived_validated,
35149,at://did:plc:3tgymfgk45vesgzndgd7qlkm/app.bsky.feed.post/3muigddahm6p2,did:plc:3tgymfgk45vesgzndgd7qlkm,2026-09-01T22:02:15+00:00,bluesky,true,true,false,true,relevant,relevant,irrelevant,llm_v2b>llm_v2c>llm_v2d,llm_v2b@2026-09-22T06:02:28.700376+00:00,9da653163799d56c+ca3b837dd0b3e85c,user,Qwen/Qwen3-4B-Instruct-2507,derived_validated,
35210,at://did:plc:6njzjzg7cvtxa2632cghrw6o/app.bsky.feed.post/3mui2se3rnk2b,did:plc:6njzjzg7cvtxa2632cghrw6o,2026-09-01T18:35:58.948000+00:00,bluesky,true,true,false,true,relevant,relevant,irrelevant,llm_v2b>llm_v2c>llm_v2d,llm_v2b@2026-09-22T06:02:28.700376+00:00,9da653163799d56c+ca3b837dd0b3e85c,user,Qwen/Qwen3-4B-Instruct-2507,derived_validated,
35376,at://did:plc:bjql5x4d2sknkpmpfla2maqt/app.bsky.feed.post/3mugsokoy7p22,did:plc:bjql5x4d2sknkpmpfla2maqt,2026-09-01T06:38:00.642000+00:00,bluesky,true,true,false,true,relevant,relevant,irrelevant,llm_v2b>llm_v2c>llm_v2d,llm_v2b@2026-09-22T06:02:28.700376+00:00,9da653163799d56c+ca3b837dd0b3e85c,user,Qwen/Qwen3-4B-Instruct-2507,derived_validated,
35531,at://did:plc:erqcnbfqfpaf3fuuszspmhnk/app.bsky.feed.post/3muihkkf4kz22,did:plc:erqcnbfqfpaf3fuuszspmhnk,2026-09-01T22:24:15.030922+00:00,bluesky,true,true,true,true,relevant,relevant,relevant,llm_v2b>llm_v2c>llm_v2d,llm_v2b@2026-09-22T06:02:28.700376+00:00,9da653163799d56c+ca3b837dd0b3e85c,user,Qwen/Qwen3-4B-Instruct-2507,derived_validated,
35563,at://did:plc:metzg6nhrcxeq5siifw4esay/app.bsky.feed.post/3muha4kpa6k2c,did:plc:metzg6nhrcxeq5siifw4esay,2026-09-01T10:38:30.395000+00:00,bluesky,true,true,false,true,relevant,relevant,irrelevant,llm_v2b>llm_v2c>llm_v2d,llm_v2b@2026-09-22T06:02:28.700376+00:00,9da653163799d56c+ca3b837dd0b3e85c,user,Qwen/Qwen3-4B-Instruct-2507,derived_validated,
35691,at://did:plc:rcokzgkdy5db7olnnwmf4k6p/app.bsky.feed.post/3muijmkxm2k2l,did:plc:rcokzgkdy5db7olnnwmf4k6p,2026-09-01T23:01:10.954000+00:00,bluesky,true,true,true,true,relevant,relevant,relevant,llm_v2b>llm_v2c>llm_v2d,llm_v2b@2026-09-22T06:02:28.700376+00:00,9da653163799d56c+ca3b837dd0b3e85c,user,Qwen/Qwen3-4B-Instruct-2507,derived_validated,
35706,at://did:plc:plcqzpkbfpm3ehjttg3noodj/app.bsky.feed.post/3muhwln3ou22y,did:plc:plcqzpkbfpm3ehjttg3noodj,2026-09-01T17:20:38.516000+00:00,bluesky,true,true,false,true,relevant,relevant,irrelevant,llm_v2b>llm_v2c>llm_v2d,llm_v2b@2026-09-22T06:02:28.700376+00:00,9da653163799d56c+ca3b837dd0b3e85c,user,Qwen/Qwen3-4B-Instruct-2507,derived_validated,
35870,at://did:plc:zhe53h7ajlloep2oso5pqxzj/app.bsky.feed.post/3muhsnfp4ec25,did:plc:zhe53h7ajlloep2oso5pqxzj,2026-09-01T16:10:02+00:00,bluesky,true,true,false,true,relevant,relevant,irrelevant,llm_v2b>llm_v2c>llm_v2d,llm_v2b@2026-09-22T06:02:28.700376+00:00,9da653163799d56c+ca3b837dd0b3e85c,user,Qwen/Qwen3-4B-Instruct-2507,derived_validated,
35879,at://did:plc:rvgczjwe4vpieijepny5voy7/app.bsky.feed.post/3muhs7b3knr2r,did:plc:rvgczjwe4vpieijepny5voy7,2026-09-01T16:02:08.248737+00:00,bluesky,true,true,false,true,relevant,relevant,irrelevant,llm_v2b>llm_v2c>llm_v2d,llm_v2b@2026-09-22T06:02:28.700376+00:00,9da653163799d56c+ca3b837dd0b3e85c,user,Qwen/Qwen3-4B-Instruct-2507,derived_validated,
35885,at://did:plc:dn242yln2biooe6qkd237tqd/app.bsky.feed.post/3muhrixbzq72i,did:plc:dn242yln2biooe6qkd237tqd,2026-09-01T15:49:39.646000+00:00,bluesky,true,true,false,true,relevant,relevant,irrelevant,llm_v2b>llm_v2c>llm_v2d,llm_v2b@2026-09-22T06:02:28.700376+00:00,9da653163799d56c+ca3b837dd0b3e85c,user,Qwen/Qwen3-4B-Instruct-2507,derived_validated,
35886,at://did:plc:dn242yln2biooe6qkd237tqd/app.bsky.feed.post/3muhriwhm2m27,did:plc:dn242yln2biooe6qkd237tqd,2026-09-01T15:49:38.782000+00:00,bluesky,true,true,false,true,relevant,relevant,irrelevant,llm_v2b>llm_v2c>llm_v2d,llm_v2b@2026-09-22T06:02:28.700376+00:00,9da653163799d56c+ca3b837dd0b3e85c,user,Qwen/Qwen3-4B-Instruct-2507,derived_validated,
35887,at://did:plc:dn242yln2biooe6qkd237tqd/app.bsky.feed.post/3muhrivfztm27,did:plc:dn242yln2biooe6qkd237tqd,2026-09-01T15:49:37.687000+00:00,bluesky,true,true,false,true,relevant,relevant,irrelevant,llm_v2b>llm_v2c>llm_v2d,llm_v2b@2026-09-22T06:02:28.700376+00:00,9da653163799d56c+ca3b837dd0b3e85c,user,Qwen/Qwen3-4B-Instruct-2507,derived_validated,
35888,at://did:plc:dn242yln2biooe6qkd237tqd/app.bsky.feed.post/3muhriuh3mu2w,did:plc:dn242yln2biooe6qkd237tqd,2026-09-01T15:49:36.646000+00:00,bluesky,true,true,false,true,relevant,relevant,irrelevant,llm_v2b>llm_v2c>llm_v2d,llm_v2b@2026-09-22T06:02:28.700376+00:00,9da653163799d56c+ca3b837dd0b3e85c,user,Qwen/Qwen3-4B-Instruct-2507,derived_validated,
35889,at://did:plc:dn242yln2biooe6qkd237tqd/app.bsky.feed.post/3muhrith2a724,did:plc:dn242yln2biooe6qkd237tqd,2026-09-01T15:49:35.624000+00:00,bluesky,true,true,false,true,relevant,relevant,irrelevant,llm_v2b>llm_v2c>llm_v2d,llm_v2b@2026-09-22T06:02:28.700376+00:00,9da653163799d56c+ca3b837dd0b3e85c,user,Qwen/Qwen3-4B-Instruct-2507,derived_validated,
35890,at://did:plc:dn242yln2biooe6qkd237tqd/app.bsky.feed.post/3muhrit7my32c,did:plc:dn242yln2biooe6qkd237tqd,2026-09-01T15:49:35.399000+00:00,bluesky,true,true,false,true,relevant,relevant,irrelevant,llm_v2b>llm_v2c>llm_v2d,llm_v2b@2026-09-22T06:02:28.700376+00:00,9da653163799d56c+ca3b837dd0b3e85c,user,Qwen/Qwen3-4B-Instruct-2507,derived_validated,
36023,at://did:plc:3xyh2kw5hfxsax4zff3pp5ub/app.bsky.feed.post/3muhahrqamk2l,did:plc:3xyh2kw5hfxsax4zff3pp5ub,2026-09-01T10:44:46.851000+00:00,bluesky,true,true,false,true,relevant,relevant,irrelevant,llm_v2b>llm_v2c>llm_v2d,llm_v2b@2026-09-22T06:02:28.700376+00:00,9da653163799d56c+ca3b837dd0b3e85c,user,Qwen/Qwen3-4B-Instruct-2507,derived_validated,
36093,at://did:plc:jkh2hpmhw5y4ab2yxufqqmka/app.bsky.feed.post/3mugpblwkt32q,did:plc:jkh2hpmhw5y4ab2yxufqqmka,2026-09-01T05:37:05.457000+00:00,bluesky,true,true,false,true,relevant,relevant,irrelevant,llm_v2b>llm_v2c>llm_v2d,llm_v2b@2026-09-22T06:02:28.700376+00:00,9da653163799d56c+ca3b837dd0b3e85c,user,Qwen/Qwen3-4B-Instruct-2507,derived_validated,
36165,at://did:plc:rvgczjwe4vpieijepny5voy7/app.bsky.feed.post/3mug4ktavg525,did:plc:rvgczjwe4vpieijepny5voy7,2026-09-01T00:02:14.322359+00:00,bluesky,true,true,false,true,relevant,relevant,irrelevant,llm_v2b>llm_v2c>llm_v2d,llm_v2b@2026-09-22T06:02:28.700376+00:00,9da653163799d56c+ca3b837dd0b3e85c,user,Qwen/Qwen3-4B-Instruct-2507,derived_validated,
36354,at://did:plc:ppblad4zr4ogqkgdff7asa6l/app.bsky.feed.post/3muhjpfigpy2g,did:plc:ppblad4zr4ogqkgdff7asa6l,2026-09-01T13:30:06.050637+00:00,bluesky,true,true,false,true,relevant,relevant,irrelevant,llm_v2b>llm_v2c>llm_v2d,llm_v2b@2026-09-22T06:02:28.700376+00:00,9da653163799d56c+ca3b837dd0b3e85c,user,Qwen/Qwen3-4B-Instruct-2507,derived_validated,
36364,at://did:plc:7fn5xkrlc2rvmilf4b5od4ya/app.bsky.feed.post/3muh4v573ks2v,did:plc:7fn5xkrlc2rvmilf4b5od4ya,2026-09-01T09:40:40.128000+00:00,bluesky,true,true,false,true,relevant,relevant,irrelevant,llm_v2b>llm_v2c>llm_v2d,llm_v2b@2026-09-22T06:02:28.700376+00:00,9da653163799d56c+ca3b837dd0b3e85c,user,Qwen/Qwen3-4B-Instruct-2507,derived_validated,
36368,at://did:plc:dgugt65yij6dxdflark5pebw/app.bsky.feed.post/3mugyqg3cti2h,did:plc:dgugt65yij6dxdflark5pebw,2026-09-01T08:26:25+00:00,bluesky,true,true,false,true,relevant,relevant,irrelevant,llm_v2b>llm_v2c>llm_v2d,llm_v2b@2026-09-22T06:02:28.700376+00:00,9da653163799d56c+ca3b837dd0b3e85c,user,Qwen/Qwen3-4B-Instruct-2507,derived_validated,
36372,at://did:plc:njlayymutryfc77dpgqmur7t/app.bsky.feed.post/3mugp56nsr22w,did:plc:njlayymutryfc77dpgqmur7t,2026-09-01T05:34:37.689000+00:00,bluesky,true,true,false,true,relevant,relevant,irrelevant,llm_v2b>llm_v2c>llm_v2d,llm_v2b@2026-09-22T06:02:28.700376+00:00,9da653163799d56c+ca3b837dd0b3e85c,user,Qwen/Qwen3-4B-Instruct-2507,derived_validated,
36422,at://did:plc:phv64ne2j6sbmj2m6heyube3/app.bsky.feed.post/3muh4cra5pq2a,did:plc:phv64ne2j6sbmj2m6heyube3,2026-09-01T09:30:00+00:00,bluesky,true,true,false,true,relevant,relevant,irrelevant,llm_v2b>llm_v2c>llm_v2d,llm_v2b@2026-09-22T06:02:28.700376+00:00,9da653163799d56c+ca3b837dd0b3e85c,user,Qwen/Qwen3-4B-Instruct-2507,derived_validated,
36425,at://did:plc:yp75bmg575z7c7v735ldvjoc/app.bsky.feed.post/d6vakgd7orc7d,did:plc:yp75bmg575z7c7v735ldvjoc,2026-09-01T08:57:01.437000+00:00,bluesky,true,true,false,true,relevant,relevant,irrelevant,llm_v2b>llm_v2c>llm_v2d,llm_v2b@2026-09-22T06:02:28.700376+00:00,9da653163799d56c+ca3b837dd0b3e85c,user,Qwen/Qwen3-4B-Instruct-2507,derived_validated,
36426,at://did:plc:e6dbovlsokffoxeo7pdnzkap/app.bsky.feed.post/3muh2btsq3u24,did:plc:e6dbovlsokffoxeo7pdnzkap,2026-09-01T08:54:02+00:00,bluesky,true,true,false,true,relevant,relevant,irrelevant,llm_v2b>llm_v2c>llm_v2d,llm_v2b@2026-09-22T06:02:28.700376+00:00,9da653163799d56c+ca3b837dd0b3e85c,user,Qwen/Qwen3-4B-Instruct-2507,derived_validated,
36430,at://did:plc:7ipgvpagdx2r5t2zophf3ca5/app.bsky.feed.post/3mugzj7m7yp2z,did:plc:7ipgvpagdx2r5t2zophf3ca5,2026-09-01T08:40:00+00:00,bluesky,true,true,false,true,relevant,relevant,irrelevant,llm_v2b>llm_v2c>llm_v2d,llm_v2b@2026-09-22T06:02:28.700376+00:00,9da653163799d56c+ca3b837dd0b3e85c,user,Qwen/Qwen3-4B-Instruct-2507,derived_validated,
36443,at://did:plc:m6a3yhogcjfbeuzpo3ih47kd/app.bsky.feed.post/3mugtfeqmfn2y,did:plc:m6a3yhogcjfbeuzpo3ih47kd,2026-09-01T06:50:47.056000+00:00,bluesky,true,true,false,true,relevant,relevant,irrelevant,llm_v2b>llm_v2c>llm_v2d,llm_v2b@2026-09-22T06:02:28.700376+00:00,9da653163799d56c+ca3b837dd0b3e85c,user,Qwen/Qwen3-4B-Instruct-2507,derived_validated,
36449,at://did:plc:jyignm6egdhsdfvwp2qnfaa7/app.bsky.feed.post/3mugnwxuowc2a,did:plc:jyignm6egdhsdfvwp2qnfaa7,2026-09-01T05:13:15.525000+00:00,bluesky,true,true,false,true,relevant,relevant,irrelevant,llm_v2b>llm_v2c>llm_v2d,llm_v2b@2026-09-22T06:02:28.700376+00:00,9da653163799d56c+ca3b837dd0b3e85c,user,Qwen/Qwen3-4B-Instruct-2507,derived_validated,
36450,at://did:plc:frfztgojeupounaewdkyunmv/app.bsky.feed.post/3muglknaojh2t,did:plc:frfztgojeupounaewdkyunmv,2026-09-01T04:30:32+00:00,bluesky,true,true,false,true,relevant,relevant,irrelevant,llm_v2b>llm_v2c>llm_v2d,llm_v2b@2026-09-22T06:02:28.700376+00:00,9da653163799d56c+ca3b837dd0b3e85c,user,Qwen/Qwen3-4B-Instruct-2507,derived_validated,
36474,at://did:plc:i5a2vsezf56iu2yjtmb7m2tb/app.bsky.feed.post/3mukx6ucai22v,did:plc:i5a2vsezf56iu2yjtmb7m2tb,2026-09-02T22:09:22.840000+00:00,bluesky,true,true,false,true,relevant,relevant,irrelevant,llm_v2b>llm_v2c>llm_v2d,llm_v2b@2026-09-22T06:02:28.700376+00:00,9da653163799d56c+ca3b837dd0b3e85c,user,Qwen/Qwen3-4B-Instruct-2507,derived_validated,
36516,at://did:plc:i5a2vsezf56iu2yjtmb7m2tb/app.bsky.feed.post/3mukk5e7spc2v,did:plc:i5a2vsezf56iu2yjtmb7m2tb,2026-09-02T18:15:53.784000+00:00,bluesky,true,true,false,true,relevant,relevant,irrelevant,llm_v2b>llm_v2c>llm_v2d,llm_v2b@2026-09-22T06:02:28.700376+00:00,9da653163799d56c+ca3b837dd0b3e85c,user,Qwen/Qwen3-4B-Instruct-2507,derived_validated,
36536,at://did:plc:7h7srlskyboefvfqmbgy2wax/app.bsky.feed.post/3mukfzwncei2n,did:plc:7h7srlskyboefvfqmbgy2wax,2026-09-02T17:02:22+00:00,bluesky,true,true,true,true,relevant,relevant,relevant,llm_v2b>llm_v2c>llm_v2d,llm_v2b@2026-09-22T06:02:28.700376+00:00,9da653163799d56c+ca3b837dd0b3e85c,user,Qwen/Qwen3-4B-Instruct-2507,derived_validated,
36554,at://did:plc:u5d54hkw4ysuqtuvcj6cmsin/app.bsky.feed.post/3mukbzc3gsb25,did:plc:u5d54hkw4ysuqtuvcj6cmsin,2026-09-02T15:50:27.287042+00:00,bluesky,true,true,true,true,relevant,relevant,relevant,llm_v2b>llm_v2c>llm_v2d,llm_v2b@2026-09-22T06:02:28.700376+00:00,9da653163799d56c+ca3b837dd0b3e85c,user,Qwen/Qwen3-4B-Instruct-2507,derived_validated,
36574,at://did:plc:u5d54hkw4ysuqtuvcj6cmsin/app.bsky.feed.post/3mukamlhd2l2c,did:plc:u5d54hkw4ysuqtuvcj6cmsin,2026-09-02T15:25:27.216921+00:00,bluesky,true,true,true,true,relevant,relevant,relevant,llm_v2b>llm_v2c>llm_v2d,llm_v2b@2026-09-22T06:02:28.700376+00:00,9da653163799d56c+ca3b837dd0b3e85c,user,Qwen/Qwen3-4B-Instruct-2507,derived_validated,
36603,at://did:plc:hh3brnksirhma2rymwtpnp5w/app.bsky.feed.post/3muk6xqgb5e23,did:plc:hh3brnksirhma2rymwtpnp5w,2026-09-02T14:55:53.873307+00:00,bluesky,true,true,false,true,relevant,relevant,irrelevant,llm_v2b>llm_v2c>llm_v2d,llm_v2b@2026-09-22T06:02:28.700376+00:00,9da653163799d56c+ca3b837dd0b3e85c,user,Qwen/Qwen3-4B-Instruct-2507,derived_validated,
36689,at://did:plc:u5d54hkw4ysuqtuvcj6cmsin/app.bsky.feed.post/3mujefkw45s2m,did:plc:u5d54hkw4ysuqtuvcj6cmsin,2026-09-02T07:00:27.003180+00:00,bluesky,true,true,false,true,relevant,relevant,irrelevant,llm_v2b>llm_v2c>llm_v2d,llm_v2b@2026-09-22T06:02:28.700376+00:00,9da653163799d56c+ca3b837dd0b3e85c,user,Qwen/Qwen3-4B-Instruct-2507,derived_validated,
36734,at://did:plc:pcievrygrnjjg5ni7mjfgctb/app.bsky.feed.post/3mul4ibujwk25,did:plc:pcievrygrnjjg5ni7mjfgctb,2026-09-02T23:44:07.715000+00:00,bluesky,false,false,true,true,irrelevant,irrelevant,relevant,llm_v2b>llm_v2c>llm_v2d,,,,,deterministic_rules,
36778,at://did:plc:ztxprxk7nn2tiuz5bhq7hilo/app.bsky.feed.post/3mukn3nvo4s2e,did:plc:ztxprxk7nn2tiuz5bhq7hilo,2026-09-02T19:08:38.056000+00:00,bluesky,true,true,true,true,relevant,relevant,relevant,llm_v2b>llm_v2c>llm_v2d,llm_v2b@2026-09-22T06:02:28.700376+00:00,9da653163799d56c+ca3b837dd0b3e85c,user,Qwen/Qwen3-4B-Instruct-2507,derived_validated,
36833,at://did:plc:ag4hqk67pemld45ry2eca5sl/app.bsky.feed.post/3mukdarpgos23,did:plc:ag4hqk67pemld45ry2eca5sl,2026-09-02T16:12:32.399000+00:00,bluesky,true,true,false,true,relevant,relevant,irrelevant,llm_v2b>llm_v2c>llm_v2d,llm_v2b@2026-09-22T06:02:28.700376+00:00,9da653163799d56c+ca3b837dd0b3e85c,user,Qwen/Qwen3-4B-Instruct-2507,derived_validated,
36846,at://did:plc:pcievrygrnjjg5ni7mjfgctb/app.bsky.feed.post/3muk6u6mp7k25,did:plc:pcievrygrnjjg5ni7mjfgctb,2026-09-02T14:53:54.407000+00:00,bluesky,true,true,false,true,relevant,relevant,irrelevant,llm_v2b>llm_v2c>llm_v2d,llm_v2b@2026-09-22T06:02:28.700376+00:00,9da653163799d56c+ca3b837dd0b3e85c,user,Qwen/Qwen3-4B-Instruct-2507,derived_validated,
36888,at://did:plc:nf7ijarek2itqdj35upmeoo7/app.bsky.feed.post/3mujxo52rvs2w,did:plc:nf7ijarek2itqdj35upmeoo7,2026-09-02T12:45:15.608000+00:00,bluesky,true,true,false,true,relevant,relevant,irrelevant,llm_v2b>llm_v2c>llm_v2d,llm_v2b@2026-09-22T06:02:28.700376+00:00,9da653163799d56c+ca3b837dd0b3e85c,user,Qwen/Qwen3-4B-Instruct-2507,derived_validated,
36952,at://did:plc:fyitqypzz6qaax7ve46hsw52/app.bsky.feed.post/3mujbxopsdh2l,did:plc:fyitqypzz6qaax7ve46hsw52,2026-09-02T06:16:52+00:00,bluesky,true,true,false,true,relevant,relevant,irrelevant,llm_v2b>llm_v2c>llm_v2d,llm_v2b@2026-09-22T06:02:28.700376+00:00,9da653163799d56c+ca3b837dd0b3e85c,user,Qwen/Qwen3-4B-Instruct-2507,derived_validated,
36980,at://did:plc:ppblad4zr4ogqkgdff7asa6l/app.bsky.feed.post/3muiqb75x7s2e,did:plc:ppblad4zr4ogqkgdff7asa6l,2026-09-02T01:00:05.573076+00:00,bluesky,true,true,false,true,relevant,relevant,irrelevant,llm_v2b>llm_v2c>llm_v2d,llm_v2b@2026-09-22T06:02:28.700376+00:00,9da653163799d56c+ca3b837dd0b3e85c,user,Qwen/Qwen3-4B-Instruct-2507,derived_validated,
36993,at://did:plc:swue6x2lhtat3alzwntwop5f/app.bsky.feed.post/3mul354cdek2q,did:plc:swue6x2lhtat3alzwntwop5f,2026-09-02T23:19:59.089000+00:00,bluesky,true,true,true,true,relevant,relevant,relevant,llm_v2b>llm_v2c>llm_v2d,llm_v2b@2026-09-22T06:02:28.700376+00:00,9da653163799d56c+ca3b837dd0b3e85c,user,Qwen/Qwen3-4B-Instruct-2507,derived_validated,
36995,at://did:plc:qylk3oe4riqbgjvqwbugf4yv/app.bsky.feed.post/3mul2n6ui6s2f,did:plc:qylk3oe4riqbgjvqwbugf4yv,2026-09-02T23:11:04.905000+00:00,bluesky,false,false,true,true,irrelevant,irrelevant,relevant,llm_v2b>llm_v2c>llm_v2d,,,,,deterministic_rules,
37004,at://did:plc:tfsefp5skxsk2s53jz55juv2/app.bsky.feed.post/3mukya3f7vk24,did:plc:tfsefp5skxsk2s53jz55juv2,2026-09-02T22:27:57.573000+00:00,bluesky,true,true,true,true,relevant,relevant,relevant,llm_v2b>llm_v2c>llm_v2d,llm_v2b@2026-09-22T06:02:28.700376+00:00,9da653163799d56c+ca3b837dd0b3e85c,user,Qwen/Qwen3-4B-Instruct-2507,derived_validated,
37009,at://did:plc:hcb2c6m7nasamflvaeex36qy/app.bsky.feed.post/3mukxrwpvcr2c,did:plc:hcb2c6m7nasamflvaeex36qy,2026-09-02T22:20:02.244000+00:00,bluesky,true,true,true,true,relevant,relevant,relevant,llm_v2b>llm_v2c>llm_v2d,llm_v2b@2026-09-22T06:02:28.700376+00:00,9da653163799d56c+ca3b837dd0b3e85c,user,Qwen/Qwen3-4B-Instruct-2507,derived_validated,
37040,at://did:plc:u5337f63wov5zg3kva7fxyxx/app.bsky.feed.post/3mukpvpbpgc2o,did:plc:u5337f63wov5zg3kva7fxyxx,2026-09-02T19:58:59.398000+00:00,bluesky,true,true,true,true,relevant,relevant,relevant,llm_v2b>llm_v2c>llm_v2d,llm_v2b@2026-09-22T06:02:28.700376+00:00,9da653163799d56c+ca3b837dd0b3e85c,user,Qwen/Qwen3-4B-Instruct-2507,derived_validated,
37074,at://did:plc:y5sgc25bqdnwpzlpvnfwp3gd/app.bsky.feed.post/3mukct6pv4l2z,did:plc:y5sgc25bqdnwpzlpvnfwp3gd,2026-09-02T16:01:11.694800+00:00,bluesky,true,true,false,true,relevant,relevant,irrelevant,llm_v2b>llm_v2c>llm_v2d,llm_v2b@2026-09-22T06:02:28.700376+00:00,9da653163799d56c+ca3b837dd0b3e85c,user,Qwen/Qwen3-4B-Instruct-2507,derived_validated,
37105,at://did:plc:fyitqypzz6qaax7ve46hsw52/app.bsky.feed.post/3muk6on4juj2x,did:plc:fyitqypzz6qaax7ve46hsw52,2026-09-02T14:50:47+00:00,bluesky,true,true,false,true,relevant,relevant,irrelevant,llm_v2b>llm_v2c>llm_v2d,llm_v2b@2026-09-22T06:02:28.700376+00:00,9da653163799d56c+ca3b837dd0b3e85c,user,Qwen/Qwen3-4B-Instruct-2507,derived_validated,
37108,at://did:plc:aqkavl5nkhwjbks3pxjse3qk/app.bsky.feed.post/3muk5uyumxs2n,did:plc:aqkavl5nkhwjbks3pxjse3qk,2026-09-02T14:36:28.543000+00:00,bluesky,true,true,true,true,relevant,relevant,relevant,llm_v2b>llm_v2c>llm_v2d,llm_v2b@2026-09-22T06:02:28.700376+00:00,9da653163799d56c+ca3b837dd0b3e85c,user,Qwen/Qwen3-4B-Instruct-2507,derived_validated,
37109,at://did:plc:at6a4g3smx3o2r7n2lx55tbc/app.bsky.feed.post/3muk4qchvxm2v,did:plc:at6a4g3smx3o2r7n2lx55tbc,2026-09-02T14:15:56.743000+00:00,bluesky,false,false,true,true,irrelevant,irrelevant,relevant,llm_v2b>llm_v2c>llm_v2d,,,,,deterministic_rules,
37111,at://did:plc:zh77ra6ejiebe6eyrrlw52c7/app.bsky.feed.post/3muk3ydkvio2f,did:plc:zh77ra6ejiebe6eyrrlw52c7,2026-09-02T14:02:32.718857+00:00,bluesky,true,true,true,true,relevant,relevant,relevant,llm_v2b>llm_v2c>llm_v2d,llm_v2b@2026-09-22T06:02:28.700376+00:00,9da653163799d56c+ca3b837dd0b3e85c,user,Qwen/Qwen3-4B-Instruct-2507,derived_validated,
37138,at://did:plc:uwwgrkvjnchuagflu3qzjp5d/app.bsky.feed.post/3mujndrlvak24,did:plc:uwwgrkvjnchuagflu3qzjp5d,2026-09-02T09:40:30.625000+00:00,bluesky,true,true,false,true,relevant,relevant,irrelevant,llm_v2b>llm_v2c>llm_v2d,llm_v2b@2026-09-22T06:02:28.700376+00:00,9da653163799d56c+ca3b837dd0b3e85c,user,Qwen/Qwen3-4B-Instruct-2507,derived_validated,
37139,at://did:plc:ixgsm6yigjrz4iglrih7omlc/app.bsky.feed.post/3mujnbzylgby2,did:plc:ixgsm6yigjrz4iglrih7omlc,2026-09-02T09:39:19+00:00,bluesky,true,true,false,true,relevant,relevant,irrelevant,llm_v2b>llm_v2c>llm_v2d,llm_v2b@2026-09-22T06:02:28.700376+00:00,9da653163799d56c+ca3b837dd0b3e85c,user,Qwen/Qwen3-4B-Instruct-2507,derived_validated,
37179,at://did:plc:xhohr4frmxubpwya7b2bjz75/app.bsky.feed.post/3muinqpcv7j2e,did:plc:xhohr4frmxubpwya7b2bjz75,2026-09-02T00:15:04+00:00,bluesky,true,true,true,true,relevant,relevant,relevant,llm_v2b>llm_v2c>llm_v2d,llm_v2b@2026-09-22T06:02:28.700376+00:00,9da653163799d56c+ca3b837dd0b3e85c,user,Qwen/Qwen3-4B-Instruct-2507,derived_validated,
37211,at://did:plc:e2imm7mt4d3tdkq2hc2tp524/app.bsky.feed.post/3muka7fvwpb2x,did:plc:e2imm7mt4d3tdkq2hc2tp524,2026-09-02T15:18:05.211410+00:00,bluesky,true,true,false,true,relevant,relevant,irrelevant,llm_v2b>llm_v2c>llm_v2d,llm_v2b@2026-09-22T06:02:28.700376+00:00,9da653163799d56c+ca3b837dd0b3e85c,user,Qwen/Qwen3-4B-Instruct-2507,derived_validated,
37212,at://did:plc:lzy35mvnif6fmbevsc2kxewf/app.bsky.feed.post/3muk7d2ckt22w,did:plc:lzy35mvnif6fmbevsc2kxewf,2026-09-02T15:02:13.556000+00:00,bluesky,true,true,false,true,relevant,relevant,irrelevant,llm_v2b>llm_v2c>llm_v2d,llm_v2b@2026-09-22T06:02:28.700376+00:00,9da653163799d56c+ca3b837dd0b3e85c,user,Qwen/Qwen3-4B-Instruct-2507,derived_validated,
37233,at://did:plc:jutqp5qb6rk6zekisxewst24/app.bsky.feed.post/3mujwbtwdjc2o,did:plc:jutqp5qb6rk6zekisxewst24,2026-09-02T12:20:29.632000+00:00,bluesky,true,true,true,true,relevant,relevant,relevant,llm_v2b>llm_v2c>llm_v2d,llm_v2b@2026-09-22T06:02:28.700376+00:00,9da653163799d56c+ca3b837dd0b3e85c,user,Qwen/Qwen3-4B-Instruct-2507,derived_validated,
37235,at://did:plc:ogpzk3l77iv46gat55ghgs5r/app.bsky.feed.post/3mujvtzazw462,did:plc:ogpzk3l77iv46gat55ghgs5r,2026-09-02T12:11:56+00:00,bluesky,true,true,true,true,relevant,relevant,relevant,llm_v2b>llm_v2c>llm_v2d,llm_v2b@2026-09-22T06:02:28.700376+00:00,9da653163799d56c+ca3b837dd0b3e85c,user,Qwen/Qwen3-4B-Instruct-2507,derived_validated,
37236,at://did:plc:atlkjg42q45quxehr5m7hcmc/app.bsky.feed.post/3mujvsjxyrf2e,did:plc:atlkjg42q45quxehr5m7hcmc,2026-09-02T12:11:55+00:00,bluesky,false,false,true,true,irrelevant,irrelevant,relevant,llm_v2b>llm_v2c>llm_v2d,,,,,deterministic_rules,
37260,at://did:plc:lzy35mvnif6fmbevsc2kxewf/app.bsky.feed.post/3muiyloail22a,did:plc:lzy35mvnif6fmbevsc2kxewf,2026-09-02T03:29:06.965000+00:00,bluesky,true,true,false,true,relevant,relevant,irrelevant,llm_v2b>llm_v2c>llm_v2d,llm_v2b@2026-09-22T06:02:28.700376+00:00,9da653163799d56c+ca3b837dd0b3e85c,user,Qwen/Qwen3-4B-Instruct-2507,derived_validated,
37290,at://did:plc:ol7j42n3qabayezkuklch7nq/app.bsky.feed.post/3mul2fhakr32e,did:plc:ol7j42n3qabayezkuklch7nq,2026-09-02T23:06:45.251000+00:00,bluesky,true,true,false,true,relevant,relevant,irrelevant,llm_v2b>llm_v2c>llm_v2d,llm_v2b@2026-09-22T06:02:28.700376+00:00,9da653163799d56c+ca3b837dd0b3e85c,user,Qwen/Qwen3-4B-Instruct-2507,derived_validated,
37480,at://did:plc:pcievrygrnjjg5ni7mjfgctb/app.bsky.feed.post/3mukkdkos5k25,did:plc:pcievrygrnjjg5ni7mjfgctb,2026-09-02T18:19:21.826000+00:00,bluesky,true,true,false,true,relevant,relevant,irrelevant,llm_v2b>llm_v2c>llm_v2d,llm_v2b@2026-09-22T06:02:28.700376+00:00,9da653163799d56c+ca3b837dd0b3e85c,user,Qwen/Qwen3-4B-Instruct-2507,derived_validated,
37491,at://did:plc:i5dqdukszzseignpl4uv7bz6/app.bsky.feed.post/3mukjqyewuc2y,did:plc:i5dqdukszzseignpl4uv7bz6,2026-09-02T18:08:58.712000+00:00,bluesky,true,true,true,true,relevant,relevant,relevant,llm_v2b>llm_v2c>llm_v2d,llm_v2b@2026-09-22T06:02:28.700376+00:00,9da653163799d56c+ca3b837dd0b3e85c,user,Qwen/Qwen3-4B-Instruct-2507,derived_validated,
37610,at://did:plc:puduyfjjsoj7wv3ffok2twsa/app.bsky.feed.post/3mukcmslrks2w,did:plc:puduyfjjsoj7wv3ffok2twsa,2026-09-02T16:01:22.239000+00:00,bluesky,true,true,true,true,relevant,relevant,relevant,llm_v2b>llm_v2c>llm_v2d,llm_v2b@2026-09-22T06:02:28.700376+00:00,9da653163799d56c+ca3b837dd0b3e85c,user,Qwen/Qwen3-4B-Instruct-2507,derived_validated,
37612,at://did:plc:mbs2oyyq5gojf24wlvft42de/app.bsky.feed.post/3mukclhky5g27,did:plc:mbs2oyyq5gojf24wlvft42de,2026-09-02T16:00:36.837000+00:00,bluesky,true,true,false,true,relevant,relevant,irrelevant,llm_v2b>llm_v2c>llm_v2d,llm_v2b@2026-09-22T06:02:28.700376+00:00,9da653163799d56c+ca3b837dd0b3e85c,user,Qwen/Qwen3-4B-Instruct-2507,derived_validated,
37664,at://did:plc:qrlmvvohfasg4gq3qmkcy5c4/app.bsky.feed.post/3muk7gtolv225,did:plc:qrlmvvohfasg4gq3qmkcy5c4,2026-09-02T15:04:20.826000+00:00,bluesky,true,true,true,true,relevant,relevant,relevant,llm_v2b>llm_v2c>llm_v2d,llm_v2b@2026-09-22T06:02:28.700376+00:00,9da653163799d56c+ca3b837dd0b3e85c,user,Qwen/Qwen3-4B-Instruct-2507,derived_validated,
37679,at://did:plc:gdxiuhym6fvbhxo5uhiohmyy/app.bsky.feed.post/3muk6xobwxk2h,did:plc:gdxiuhym6fvbhxo5uhiohmyy,2026-09-02T14:55:51.854000+00:00,bluesky,true,true,false,true,relevant,relevant,irrelevant,llm_v2b>llm_v2c>llm_v2d,llm_v2b@2026-09-22T06:02:28.700376+00:00,9da653163799d56c+ca3b837dd0b3e85c,user,Qwen/Qwen3-4B-Instruct-2507,derived_validated,
37696,at://did:plc:tcasz6jokycaqrvvjqkvt6wb/app.bsky.feed.post/3muk65a5rly2g,did:plc:tcasz6jokycaqrvvjqkvt6wb,2026-09-02T14:41:04.449000+00:00,bluesky,true,true,false,true,relevant,relevant,irrelevant,llm_v2b>llm_v2c>llm_v2d,llm_v2b@2026-09-22T06:02:28.700376+00:00,9da653163799d56c+ca3b837dd0b3e85c,user,Qwen/Qwen3-4B-Instruct-2507,derived_validated,
37709,at://did:plc:uxxxz7ugdjewoep6zlitplc7/app.bsky.feed.post/3muk4zu6wm22e,did:plc:uxxxz7ugdjewoep6zlitplc7,2026-09-02T14:21:17.673000+00:00,bluesky,true,true,false,true,relevant,relevant,irrelevant,llm_v2b>llm_v2c>llm_v2d,llm_v2b@2026-09-22T06:02:28.700376+00:00,9da653163799d56c+ca3b837dd0b3e85c,user,Qwen/Qwen3-4B-Instruct-2507,derived_validated,
37728,at://did:plc:x6xapptozv6dflrbhhwnv6xw/app.bsky.feed.post/3muk44q4pfb2h,did:plc:x6xapptozv6dflrbhhwnv6xw,2026-09-02T14:05:00.302000+00:00,bluesky,true,true,false,true,relevant,relevant,irrelevant,llm_v2b>llm_v2c>llm_v2d,llm_v2b@2026-09-22T06:02:28.700376+00:00,9da653163799d56c+ca3b837dd0b3e85c,user,Qwen/Qwen3-4B-Instruct-2507,derived_validated,
37774,at://did:plc:mht5ub4ykjuoxpux77hikixt/app.bsky.feed.post/3muk2jk3slq2p,did:plc:mht5ub4ykjuoxpux77hikixt,2026-09-02T13:36:16+00:00,bluesky,true,true,false,true,relevant,relevant,irrelevant,llm_v2b>llm_v2c>llm_v2d,llm_v2b@2026-09-22T06:02:28.700376+00:00,9da653163799d56c+ca3b837dd0b3e85c,user,Qwen/Qwen3-4B-Instruct-2507,derived_validated,
37808,at://did:plc:6x6mkii2k6cvtoy5lfds4f4r/app.bsky.feed.post/3mujyjmo4qs23,did:plc:6x6mkii2k6cvtoy5lfds4f4r,2026-09-02T13:00:37.936000+00:00,bluesky,true,true,false,true,relevant,relevant,irrelevant,llm_v2b>llm_v2c>llm_v2d,llm_v2b@2026-09-22T06:02:28.700376+00:00,9da653163799d56c+ca3b837dd0b3e85c,user,Qwen/Qwen3-4B-Instruct-2507,derived_validated,
37815,at://did:plc:hslirr7h6d7livppaxty435b/app.bsky.feed.post/3mujyeltgoa2x,did:plc:hslirr7h6d7livppaxty435b,2026-09-02T12:57:47+00:00,bluesky,true,true,true,true,relevant,relevant,relevant,llm_v2b>llm_v2c>llm_v2d,llm_v2b@2026-09-22T06:02:28.700376+00:00,9da653163799d56c+ca3b837dd0b3e85c,user,Qwen/Qwen3-4B-Instruct-2507,derived_validated,
37899,at://did:plc:2b5nuetooljnqnrzq3um4iol/app.bsky.feed.post/3mujsgofjh22p,did:plc:2b5nuetooljnqnrzq3um4iol,2026-09-02T11:11:36.644000+00:00,bluesky,true,true,false,true,relevant,relevant,irrelevant,llm_v2b>llm_v2c>llm_v2d,llm_v2b@2026-09-22T06:02:28.700376+00:00,9da653163799d56c+ca3b837dd0b3e85c,user,Qwen/Qwen3-4B-Instruct-2507,derived_validated,
37915,at://did:plc:q2iadgn7uqbpaat4f3brpzhy/app.bsky.feed.post/3mujrkoiljp2s,did:plc:q2iadgn7uqbpaat4f3brpzhy,2026-09-02T10:55:56.816000+00:00,bluesky,true,true,false,true,relevant,relevant,irrelevant,llm_v2b>llm_v2c>llm_v2d,llm_v2b@2026-09-22T06:02:28.700376+00:00,9da653163799d56c+ca3b837dd0b3e85c,user,Qwen/Qwen3-4B-Instruct-2507,derived_validated,
37949,at://did:plc:mi4a7igcb3mnchhomfqkzsbt/app.bsky.feed.post/3mujo6l6bgs25,did:plc:mi4a7igcb3mnchhomfqkzsbt,2026-09-02T09:55:29+00:00,bluesky,true,true,false,true,relevant,relevant,irrelevant,llm_v2b>llm_v2c>llm_v2d,llm_v2b@2026-09-22T06:02:28.700376+00:00,9da653163799d56c+ca3b837dd0b3e85c,user,Qwen/Qwen3-4B-Instruct-2507,derived_validated,
38008,at://did:plc:fyitqypzz6qaax7ve46hsw52/app.bsky.feed.post/3muji2lufk52f,did:plc:fyitqypzz6qaax7ve46hsw52,2026-09-02T08:05:52+00:00,bluesky,true,true,false,true,relevant,relevant,irrelevant,llm_v2b>llm_v2c>llm_v2d,llm_v2b@2026-09-22T06:02:28.700376+00:00,9da653163799d56c+ca3b837dd0b3e85c,user,Qwen/Qwen3-4B-Instruct-2507,derived_validated,
38014,at://did:plc:36trxcdhay6uygpri2mepw2d/app.bsky.feed.post/3mujhvitgo22b,did:plc:36trxcdhay6uygpri2mepw2d,2026-09-02T08:03:02.896000+00:00,bluesky,true,true,false,true,relevant,relevant,irrelevant,llm_v2b>llm_v2c>llm_v2d,llm_v2b@2026-09-22T06:02:28.700376+00:00,9da653163799d56c+ca3b837dd0b3e85c,user,Qwen/Qwen3-4B-Instruct-2507,derived_validated,
38018,at://did:plc:mht5ub4ykjuoxpux77hikixt/app.bsky.feed.post/3mujhty5scm2z,did:plc:mht5ub4ykjuoxpux77hikixt,2026-09-02T08:01:34+00:00,bluesky,true,true,false,true,relevant,relevant,irrelevant,llm_v2b>llm_v2c>llm_v2d,llm_v2b@2026-09-22T06:02:28.700376+00:00,9da653163799d56c+ca3b837dd0b3e85c,user,Qwen/Qwen3-4B-Instruct-2507,derived_validated,
38043,at://did:plc:w7gfdjupkoci2x65czgxqbp2/app.bsky.feed.post/3mujfwv5n5r2b,did:plc:w7gfdjupkoci2x65czgxqbp2,2026-09-02T07:28:01.935000+00:00,bluesky,true,true,false,true,relevant,relevant,irrelevant,llm_v2b>llm_v2c>llm_v2d,llm_v2b@2026-09-22T06:02:28.700376+00:00,9da653163799d56c+ca3b837dd0b3e85c,user,Qwen/Qwen3-4B-Instruct-2507,derived_validated,
38050,at://did:plc:dlxrzqcs7sqezxq24i6jvqea/app.bsky.feed.post/3mujf7rmezh2f,did:plc:dlxrzqcs7sqezxq24i6jvqea,2026-09-02T07:15:06.168187+00:00,bluesky,true,true,false,true,relevant,relevant,irrelevant,llm_v2b>llm_v2c>llm_v2d,llm_v2b@2026-09-22T06:02:28.700376+00:00,9da653163799d56c+ca3b837dd0b3e85c,user,Qwen/Qwen3-4B-Instruct-2507,derived_validated,
38167,at://did:plc:7s4o3tuufxok4rzusbmcquc7/app.bsky.feed.post/3muj2afabcm26,did:plc:7s4o3tuufxok4rzusbmcquc7,2026-09-02T03:58:35+00:00,bluesky,true,true,false,true,relevant,relevant,irrelevant,llm_v2b>llm_v2c>llm_v2d,llm_v2b@2026-09-22T06:02:28.700376+00:00,9da653163799d56c+ca3b837dd0b3e85c,user,Qwen/Qwen3-4B-Instruct-2507,derived_validated,
38169,at://did:plc:ubvwyzp67z2sn2fstijsspio/app.bsky.feed.post/3muj23xctk22v,did:plc:ubvwyzp67z2sn2fstijsspio,2026-09-02T03:56:07+00:00,bluesky,true,true,false,true,relevant,relevant,irrelevant,llm_v2b>llm_v2c>llm_v2d,llm_v2b@2026-09-22T06:02:28.700376+00:00,9da653163799d56c+ca3b837dd0b3e85c,user,Qwen/Qwen3-4B-Instruct-2507,derived_validated,
38256,at://did:plc:3auywgazxcvmhrstikurnd5m/app.bsky.feed.post/3muipzbacl22h,did:plc:3auywgazxcvmhrstikurnd5m,2026-09-02T00:55:39.411000+00:00,bluesky,true,true,false,true,relevant,relevant,irrelevant,llm_v2b>llm_v2c>llm_v2d,llm_v2b@2026-09-22T06:02:28.700376+00:00,9da653163799d56c+ca3b837dd0b3e85c,user,Qwen/Qwen3-4B-Instruct-2507,derived_validated,
38267,at://did:plc:dpmwlesjodhle7ss5227yvvg/app.bsky.feed.post/3muiocirxt22a,did:plc:dpmwlesjodhle7ss5227yvvg,2026-09-02T00:24:49+00:00,bluesky,true,true,true,true,relevant,relevant,relevant,llm_v2b>llm_v2c>llm_v2d,llm_v2b@2026-09-22T06:02:28.700376+00:00,9da653163799d56c+ca3b837dd0b3e85c,user,Qwen/Qwen3-4B-Instruct-2507,derived_validated,
38351,at://did:plc:vjpyc66fyniyqp2v6j7mxdvm/app.bsky.feed.post/3mukwpd3dir2t,did:plc:vjpyc66fyniyqp2v6j7mxdvm,2026-09-02T22:00:40.533000+00:00,bluesky,true,true,false,true,relevant,relevant,irrelevant,llm_v2b>llm_v2c>llm_v2d,llm_v2b@2026-09-22T06:02:28.700376+00:00,9da653163799d56c+ca3b837dd0b3e85c,user,Qwen/Qwen3-4B-Instruct-2507,derived_validated,
38443,at://did:plc:nasdzbpiyzph2lvcoijyxere/app.bsky.feed.post/3mukavkcgf52i,did:plc:nasdzbpiyzph2lvcoijyxere,2026-09-02T15:30:27+00:00,bluesky,true,true,false,true,relevant,relevant,irrelevant,llm_v2b>llm_v2c>llm_v2d,llm_v2b@2026-09-22T06:02:28.700376+00:00,9da653163799d56c+ca3b837dd0b3e85c,user,Qwen/Qwen3-4B-Instruct-2507,derived_validated,
38545,at://did:plc:u6celkmubfsmbus5m3aqcrla/app.bsky.feed.post/3mujlwtj3q62m,did:plc:u6celkmubfsmbus5m3aqcrla,2026-09-02T09:15:22+00:00,bluesky,true,true,false,true,relevant,relevant,irrelevant,llm_v2b>llm_v2c>llm_v2d,llm_v2b@2026-09-22T06:02:28.700376+00:00,9da653163799d56c+ca3b837dd0b3e85c,user,Qwen/Qwen3-4B-Instruct-2507,derived_validated,
38669,at://did:plc:ppblad4zr4ogqkgdff7asa6l/app.bsky.feed.post/3muitmj5sdy2y,did:plc:ppblad4zr4ogqkgdff7asa6l,2026-09-02T02:00:06.378934+00:00,bluesky,true,true,false,true,relevant,relevant,irrelevant,llm_v2b>llm_v2c>llm_v2d,llm_v2b@2026-09-22T06:02:28.700376+00:00,9da653163799d56c+ca3b837dd0b3e85c,user,Qwen/Qwen3-4B-Instruct-2507,derived_validated,
38731,at://did:plc:rilouz42mtsduflwunh5qw3t/app.bsky.feed.post/3mukeryzmo22t,did:plc:rilouz42mtsduflwunh5qw3t,2026-09-02T16:40:04.238000+00:00,bluesky,true,true,false,true,relevant,relevant,irrelevant,llm_v2b>llm_v2c>llm_v2d,llm_v2b@2026-09-22T06:02:28.700376+00:00,9da653163799d56c+ca3b837dd0b3e85c,user,Qwen/Qwen3-4B-Instruct-2507,derived_validated,
38801,at://did:plc:u6celkmubfsmbus5m3aqcrla/app.bsky.feed.post/3mujkb3qhja2j,did:plc:u6celkmubfsmbus5m3aqcrla,2026-09-02T08:45:19+00:00,bluesky,true,true,false,true,relevant,relevant,irrelevant,llm_v2b>llm_v2c>llm_v2d,llm_v2b@2026-09-22T06:02:28.700376+00:00,9da653163799d56c+ca3b837dd0b3e85c,user,Qwen/Qwen3-4B-Instruct-2507,derived_validated,
38973,at://did:plc:liqmafscnatp37pjgtf64i5v/app.bsky.feed.post/3mukqsmmlbk2b,did:plc:liqmafscnatp37pjgtf64i5v,2026-09-02T20:15:09.687000+00:00,bluesky,true,true,true,true,relevant,relevant,relevant,llm_v2b>llm_v2c>llm_v2d,llm_v2b@2026-09-22T06:02:28.700376+00:00,9da653163799d56c+ca3b837dd0b3e85c,user,Qwen/Qwen3-4B-Instruct-2507,derived_validated,
39006,at://did:plc:zpetczv776zmnam2eydxmv3x/app.bsky.feed.post/3mukmgfkw2s2d,did:plc:zpetczv776zmnam2eydxmv3x,2026-09-02T18:56:44.672000+00:00,bluesky,false,false,true,true,irrelevant,irrelevant,relevant,llm_v2b>llm_v2c>llm_v2d,,,,,deterministic_rules,
39014,at://did:plc:6z4w233z4k5q4kags4aem5wq/app.bsky.feed.post/3muklnx6c6s2i,did:plc:6z4w233z4k5q4kags4aem5wq,2026-09-02T18:43:04.271000+00:00,bluesky,true,true,false,true,relevant,relevant,irrelevant,llm_v2b>llm_v2c>llm_v2d,llm_v2b@2026-09-22T06:02:28.700376+00:00,9da653163799d56c+ca3b837dd0b3e85c,user,Qwen/Qwen3-4B-Instruct-2507,derived_validated,
39194,at://did:plc:slqim4sy7ium4vtktwwzjulm/app.bsky.feed.post/3muj5nwwbym2d,did:plc:slqim4sy7ium4vtktwwzjulm,2026-09-02T04:59:51.582000+00:00,bluesky,true,true,true,true,relevant,relevant,relevant,llm_v2b>llm_v2c>llm_v2d,llm_v2b@2026-09-22T06:02:28.700376+00:00,9da653163799d56c+ca3b837dd0b3e85c,user,Qwen/Qwen3-4B-Instruct-2507,derived_validated,
39358,at://did:plc:dv25rroygcfed4cxxeyhygmb/app.bsky.feed.post/3muknx4ctc22k,did:plc:dv25rroygcfed4cxxeyhygmb,2026-09-02T19:23:59.137000+00:00,bluesky,false,false,true,true,irrelevant,irrelevant,relevant,llm_v2b>llm_v2c>llm_v2d,,,,,deterministic_rules,
39426,at://did:plc:owxuxxmxr7st5iwhfwgjhknq/app.bsky.feed.post/3mukrqrrzb22d,did:plc:owxuxxmxr7st5iwhfwgjhknq,2026-09-02T20:32:01.155000+00:00,bluesky,true,true,false,true,relevant,relevant,irrelevant,llm_v2b>llm_v2c>llm_v2d,llm_v2b@2026-09-22T06:02:28.700376+00:00,9da653163799d56c+ca3b837dd0b3e85c,user,Qwen/Qwen3-4B-Instruct-2507,derived_validated,
39431,at://did:plc:6wbacj4jlqovxg4bcko6uawc/app.bsky.feed.post/3mukrgtmkmk2z,did:plc:6wbacj4jlqovxg4bcko6uawc,2026-09-02T20:26:28.114000+00:00,bluesky,true,true,false,true,relevant,relevant,irrelevant,llm_v2b>llm_v2c>llm_v2d,llm_v2b@2026-09-22T06:02:28.700376+00:00,9da653163799d56c+ca3b837dd0b3e85c,user,Qwen/Qwen3-4B-Instruct-2507,derived_validated,
39458,at://did:plc:r72cah6gaakblpeeoqabuhic/app.bsky.feed.post/3mukcs3lhhk2n,did:plc:r72cah6gaakblpeeoqabuhic,2026-09-02T16:04:19.432000+00:00,bluesky,true,true,false,true,relevant,relevant,irrelevant,llm_v2b>llm_v2c>llm_v2d,llm_v2b@2026-09-22T06:02:28.700376+00:00,9da653163799d56c+ca3b837dd0b3e85c,user,Qwen/Qwen3-4B-Instruct-2507,derived_validated,
39531,at://did:plc:c7boxmqpjv4wrutpuocir7ss/app.bsky.feed.post/3muk6252id724,did:plc:c7boxmqpjv4wrutpuocir7ss,2026-09-02T14:39:20.659849+00:00,bluesky,true,true,false,true,relevant,relevant,irrelevant,llm_v2b>llm_v2c>llm_v2d,llm_v2b@2026-09-22T06:02:28.700376+00:00,9da653163799d56c+ca3b837dd0b3e85c,user,Qwen/Qwen3-4B-Instruct-2507,derived_validated,
39538,at://did:plc:lzmreef65cnlufxhhb4tvoyt/app.bsky.feed.post/3mujxsnzcoj2c,did:plc:lzmreef65cnlufxhhb4tvoyt,2026-09-02T12:47:46.957000+00:00,bluesky,true,true,false,true,relevant,relevant,irrelevant,llm_v2b>llm_v2c>llm_v2d,llm_v2b@2026-09-22T06:02:28.700376+00:00,9da653163799d56c+ca3b837dd0b3e85c,user,Qwen/Qwen3-4B-Instruct-2507,derived_validated,
39662,at://did:plc:ch4rt33v2exah7iw3entsz75/app.bsky.feed.post/3mul3admedk2k,did:plc:ch4rt33v2exah7iw3entsz75,2026-09-02T23:21:47.422000+00:00,bluesky,true,true,false,true,relevant,relevant,irrelevant,llm_v2b>llm_v2c>llm_v2d,llm_v2b@2026-09-22T06:02:28.700376+00:00,9da653163799d56c+ca3b837dd0b3e85c,user,Qwen/Qwen3-4B-Instruct-2507,derived_validated,
39708,at://did:plc:nn6tqmelcqnbb3q64al3nomt/app.bsky.feed.post/3mujyt26pn22h,did:plc:nn6tqmelcqnbb3q64al3nomt,2026-09-02T13:05:54.108000+00:00,bluesky,true,true,true,true,relevant,relevant,relevant,llm_v2b>llm_v2c>llm_v2d,llm_v2b@2026-09-22T06:02:28.700376+00:00,9da653163799d56c+ca3b837dd0b3e85c,user,Qwen/Qwen3-4B-Instruct-2507,derived_validated,
39709,at://did:plc:bj3upncgmq7z7xr2eboj6zm7/app.bsky.feed.post/3mujx46ntlm2j,did:plc:bj3upncgmq7z7xr2eboj6zm7,2026-09-02T12:35:10+00:00,bluesky,true,true,true,true,relevant,relevant,relevant,llm_v2b>llm_v2c>llm_v2d,llm_v2b@2026-09-22T06:02:28.700376+00:00,9da653163799d56c+ca3b837dd0b3e85c,user,Qwen/Qwen3-4B-Instruct-2507,derived_validated,
39740,at://did:plc:ch4rt33v2exah7iw3entsz75/app.bsky.feed.post/3muinfa5ljk2q,did:plc:ch4rt33v2exah7iw3entsz75,2026-09-02T00:08:39.703000+00:00,bluesky,true,true,false,true,relevant,relevant,irrelevant,llm_v2b>llm_v2c>llm_v2d,llm_v2b@2026-09-22T06:02:28.700376+00:00,9da653163799d56c+ca3b837dd0b3e85c,user,Qwen/Qwen3-4B-Instruct-2507,derived_validated,
39764,at://did:plc:ir7oddg5d3bno7oy6n4ri2gh/app.bsky.feed.post/3muklpnr6lc22,did:plc:ir7oddg5d3bno7oy6n4ri2gh,2026-09-02T18:44:01.514000+00:00,bluesky,false,false,true,true,irrelevant,irrelevant,relevant,llm_v2b>llm_v2c>llm_v2d,,,,,deterministic_rules,
39768,at://did:plc:plcqzpkbfpm3ehjttg3noodj/app.bsky.feed.post/3mukj4fllds2x,did:plc:plcqzpkbfpm3ehjttg3noodj,2026-09-02T17:57:27.919000+00:00,bluesky,true,true,false,true,relevant,relevant,irrelevant,llm_v2b>llm_v2c>llm_v2d,llm_v2b@2026-09-22T06:02:28.700376+00:00,9da653163799d56c+ca3b837dd0b3e85c,user,Qwen/Qwen3-4B-Instruct-2507,derived_validated,
39780,at://did:plc:m2yuqynl2cttvi4k5453yegh/app.bsky.feed.post/3mukcuxhjkkf2,did:plc:m2yuqynl2cttvi4k5453yegh,2026-09-02T16:05:49+00:00,bluesky,false,false,true,true,irrelevant,irrelevant,relevant,llm_v2b>llm_v2c>llm_v2d,,,,,deterministic_rules,
39785,at://did:plc:i7qnmd6jc2dsjksgwkyhm6ne/app.bsky.feed.post/3mukbylrjzs2j,did:plc:i7qnmd6jc2dsjksgwkyhm6ne,2026-09-02T15:50:02.429000+00:00,bluesky,true,true,true,true,relevant,relevant,relevant,llm_v2b>llm_v2c>llm_v2d,llm_v2b@2026-09-22T06:02:28.700376+00:00,9da653163799d56c+ca3b837dd0b3e85c,user,Qwen/Qwen3-4B-Instruct-2507,derived_validated,
39788,at://did:plc:mhdlhxfwoemeqsv6iwbdeqae/app.bsky.feed.post/3mukaofnrck2l,did:plc:mhdlhxfwoemeqsv6iwbdeqae,2026-09-02T15:26:28.299000+00:00,bluesky,false,false,true,true,irrelevant,irrelevant,relevant,llm_v2b>llm_v2c>llm_v2d,,,,,deterministic_rules,
39789,at://did:plc:nf7goj24a4usi7jo6t5es2tw/app.bsky.feed.post/3mukal765bx2q,did:plc:nf7goj24a4usi7jo6t5es2tw,2026-09-02T15:24:39.037000+00:00,bluesky,true,true,false,true,relevant,relevant,irrelevant,llm_v2b>llm_v2c>llm_v2d,llm_v2b@2026-09-22T06:02:28.700376+00:00,9da653163799d56c+ca3b837dd0b3e85c,user,Qwen/Qwen3-4B-Instruct-2507,derived_validated,
39811,at://did:plc:bielgdloyvh53gmlcnlabmdb/app.bsky.feed.post/3mujixq3ey22d,did:plc:bielgdloyvh53gmlcnlabmdb,2026-09-02T08:22:11.410000+00:00,bluesky,true,true,true,true,relevant,relevant,relevant,llm_v2b>llm_v2c>llm_v2d,llm_v2b@2026-09-22T06:02:28.700376+00:00,9da653163799d56c+ca3b837dd0b3e85c,user,Qwen/Qwen3-4B-Instruct-2507,derived_validated,
39830,at://did:plc:brqaawqgs3sevvlayr66hlca/app.bsky.feed.post/3muitpjuw5s2k,did:plc:brqaawqgs3sevvlayr66hlca,2026-09-02T02:01:47.897000+00:00,bluesky,true,true,true,true,relevant,relevant,relevant,llm_v2b>llm_v2c>llm_v2d,llm_v2b@2026-09-22T06:02:28.700376+00:00,9da653163799d56c+ca3b837dd0b3e85c,user,Qwen/Qwen3-4B-Instruct-2507,derived_validated,
39866,at://did:plc:a3ao5kas7dyi5ooog5saz2ko/app.bsky.feed.post/3mukyxxw5dv27,did:plc:a3ao5kas7dyi5ooog5saz2ko,2026-09-02T22:41:19.188000+00:00,bluesky,true,true,false,true,relevant,relevant,irrelevant,llm_v2b>llm_v2c>llm_v2d,llm_v2b@2026-09-22T06:02:28.700376+00:00,9da653163799d56c+ca3b837dd0b3e85c,user,Qwen/Qwen3-4B-Instruct-2507,derived_validated,
39867,at://did:plc:a3ao5kas7dyi5ooog5saz2ko/app.bsky.feed.post/3mukyxxiulz23,did:plc:a3ao5kas7dyi5ooog5saz2ko,2026-09-02T22:41:18.615000+00:00,bluesky,true,true,false,true,relevant,relevant,irrelevant,llm_v2b>llm_v2c>llm_v2d,llm_v2b@2026-09-22T06:02:28.700376+00:00,9da653163799d56c+ca3b837dd0b3e85c,user,Qwen/Qwen3-4B-Instruct-2507,derived_validated,
39975,at://did:plc:a3ao5kas7dyi5ooog5saz2ko/app.bsky.feed.post/3mukj5izgke2h,did:plc:a3ao5kas7dyi5ooog5saz2ko,2026-09-02T17:58:05.001000+00:00,bluesky,true,true,false,true,relevant,relevant,irrelevant,llm_v2b>llm_v2c>llm_v2d,llm_v2b@2026-09-22T06:02:28.700376+00:00,9da653163799d56c+ca3b837dd0b3e85c,user,Qwen/Qwen3-4B-Instruct-2507,derived_validated,
39976,at://did:plc:a3ao5kas7dyi5ooog5saz2ko/app.bsky.feed.post/3mukj5iiwuj2y,did:plc:a3ao5kas7dyi5ooog5saz2ko,2026-09-02T17:58:04.462000+00:00,bluesky,true,true,false,true,relevant,relevant,irrelevant,llm_v2b>llm_v2c>llm_v2d,llm_v2b@2026-09-22T06:02:28.700376+00:00,9da653163799d56c+ca3b837dd0b3e85c,user,Qwen/Qwen3-4B-Instruct-2507,derived_validated,
39978,at://did:plc:a3ao5kas7dyi5ooog5saz2ko/app.bsky.feed.post/3mukj5hkb2b27,did:plc:a3ao5kas7dyi5ooog5saz2ko,2026-09-02T17:58:03.457000+00:00,bluesky,true,true,false,true,relevant,relevant,irrelevant,llm_v2b>llm_v2c>llm_v2d,llm_v2b@2026-09-22T06:02:28.700376+00:00,9da653163799d56c+ca3b837dd0b3e85c,user,Qwen/Qwen3-4B-Instruct-2507,derived_validated,
39979,at://did:plc:a3ao5kas7dyi5ooog5saz2ko/app.bsky.feed.post/3mukj5h2uw323,did:plc:a3ao5kas7dyi5ooog5saz2ko,2026-09-02T17:58:02.953000+00:00,bluesky,true,true,false,true,relevant,relevant,irrelevant,llm_v2b>llm_v2c>llm_v2d,llm_v2b@2026-09-22T06:02:28.700376+00:00,9da653163799d56c+ca3b837dd0b3e85c,user,Qwen/Qwen3-4B-Instruct-2507,derived_validated,
39982,at://did:plc:dn242yln2biooe6qkd237tqd/app.bsky.feed.post/3mukiijpwpv2s,did:plc:dn242yln2biooe6qkd237tqd,2026-09-02T17:46:20.964000+00:00,bluesky,true,true,false,true,relevant,relevant,irrelevant,llm_v2b>llm_v2c>llm_v2d,llm_v2b@2026-09-22T06:02:28.700376+00:00,9da653163799d56c+ca3b837dd0b3e85c,user,Qwen/Qwen3-4B-Instruct-2507,derived_validated,
40003,at://did:plc:hufjjwwkxxsf5ztkce2ircwo/app.bsky.feed.post/3mukgfjrw4n2p,did:plc:hufjjwwkxxsf5ztkce2ircwo,2026-09-02T17:08:52.677000+00:00,bluesky,true,true,false,true,relevant,relevant,irrelevant,llm_v2b>llm_v2c>llm_v2d,llm_v2b@2026-09-22T06:02:28.700376+00:00,9da653163799d56c+ca3b837dd0b3e85c,user,Qwen/Qwen3-4B-Instruct-2507,derived_validated,
40050,at://did:plc:3i4htisyibpap3mkxe2wam3x/app.bsky.feed.post/3mukaixk3ec2h,did:plc:3i4htisyibpap3mkxe2wam3x,2026-09-02T15:23:25.725000+00:00,bluesky,true,true,false,true,relevant,relevant,irrelevant,llm_v2b>llm_v2c>llm_v2d,llm_v2b@2026-09-22T06:02:28.700376+00:00,9da653163799d56c+ca3b837dd0b3e85c,user,Qwen/Qwen3-4B-Instruct-2507,derived_validated,
40089,at://did:plc:zhe53h7ajlloep2oso5pqxzj/app.bsky.feed.post/3muk2q4fj3l25,did:plc:zhe53h7ajlloep2oso5pqxzj,2026-09-02T13:40:01+00:00,bluesky,true,true,false,true,relevant,relevant,irrelevant,llm_v2b>llm_v2c>llm_v2d,llm_v2b@2026-09-22T06:02:28.700376+00:00,9da653163799d56c+ca3b837dd0b3e85c,user,Qwen/Qwen3-4B-Instruct-2507,derived_validated,
40260,at://did:plc:rvgczjwe4vpieijepny5voy7/app.bsky.feed.post/3muj2iehm7a2w,did:plc:rvgczjwe4vpieijepny5voy7,2026-09-02T04:03:03.453944+00:00,bluesky,true,true,false,true,relevant,relevant,irrelevant,llm_v2b>llm_v2c>llm_v2d,llm_v2b@2026-09-22T06:02:28.700376+00:00,9da653163799d56c+ca3b837dd0b3e85c,user,Qwen/Qwen3-4B-Instruct-2507,derived_validated,
40441,at://did:plc:2pqyad74a76lzgpbrachdyu6/app.bsky.feed.post/3mujegd36eg26,did:plc:2pqyad74a76lzgpbrachdyu6,2026-09-02T07:00:51.935000+00:00,bluesky,false,false,true,true,irrelevant,irrelevant,relevant,llm_v2b>llm_v2c>llm_v2d,,,,,deterministic_rules,
40521,at://did:plc:4t5uoiomce2f7m3dhocjpazg/app.bsky.feed.post/3mukjxlci7k2y,did:plc:4t5uoiomce2f7m3dhocjpazg,2026-09-02T18:12:39.882000+00:00,bluesky,true,true,true,true,relevant,relevant,relevant,llm_v2b>llm_v2c>llm_v2d,llm_v2b@2026-09-22T06:02:28.700376+00:00,9da653163799d56c+ca3b837dd0b3e85c,user,Qwen/Qwen3-4B-Instruct-2507,derived_validated,
40533,at://did:plc:hmwjwkpxwrzd3df5eg36teif/app.bsky.feed.post/3muka6qpkpw2b,did:plc:hmwjwkpxwrzd3df5eg36teif,2026-09-02T15:17:42+00:00,bluesky,true,true,false,true,relevant,relevant,irrelevant,llm_v2b>llm_v2c>llm_v2d,llm_v2b@2026-09-22T06:02:28.700376+00:00,9da653163799d56c+ca3b837dd0b3e85c,user,Qwen/Qwen3-4B-Instruct-2507,derived_validated,
40555,at://did:plc:5kubaprelrb7ryzpyq6bri6b/app.bsky.feed.post/3mujqrvbkec2d,did:plc:5kubaprelrb7ryzpyq6bri6b,2026-09-02T10:42:05.470000+00:00,bluesky,true,true,false,true,relevant,relevant,irrelevant,llm_v2b>llm_v2c>llm_v2d,llm_v2b@2026-09-22T06:02:28.700376+00:00,9da653163799d56c+ca3b837dd0b3e85c,user,Qwen/Qwen3-4B-Instruct-2507,derived_validated,
40563,at://did:plc:7fn5xkrlc2rvmilf4b5od4ya/app.bsky.feed.post/3muji7gdqok2v,did:plc:7fn5xkrlc2rvmilf4b5od4ya,2026-09-02T08:08:35.898000+00:00,bluesky,true,true,false,true,relevant,relevant,irrelevant,llm_v2b>llm_v2c>llm_v2d,llm_v2b@2026-09-22T06:02:28.700376+00:00,9da653163799d56c+ca3b837dd0b3e85c,user,Qwen/Qwen3-4B-Instruct-2507,derived_validated,
40568,at://did:plc:vevngu5t7a2zqvdftysxv26d/app.bsky.feed.post/3mujchrecfs2e,did:plc:vevngu5t7a2zqvdftysxv26d,2026-09-02T06:25:53.436000+00:00,bluesky,true,true,false,true,relevant,relevant,irrelevant,llm_v2b>llm_v2c>llm_v2d,llm_v2b@2026-09-22T06:02:28.700376+00:00,9da653163799d56c+ca3b837dd0b3e85c,user,Qwen/Qwen3-4B-Instruct-2507,derived_validated,
40580,at://did:plc:lirc57u4hu54xlmqfl2holat/app.bsky.feed.post/3muio4horec2x,did:plc:lirc57u4hu54xlmqfl2holat,2026-09-02T00:21:32.839000+00:00,bluesky,true,true,false,true,relevant,relevant,irrelevant,llm_v2b>llm_v2c>llm_v2d,llm_v2b@2026-09-22T06:02:28.700376+00:00,9da653163799d56c+ca3b837dd0b3e85c,user,Qwen/Qwen3-4B-Instruct-2507,derived_validated,
40589,at://did:plc:x7ruo3dewxqyqznwrloj6vof/app.bsky.feed.post/ccvggfhsuxgxy,did:plc:x7ruo3dewxqyqznwrloj6vof,2026-09-02T09:14:16.460000+00:00,bluesky,true,true,false,true,relevant,relevant,irrelevant,llm_v2b>llm_v2c>llm_v2d,llm_v2b@2026-09-22T06:02:28.700376+00:00,9da653163799d56c+ca3b837dd0b3e85c,user,Qwen/Qwen3-4B-Instruct-2507,derived_validated,
40594,at://did:plc:lv3e3gevfzmjvjcauffv4sjp/app.bsky.feed.post/3mukvyhimml25,did:plc:lv3e3gevfzmjvjcauffv4sjp,2026-09-02T21:47:45.233000+00:00,bluesky,true,true,false,true,relevant,relevant,irrelevant,llm_v2b>llm_v2c>llm_v2d,llm_v2b@2026-09-22T06:02:28.700376+00:00,9da653163799d56c+ca3b837dd0b3e85c,user,Qwen/Qwen3-4B-Instruct-2507,derived_validated,
40596,at://did:plc:m6a3yhogcjfbeuzpo3ih47kd/app.bsky.feed.post/3mukvbvdgh22z,did:plc:m6a3yhogcjfbeuzpo3ih47kd,2026-09-02T21:35:16.657000+00:00,bluesky,true,true,false,true,relevant,relevant,irrelevant,llm_v2b>llm_v2c>llm_v2d,llm_v2b@2026-09-22T06:02:28.700376+00:00,9da653163799d56c+ca3b837dd0b3e85c,user,Qwen/Qwen3-4B-Instruct-2507,derived_validated,
40597,at://did:plc:kzmukwaf72iwepygposicgt3/app.bsky.feed.post/3mukvmguje72b,did:plc:kzmukwaf72iwepygposicgt3,2026-09-02T21:31:08+00:00,bluesky,true,true,false,true,relevant,relevant,irrelevant,llm_v2b>llm_v2c>llm_v2d,llm_v2b@2026-09-22T06:02:28.700376+00:00,9da653163799d56c+ca3b837dd0b3e85c,user,Qwen/Qwen3-4B-Instruct-2507,derived_validated,
40600,at://did:plc:pfvzb6km3kbg22ih5dm6j7rp/app.bsky.feed.post/eyedn4jkymuzy,did:plc:pfvzb6km3kbg22ih5dm6j7rp,2026-09-02T20:19:17.083000+00:00,bluesky,true,true,false,true,relevant,relevant,irrelevant,llm_v2b>llm_v2c>llm_v2d,llm_v2b@2026-09-22T06:02:28.700376+00:00,9da653163799d56c+ca3b837dd0b3e85c,user,Qwen/Qwen3-4B-Instruct-2507,derived_validated,
40601,at://did:plc:f5mbotnuol4anbbwxwb6wnfg/app.bsky.feed.post/7gbwulnng3uzr,did:plc:f5mbotnuol4anbbwxwb6wnfg,2026-09-02T20:18:15.814000+00:00,bluesky,true,true,false,true,relevant,relevant,irrelevant,llm_v2b>llm_v2c>llm_v2d,llm_v2b@2026-09-22T06:02:28.700376+00:00,9da653163799d56c+ca3b837dd0b3e85c,user,Qwen/Qwen3-4B-Instruct-2507,derived_validated,
40602,at://did:plc:ug64elynwv5wsbg6cgr75hc3/app.bsky.feed.post/3mukqv5ax5c2d,did:plc:ug64elynwv5wsbg6cgr75hc3,2026-09-02T20:16:34+00:00,bluesky,true,true,false,true,relevant,relevant,irrelevant,llm_v2b>llm_v2c>llm_v2d,llm_v2b@2026-09-22T06:02:28.700376+00:00,9da653163799d56c+ca3b837dd0b3e85c,user,Qwen/Qwen3-4B-Instruct-2507,derived_validated,
40604,at://did:plc:qqxqxgdu5z3he2piqfbfaku4/app.bsky.feed.post/3mukqlksedu2d,did:plc:qqxqxgdu5z3he2piqfbfaku4,2026-09-02T20:11:12.849188+00:00,bluesky,true,true,false,true,relevant,relevant,irrelevant,llm_v2b>llm_v2c>llm_v2d,llm_v2b@2026-09-22T06:02:28.700376+00:00,9da653163799d56c+ca3b837dd0b3e85c,user,Qwen/Qwen3-4B-Instruct-2507,derived_validated,
40610,at://did:plc:2tgmlmni7swkk6pb5xc2jtbu/app.bsky.feed.post/3mukhxufkd22z,did:plc:2tgmlmni7swkk6pb5xc2jtbu,2026-09-02T17:37:01.729000+00:00,bluesky,true,true,false,true,relevant,relevant,irrelevant,llm_v2b>llm_v2c>llm_v2d,llm_v2b@2026-09-22T06:02:28.700376+00:00,9da653163799d56c+ca3b837dd0b3e85c,user,Qwen/Qwen3-4B-Instruct-2507,derived_validated,
40616,at://did:plc:otpjmf6ir6be2qlnjtxqka4e/app.bsky.feed.post/3mukbvo2bjz2l,did:plc:otpjmf6ir6be2qlnjtxqka4e,2026-09-02T15:48:20+00:00,bluesky,true,true,false,true,relevant,relevant,irrelevant,llm_v2b>llm_v2c>llm_v2d,llm_v2b@2026-09-22T06:02:28.700376+00:00,9da653163799d56c+ca3b837dd0b3e85c,user,Qwen/Qwen3-4B-Instruct-2507,derived_validated,
40621,at://did:plc:pu4dpzlp6vjxwy2wi62dtihl/app.bsky.feed.post/3mukacbobjc2b,did:plc:pu4dpzlp6vjxwy2wi62dtihl,2026-09-02T15:19:41.434484+00:00,bluesky,true,true,true,true,relevant,relevant,relevant,llm_v2b>llm_v2c>llm_v2d,llm_v2b@2026-09-22T06:02:28.700376+00:00,9da653163799d56c+ca3b837dd0b3e85c,user,Qwen/Qwen3-4B-Instruct-2507,derived_validated,
40629,at://did:plc:kzmukwaf72iwepygposicgt3/app.bsky.feed.post/3mujpkyl6bp26,did:plc:kzmukwaf72iwepygposicgt3,2026-09-02T10:14:58+00:00,bluesky,true,true,false,true,relevant,relevant,irrelevant,llm_v2b>llm_v2c>llm_v2d,llm_v2b@2026-09-22T06:02:28.700376+00:00,9da653163799d56c+ca3b837dd0b3e85c,user,Qwen/Qwen3-4B-Instruct-2507,derived_validated,
40649,at://did:plc:z5wqufpi3akdylu2sqyzryqr/app.bsky.feed.post/3muktn64ggk2e,did:plc:z5wqufpi3akdylu2sqyzryqr,2026-09-02T21:05:47.931000+00:00,bluesky,true,true,false,true,relevant,relevant,irrelevant,llm_v2b>llm_v2c>llm_v2d,llm_v2b@2026-09-22T06:02:28.700376+00:00,9da653163799d56c+ca3b837dd0b3e85c,user,Qwen/Qwen3-4B-Instruct-2507,derived_validated,
40652,at://did:plc:wn5vb2qhnv56rmvz3jji7ww7/app.bsky.feed.post/3mujlsjgfdy2y,did:plc:wn5vb2qhnv56rmvz3jji7ww7,2026-09-02T09:12:57.819000+00:00,bluesky,true,true,false,true,relevant,relevant,irrelevant,llm_v2b>llm_v2c>llm_v2d,llm_v2b@2026-09-22T06:02:28.700376+00:00,9da653163799d56c+ca3b837dd0b3e85c,user,Qwen/Qwen3-4B-Instruct-2507,derived_validated,
40784,at://did:plc:5cjtlwhckfhm5oidxvvqxsrz/app.bsky.feed.post/3mumkeeumbw2c,did:plc:5cjtlwhckfhm5oidxvvqxsrz,2026-09-03T13:25:08.534901+00:00,bluesky,true,true,false,true,relevant,relevant,irrelevant,llm_v2b>llm_v2c>llm_v2d,llm_v2b@2026-09-22T06:02:28.700376+00:00,9da653163799d56c+ca3b837dd0b3e85c,user,Qwen/Qwen3-4B-Instruct-2507,derived_validated,
40822,at://did:plc:u6celkmubfsmbus5m3aqcrla/app.bsky.feed.post/3mumhcijeai2p,did:plc:u6celkmubfsmbus5m3aqcrla,2026-09-03T12:30:24+00:00,bluesky,true,true,true,true,relevant,relevant,relevant,llm_v2b>llm_v2c>llm_v2d,llm_v2b@2026-09-22T06:02:28.700376+00:00,9da653163799d56c+ca3b837dd0b3e85c,user,Qwen/Qwen3-4B-Instruct-2507,derived_validated,
40830,at://did:plc:i5a2vsezf56iu2yjtmb7m2tb/app.bsky.feed.post/3mumg3zigg22l,did:plc:i5a2vsezf56iu2yjtmb7m2tb,2026-09-03T12:08:53.477000+00:00,bluesky,true,true,false,true,relevant,relevant,irrelevant,llm_v2b>llm_v2c>llm_v2d,llm_v2b@2026-09-22T06:02:28.700376+00:00,9da653163799d56c+ca3b837dd0b3e85c,user,Qwen/Qwen3-4B-Instruct-2507,derived_validated,
40851,at://did:plc:mri4qfwjhti5j4c3ob5vtudy/app.bsky.feed.post/3mumd4jadus2f,did:plc:mri4qfwjhti5j4c3ob5vtudy,2026-09-03T11:15:28.775000+00:00,bluesky,true,true,true,true,relevant,relevant,relevant,llm_v2b>llm_v2c>llm_v2d,llm_v2b@2026-09-22T06:02:28.700376+00:00,9da653163799d56c+ca3b837dd0b3e85c,user,Qwen/Qwen3-4B-Instruct-2507,derived_validated,
40857,at://did:plc:lpcsumiee6obcimaqmtnaypr/app.bsky.feed.post/3mumbawmnbe2t,did:plc:lpcsumiee6obcimaqmtnaypr,2026-09-03T10:42:05+00:00,bluesky,true,true,false,true,relevant,relevant,irrelevant,llm_v2b>llm_v2c>llm_v2d,llm_v2b@2026-09-22T06:02:28.700376+00:00,9da653163799d56c+ca3b837dd0b3e85c,user,Qwen/Qwen3-4B-Instruct-2507,derived_validated,
40878,at://did:plc:u5d54hkw4ysuqtuvcj6cmsin/app.bsky.feed.post/3mum5anvi4a2c,did:plc:u5d54hkw4ysuqtuvcj6cmsin,2026-09-03T09:30:25.383312+00:00,bluesky,true,true,true,true,relevant,relevant,relevant,llm_v2b>llm_v2c>llm_v2d,llm_v2b@2026-09-22T06:02:28.700376+00:00,9da653163799d56c+ca3b837dd0b3e85c,user,Qwen/Qwen3-4B-Instruct-2507,derived_validated,
40879,at://did:plc:u5d54hkw4ysuqtuvcj6cmsin/app.bsky.feed.post/3mum4ynnhpo2l,did:plc:u5d54hkw4ysuqtuvcj6cmsin,2026-09-03T09:25:56.683621+00:00,bluesky,true,true,true,true,relevant,relevant,relevant,llm_v2b>llm_v2c>llm_v2d,llm_v2b@2026-09-22T06:02:28.700376+00:00,9da653163799d56c+ca3b837dd0b3e85c,user,Qwen/Qwen3-4B-Instruct-2507,derived_validated,
40882,at://did:plc:u5d54hkw4ysuqtuvcj6cmsin/app.bsky.feed.post/3mum4oyegnf2f,did:plc:u5d54hkw4ysuqtuvcj6cmsin,2026-09-03T09:20:32.320864+00:00,bluesky,true,true,true,true,relevant,relevant,relevant,llm_v2b>llm_v2c>llm_v2d,llm_v2b@2026-09-22T06:02:28.700376+00:00,9da653163799d56c+ca3b837dd0b3e85c,user,Qwen/Qwen3-4B-Instruct-2507,derived_validated,
40891,at://did:plc:7h7srlskyboefvfqmbgy2wax/app.bsky.feed.post/3mum3orednp2v,did:plc:7h7srlskyboefvfqmbgy2wax,2026-09-03T09:02:30+00:00,bluesky,true,true,true,true,relevant,relevant,relevant,llm_v2b>llm_v2c>llm_v2d,llm_v2b@2026-09-22T06:02:28.700376+00:00,9da653163799d56c+ca3b837dd0b3e85c,user,Qwen/Qwen3-4B-Instruct-2507,derived_validated,
40897,at://did:plc:hh3brnksirhma2rymwtpnp5w/app.bsky.feed.post/3mulzvbca7x2m,did:plc:hh3brnksirhma2rymwtpnp5w,2026-09-03T08:30:21.662616+00:00,bluesky,true,true,false,true,relevant,relevant,irrelevant,llm_v2b>llm_v2c>llm_v2d,llm_v2b@2026-09-22T06:02:28.700376+00:00,9da653163799d56c+ca3b837dd0b3e85c,user,Qwen/Qwen3-4B-Instruct-2507,derived_validated,
40918,at://did:plc:u6celkmubfsmbus5m3aqcrla/app.bsky.feed.post/3mulsdsh7rg2j,did:plc:u6celkmubfsmbus5m3aqcrla,2026-09-03T06:15:19+00:00,bluesky,true,true,true,true,relevant,relevant,relevant,llm_v2b>llm_v2c>llm_v2d,llm_v2b@2026-09-22T06:02:28.700376+00:00,9da653163799d56c+ca3b837dd0b3e85c,user,Qwen/Qwen3-4B-Instruct-2507,derived_validated,
40940,at://did:plc:u5d54hkw4ysuqtuvcj6cmsin/app.bsky.feed.post/3mulq4sgaei2f,did:plc:u5d54hkw4ysuqtuvcj6cmsin,2026-09-03T05:35:37.263475+00:00,bluesky,true,true,true,true,relevant,relevant,relevant,llm_v2b>llm_v2c>llm_v2d,llm_v2b@2026-09-22T06:02:28.700376+00:00,9da653163799d56c+ca3b837dd0b3e85c,user,Qwen/Qwen3-4B-Instruct-2507,derived_validated,
40956,at://did:plc:i5a2vsezf56iu2yjtmb7m2tb/app.bsky.feed.post/3muldyrc2ac2o,did:plc:i5a2vsezf56iu2yjtmb7m2tb,2026-09-03T01:58:37.005000+00:00,bluesky,true,true,true,true,relevant,relevant,relevant,llm_v2b>llm_v2c>llm_v2d,llm_v2b@2026-09-22T06:02:28.700376+00:00,9da653163799d56c+ca3b837dd0b3e85c,user,Qwen/Qwen3-4B-Instruct-2507,derived_validated,
41000,at://did:plc:k6ynmfhszyw3nscjrblnjwt6/app.bsky.feed.post/3munddaxiv22b,did:plc:k6ynmfhszyw3nscjrblnjwt6,2026-09-03T20:51:54.715000+00:00,bluesky,true,true,false,true,relevant,relevant,irrelevant,llm_v2b>llm_v2c>llm_v2d,llm_v2b@2026-09-22T06:02:28.700376+00:00,9da653163799d56c+ca3b837dd0b3e85c,user,Qwen/Qwen3-4B-Instruct-2507,derived_validated,
41011,at://did:plc:vjlzmzpkrou44q7udrogms2m/app.bsky.feed.post/3munair5y6425,did:plc:vjlzmzpkrou44q7udrogms2m,2026-09-03T20:01:18+00:00,bluesky,true,true,false,true,relevant,relevant,irrelevant,llm_v2b>llm_v2c>llm_v2d,llm_v2b@2026-09-22T06:02:28.700376+00:00,9da653163799d56c+ca3b837dd0b3e85c,user,Qwen/Qwen3-4B-Instruct-2507,derived_validated,
41023,at://did:plc:alixtpai3njf57tsftog4dal/app.bsky.feed.post/3mun4nvblkc2m,did:plc:alixtpai3njf57tsftog4dal,2026-09-03T18:52:35.134165+00:00,bluesky,true,true,false,true,relevant,relevant,irrelevant,llm_v2b>llm_v2c>llm_v2d,llm_v2b@2026-09-22T06:02:28.700376+00:00,9da653163799d56c+ca3b837dd0b3e85c,user,Qwen/Qwen3-4B-Instruct-2507,derived_validated,
41032,at://did:plc:qiljn4lpzw2egrjho7xj4ovs/app.bsky.feed.post/3mumzn6wrjc2z,did:plc:qiljn4lpzw2egrjho7xj4ovs,2026-09-03T17:58:30.722000+00:00,bluesky,true,true,false,true,relevant,relevant,irrelevant,llm_v2b>llm_v2c>llm_v2d,llm_v2b@2026-09-22T06:02:28.700376+00:00,9da653163799d56c+ca3b837dd0b3e85c,user,Qwen/Qwen3-4B-Instruct-2507,derived_validated,
41053,at://did:plc:aan5ngkrszlyl7lnd6wp5zq3/app.bsky.feed.post/3mumu2c4f6o22,did:plc:aan5ngkrszlyl7lnd6wp5zq3,2026-09-03T16:18:27.750539+00:00,bluesky,true,true,false,true,relevant,relevant,irrelevant,llm_v2b>llm_v2c>llm_v2d,llm_v2b@2026-09-22T06:02:28.700376+00:00,9da653163799d56c+ca3b837dd0b3e85c,user,Qwen/Qwen3-4B-Instruct-2507,derived_validated,
41085,at://did:plc:wtqij2p5kki7w3cafn6vsv62/app.bsky.feed.post/3mumnons6u22k,did:plc:wtqij2p5kki7w3cafn6vsv62,2026-09-03T14:24:34.950000+00:00,bluesky,true,true,false,true,relevant,relevant,irrelevant,llm_v2b>llm_v2c>llm_v2d,llm_v2b@2026-09-22T06:02:28.700376+00:00,9da653163799d56c+ca3b837dd0b3e85c,user,Qwen/Qwen3-4B-Instruct-2507,derived_validated,
41124,at://did:plc:t3edcr7xq6vlvfjp5dlcwrkf/app.bsky.feed.post/3mumdzxg7h52r,did:plc:t3edcr7xq6vlvfjp5dlcwrkf,2026-09-03T11:31:56.364421+00:00,bluesky,true,true,true,true,relevant,relevant,relevant,llm_v2b>llm_v2c>llm_v2d,llm_v2b@2026-09-22T06:02:28.700376+00:00,9da653163799d56c+ca3b837dd0b3e85c,user,Qwen/Qwen3-4B-Instruct-2507,derived_validated,
41128,at://did:plc:ubvwyzp67z2sn2fstijsspio/app.bsky.feed.post/3mumcmufibu2i,did:plc:ubvwyzp67z2sn2fstijsspio,2026-09-03T11:06:43+00:00,bluesky,true,true,false,true,relevant,relevant,irrelevant,llm_v2b>llm_v2c>llm_v2d,llm_v2b@2026-09-22T06:02:28.700376+00:00,9da653163799d56c+ca3b837dd0b3e85c,user,Qwen/Qwen3-4B-Instruct-2507,derived_validated,
41220,at://did:plc:b2fkbc6hznh54tke6ok5ayix/app.bsky.feed.post/3munll5pris2m,did:plc:b2fkbc6hznh54tke6ok5ayix,2026-09-03T23:19:29.687000+00:00,bluesky,true,true,true,true,relevant,relevant,relevant,llm_v2b>llm_v2c>llm_v2d,llm_v2b@2026-09-22T06:02:28.700376+00:00,9da653163799d56c+ca3b837dd0b3e85c,user,Qwen/Qwen3-4B-Instruct-2507,derived_validated,
41242,at://did:plc:ujnfbbijy5adzenmke3vz3qa/app.bsky.feed.post/3muncdm6rrs2n,did:plc:ujnfbbijy5adzenmke3vz3qa,2026-09-03T20:34:12.747000+00:00,bluesky,true,true,true,true,relevant,relevant,relevant,llm_v2b>llm_v2c>llm_v2d,llm_v2b@2026-09-22T06:02:28.700376+00:00,9da653163799d56c+ca3b837dd0b3e85c,user,Qwen/Qwen3-4B-Instruct-2507,derived_validated,
41254,at://did:plc:ojs3pdc6vbk6rxaohacrbkx4/app.bsky.feed.post/3mun6rbpbnt2x,did:plc:ojs3pdc6vbk6rxaohacrbkx4,2026-09-03T19:30:16.472000+00:00,bluesky,true,true,false,true,relevant,relevant,irrelevant,llm_v2b>llm_v2c>llm_v2d,llm_v2b@2026-09-22T06:02:28.700376+00:00,9da653163799d56c+ca3b837dd0b3e85c,user,Qwen/Qwen3-4B-Instruct-2507,derived_validated,
41255,at://did:plc:cqlecccbzftvfapzpbb6ixzg/app.bsky.feed.post/3mun6rbgqr42i,did:plc:cqlecccbzftvfapzpbb6ixzg,2026-09-03T19:30:16.224000+00:00,bluesky,true,true,false,true,relevant,relevant,irrelevant,llm_v2b>llm_v2c>llm_v2d,llm_v2b@2026-09-22T06:02:28.700376+00:00,9da653163799d56c+ca3b837dd0b3e85c,user,Qwen/Qwen3-4B-Instruct-2507,derived_validated,
41257,at://did:plc:qidbgns7woeoeovntsu4thl6/app.bsky.feed.post/3mun6m4gwwt23,did:plc:qidbgns7woeoeovntsu4thl6,2026-09-03T19:27:22.767000+00:00,bluesky,true,true,true,true,relevant,relevant,relevant,llm_v2b>llm_v2c>llm_v2d,llm_v2b@2026-09-22T06:02:28.700376+00:00,9da653163799d56c+ca3b837dd0b3e85c,user,Qwen/Qwen3-4B-Instruct-2507,derived_validated,
41258,at://did:plc:q5m4pspc6zmqru6b4dpg65yv/app.bsky.feed.post/3mun6lmg3cr22,did:plc:q5m4pspc6zmqru6b4dpg65yv,2026-09-03T19:27:06.364124+00:00,bluesky,true,true,true,true,relevant,relevant,relevant,llm_v2b>llm_v2c>llm_v2d,llm_v2b@2026-09-22T06:02:28.700376+00:00,9da653163799d56c+ca3b837dd0b3e85c,user,Qwen/Qwen3-4B-Instruct-2507,derived_validated,
41261,at://did:plc:sysx2yv2op2i4bqndfm7zdla/app.bsky.feed.post/3mun5whs4jk2h,did:plc:sysx2yv2op2i4bqndfm7zdla,2026-09-03T19:15:16.849005+00:00,bluesky,true,true,true,true,relevant,relevant,relevant,llm_v2b>llm_v2c>llm_v2d,llm_v2b@2026-09-22T06:02:28.700376+00:00,9da653163799d56c+ca3b837dd0b3e85c,user,Qwen/Qwen3-4B-Instruct-2507,derived_validated,
41264,at://did:plc:milnbvtaw7ztovhve6fwymyn/app.bsky.feed.post/3mun5fl3g7227,did:plc:milnbvtaw7ztovhve6fwymyn,2026-09-03T19:05:49.989000+00:00,bluesky,true,true,false,true,relevant,relevant,irrelevant,llm_v2b>llm_v2c>llm_v2d,llm_v2b@2026-09-22T06:02:28.700376+00:00,9da653163799d56c+ca3b837dd0b3e85c,user,Qwen/Qwen3-4B-Instruct-2507,derived_validated,
41286,at://did:plc:6z3quguxzoondmckkj3l2c5l/app.bsky.feed.post/3mumwpkpvrg2f,did:plc:6z3quguxzoondmckkj3l2c5l,2026-09-03T17:06:07+00:00,bluesky,false,false,true,true,irrelevant,irrelevant,relevant,llm_v2b>llm_v2c>llm_v2d,,,,,deterministic_rules,
41288,at://did:plc:u6celkmubfsmbus5m3aqcrla/app.bsky.feed.post/3mumwfeqto42o,did:plc:u6celkmubfsmbus5m3aqcrla,2026-09-03T17:00:26+00:00,bluesky,true,true,false,true,relevant,relevant,irrelevant,llm_v2b>llm_v2c>llm_v2d,llm_v2b@2026-09-22T06:02:28.700376+00:00,9da653163799d56c+ca3b837dd0b3e85c,user,Qwen/Qwen3-4B-Instruct-2507,derived_validated,
41292,at://did:plc:mht5ub4ykjuoxpux77hikixt/app.bsky.feed.post/3mumtvld6df2i,did:plc:mht5ub4ykjuoxpux77hikixt,2026-09-03T16:15:49.515000+00:00,bluesky,true,true,true,true,relevant,relevant,relevant,llm_v2b>llm_v2c>llm_v2d,llm_v2b@2026-09-22T06:02:28.700376+00:00,9da653163799d56c+ca3b837dd0b3e85c,user,Qwen/Qwen3-4B-Instruct-2507,derived_validated,
41297,at://did:plc:knytkb52cza74zx2ghajtg7s/app.bsky.feed.post/3mumsu3q57i2k,did:plc:knytkb52cza74zx2ghajtg7s,2026-09-03T15:57:06.033000+00:00,bluesky,true,true,false,true,relevant,relevant,irrelevant,llm_v2b>llm_v2c>llm_v2d,llm_v2b@2026-09-22T06:02:28.700376+00:00,9da653163799d56c+ca3b837dd0b3e85c,user,Qwen/Qwen3-4B-Instruct-2507,derived_validated,
41300,at://did:plc:sjiqjo33a3br4iyed7ph5oym/app.bsky.feed.post/3mumsatfhlf2o,did:plc:sjiqjo33a3br4iyed7ph5oym,2026-09-03T15:46:19.672000+00:00,bluesky,false,false,true,true,irrelevant,irrelevant,relevant,llm_v2b>llm_v2c>llm_v2d,,,,,deterministic_rules,
41308,at://did:plc:66y67robjllabg336bn2c6z2/app.bsky.feed.post/3mumqguaeik2q,did:plc:66y67robjllabg336bn2c6z2,2026-09-03T15:13:54.492000+00:00,bluesky,true,true,true,true,relevant,relevant,relevant,llm_v2b>llm_v2c>llm_v2d,llm_v2b@2026-09-22T06:02:28.700376+00:00,9da653163799d56c+ca3b837dd0b3e85c,user,Qwen/Qwen3-4B-Instruct-2507,derived_validated,
41317,at://did:plc:gaaaznpou42avtsc34n477o4/app.bsky.feed.post/3mumpad4t5h2j,did:plc:gaaaznpou42avtsc34n477o4,2026-09-03T14:52:21.435000+00:00,bluesky,true,true,false,true,relevant,relevant,irrelevant,llm_v2b>llm_v2c>llm_v2d,llm_v2b@2026-09-22T06:02:28.700376+00:00,9da653163799d56c+ca3b837dd0b3e85c,user,Qwen/Qwen3-4B-Instruct-2507,derived_validated,
41319,at://did:plc:geidqukzen75knciqkq77vgq/app.bsky.feed.post/3mumoxmjrdc2v,did:plc:geidqukzen75knciqkq77vgq,2026-09-03T14:47:29.321658+00:00,bluesky,true,true,true,true,relevant,relevant,relevant,llm_v2b>llm_v2c>llm_v2d,llm_v2b@2026-09-22T06:02:28.700376+00:00,9da653163799d56c+ca3b837dd0b3e85c,user,Qwen/Qwen3-4B-Instruct-2507,derived_validated,
41321,at://did:plc:mri4qfwjhti5j4c3ob5vtudy/app.bsky.feed.post/3mumono3las2l,did:plc:mri4qfwjhti5j4c3ob5vtudy,2026-09-03T14:41:55.447000+00:00,bluesky,false,false,true,true,irrelevant,irrelevant,relevant,llm_v2b>llm_v2c>llm_v2d,,,,,deterministic_rules,
41326,at://did:plc:j5remt4mcqnlsswop7oqttkp/app.bsky.feed.post/3mumodoxswf2k,did:plc:j5remt4mcqnlsswop7oqttkp,2026-09-03T14:36:20.828000+00:00,bluesky,true,true,false,true,relevant,relevant,irrelevant,llm_v2b>llm_v2c>llm_v2d,llm_v2b@2026-09-22T06:02:28.700376+00:00,9da653163799d56c+ca3b837dd0b3e85c,user,Qwen/Qwen3-4B-Instruct-2507,derived_validated,
41332,at://did:plc:mvw7btcxe6jgznss25lcmus7/app.bsky.feed.post/3mummxt3mo226,did:plc:mvw7btcxe6jgznss25lcmus7,2026-09-03T14:11:48.751000+00:00,bluesky,true,true,false,true,relevant,relevant,irrelevant,llm_v2b>llm_v2c>llm_v2d,llm_v2b@2026-09-22T06:02:28.700376+00:00,9da653163799d56c+ca3b837dd0b3e85c,user,Qwen/Qwen3-4B-Instruct-2507,derived_validated,
41344,at://did:plc:thyvqihacq43gfarxyp4lboj/app.bsky.feed.post/3mumjejsdns2i,did:plc:thyvqihacq43gfarxyp4lboj,2026-09-03T13:07:20.252000+00:00,bluesky,true,true,true,true,relevant,relevant,relevant,llm_v2b>llm_v2c>llm_v2d,llm_v2b@2026-09-22T06:02:28.700376+00:00,9da653163799d56c+ca3b837dd0b3e85c,user,Qwen/Qwen3-4B-Instruct-2507,derived_validated,
41346,at://did:plc:olngegflgjr5us2ype26qkrr/app.bsky.feed.post/3mumiyi7snk2z,did:plc:olngegflgjr5us2ype26qkrr,2026-09-03T13:00:35.943000+00:00,bluesky,true,true,true,true,relevant,relevant,relevant,llm_v2b>llm_v2c>llm_v2d,llm_v2b@2026-09-22T06:02:28.700376+00:00,9da653163799d56c+ca3b837dd0b3e85c,user,Qwen/Qwen3-4B-Instruct-2507,derived_validated,
41350,at://did:plc:xqkenrxhlwq46p2f54fgxyfc/app.bsky.feed.post/3mumicc773c2v,did:plc:xqkenrxhlwq46p2f54fgxyfc,2026-09-03T12:48:11.432000+00:00,bluesky,true,true,false,true,relevant,relevant,irrelevant,llm_v2b>llm_v2c>llm_v2d,llm_v2b@2026-09-22T06:02:28.700376+00:00,9da653163799d56c+ca3b837dd0b3e85c,user,Qwen/Qwen3-4B-Instruct-2507,derived_validated,
41354,at://did:plc:mri4qfwjhti5j4c3ob5vtudy/app.bsky.feed.post/3mumgzqfc2c2f,did:plc:mri4qfwjhti5j4c3ob5vtudy,2026-09-03T12:25:30.581000+00:00,bluesky,true,true,true,true,relevant,relevant,relevant,llm_v2b>llm_v2c>llm_v2d,llm_v2b@2026-09-22T06:02:28.700376+00:00,9da653163799d56c+ca3b837dd0b3e85c,user,Qwen/Qwen3-4B-Instruct-2507,derived_validated,
41355,at://did:plc:trtrc2bhcrguk4yqkpnnrl6s/app.bsky.feed.post/3mumgzjkstk2f,did:plc:trtrc2bhcrguk4yqkpnnrl6s,2026-09-03T12:25:23.423000+00:00,bluesky,true,true,false,true,relevant,relevant,irrelevant,llm_v2b>llm_v2c>llm_v2d,llm_v2b@2026-09-22T06:02:28.700376+00:00,9da653163799d56c+ca3b837dd0b3e85c,user,Qwen/Qwen3-4B-Instruct-2507,derived_validated,
41358,at://did:plc:aqkhgtacyqtfdeonzytkmonx/app.bsky.feed.post/3mumgn5rmpc2u,did:plc:aqkhgtacyqtfdeonzytkmonx,2026-09-03T12:18:28.409000+00:00,bluesky,true,true,true,true,relevant,relevant,relevant,llm_v2b>llm_v2c>llm_v2d,llm_v2b@2026-09-22T06:02:28.700376+00:00,9da653163799d56c+ca3b837dd0b3e85c,user,Qwen/Qwen3-4B-Instruct-2507,derived_validated,
41360,at://did:plc:gf2kf7hzq524kg3v5esrvtzi/app.bsky.feed.post/3mumglic4fv2b,did:plc:gf2kf7hzq524kg3v5esrvtzi,2026-09-03T12:17:31.926000+00:00,bluesky,true,true,false,true,relevant,relevant,irrelevant,llm_v2b>llm_v2c>llm_v2d,llm_v2b@2026-09-22T06:02:28.700376+00:00,9da653163799d56c+ca3b837dd0b3e85c,user,Qwen/Qwen3-4B-Instruct-2507,derived_validated,
41361,at://did:plc:imsdtsqhexcfyrdtra7tngc4/app.bsky.feed.post/3mumglb4oe22b,did:plc:imsdtsqhexcfyrdtra7tngc4,2026-09-03T12:17:24.808000+00:00,bluesky,true,true,true,true,relevant,relevant,relevant,llm_v2b>llm_v2c>llm_v2d,llm_v2b@2026-09-22T06:02:28.700376+00:00,9da653163799d56c+ca3b837dd0b3e85c,user,Qwen/Qwen3-4B-Instruct-2507,derived_validated,
41362,at://did:plc:7oeufzwrvqyzfmj3jffojbjw/app.bsky.feed.post/3mumgieb6ii2l,did:plc:7oeufzwrvqyzfmj3jffojbjw,2026-09-03T12:15:47+00:00,bluesky,false,false,true,true,irrelevant,irrelevant,relevant,llm_v2b>llm_v2c>llm_v2d,,,,,deterministic_rules,
41363,at://did:plc:6dlkxtlbv5bnjecjee6isy7u/app.bsky.feed.post/3mumgb3lgyg2l,did:plc:6dlkxtlbv5bnjecjee6isy7u,2026-09-03T12:11:43+00:00,bluesky,true,true,false,true,relevant,relevant,irrelevant,llm_v2b>llm_v2c>llm_v2d,llm_v2b@2026-09-22T06:02:28.700376+00:00,9da653163799d56c+ca3b837dd0b3e85c,user,Qwen/Qwen3-4B-Instruct-2507,derived_validated,
41365,at://did:plc:42han5exrxyrgdsbwosrp7sy/app.bsky.feed.post/3mumfryt6ux25,did:plc:42han5exrxyrgdsbwosrp7sy,2026-09-03T12:03:16.219000+00:00,bluesky,true,true,false,true,relevant,relevant,irrelevant,llm_v2b>llm_v2c>llm_v2d,llm_v2b@2026-09-22T06:02:28.700376+00:00,9da653163799d56c+ca3b837dd0b3e85c,user,Qwen/Qwen3-4B-Instruct-2507,derived_validated,
41369,at://did:plc:ck7aajho5ziqo6lrs64rm4oc/app.bsky.feed.post/3mumeueyczb2e,did:plc:ck7aajho5ziqo6lrs64rm4oc,2026-09-03T11:46:43.088978+00:00,bluesky,true,true,true,true,relevant,relevant,relevant,llm_v2b>llm_v2c>llm_v2d,llm_v2b@2026-09-22T06:02:28.700376+00:00,9da653163799d56c+ca3b837dd0b3e85c,user,Qwen/Qwen3-4B-Instruct-2507,derived_validated,
41391,at://did:plc:7rrfl4mbbx7z75kjc7lyvdao/app.bsky.feed.post/3mum6bibw7c2w,did:plc:7rrfl4mbbx7z75kjc7lyvdao,2026-09-03T09:48:46.840000+00:00,bluesky,true,true,true,true,relevant,relevant,relevant,llm_v2b>llm_v2c>llm_v2d,llm_v2b@2026-09-22T06:02:28.700376+00:00,9da653163799d56c+ca3b837dd0b3e85c,user,Qwen/Qwen3-4B-Instruct-2507,derived_validated,
41404,at://did:plc:a6uxzzplgtsf2pucxjmaz7qq/app.bsky.feed.post/3mulyafvahs2v,did:plc:a6uxzzplgtsf2pucxjmaz7qq,2026-09-03T08:00:48.322000+00:00,bluesky,true,true,true,true,relevant,relevant,relevant,llm_v2b>llm_v2c>llm_v2d,llm_v2b@2026-09-22T06:02:28.700376+00:00,9da653163799d56c+ca3b837dd0b3e85c,user,Qwen/Qwen3-4B-Instruct-2507,derived_validated,
41410,at://did:plc:xrmh4lmuji5swz4ldy7km7m6/app.bsky.feed.post/3mulukxerps24,did:plc:xrmh4lmuji5swz4ldy7km7m6,2026-09-03T06:55:07.235000+00:00,bluesky,true,true,true,true,relevant,relevant,relevant,llm_v2b>llm_v2c>llm_v2d,llm_v2b@2026-09-22T06:02:28.700376+00:00,9da653163799d56c+ca3b837dd0b3e85c,user,Qwen/Qwen3-4B-Instruct-2507,derived_validated,
41412,at://did:plc:g7eg7ex3bijfotbo3kskfyop/app.bsky.feed.post/3mulsuxoljc2r,did:plc:g7eg7ex3bijfotbo3kskfyop,2026-09-03T06:24:55.618000+00:00,bluesky,true,true,true,true,relevant,relevant,relevant,llm_v2b>llm_v2c>llm_v2d,llm_v2b@2026-09-22T06:02:28.700376+00:00,9da653163799d56c+ca3b837dd0b3e85c,user,Qwen/Qwen3-4B-Instruct-2507,derived_validated,
41416,at://did:plc:42han5exrxyrgdsbwosrp7sy/app.bsky.feed.post/3mulrrovixd2s,did:plc:42han5exrxyrgdsbwosrp7sy,2026-09-03T06:05:10.772000+00:00,bluesky,true,true,true,true,relevant,relevant,relevant,llm_v2b>llm_v2c>llm_v2d,llm_v2b@2026-09-22T06:02:28.700376+00:00,9da653163799d56c+ca3b837dd0b3e85c,user,Qwen/Qwen3-4B-Instruct-2507,derived_validated,
41435,at://did:plc:in7vmhhe5lzfci4ijvikrmwl/app.bsky.feed.post/3mulgrxu6fs2m,did:plc:in7vmhhe5lzfci4ijvikrmwl,2026-09-03T02:48:30.233000+00:00,bluesky,true,true,true,true,relevant,relevant,relevant,llm_v2b>llm_v2c>llm_v2d,llm_v2b@2026-09-22T06:02:28.700376+00:00,9da653163799d56c+ca3b837dd0b3e85c,user,Qwen/Qwen3-4B-Instruct-2507,derived_validated,
41439,at://did:plc:q2pe2753p53fdhrnt2ylsnhr/app.bsky.feed.post/3mulf2g5kdk27,did:plc:q2pe2753p53fdhrnt2ylsnhr,2026-09-03T02:17:26.174000+00:00,bluesky,true,true,true,true,relevant,relevant,relevant,llm_v2b>llm_v2c>llm_v2d,llm_v2b@2026-09-22T06:02:28.700376+00:00,9da653163799d56c+ca3b837dd0b3e85c,user,Qwen/Qwen3-4B-Instruct-2507,derived_validated,
41440,at://did:plc:diultroyjy4m3sd5xjgwotbh/app.bsky.feed.post/3muleusv6uc27,did:plc:diultroyjy4m3sd5xjgwotbh,2026-09-03T02:14:18.206000+00:00,bluesky,true,true,true,true,relevant,relevant,relevant,llm_v2b>llm_v2c>llm_v2d,llm_v2b@2026-09-22T06:02:28.700376+00:00,9da653163799d56c+ca3b837dd0b3e85c,user,Qwen/Qwen3-4B-Instruct-2507,derived_validated,
41444,at://did:plc:nibu4sqcfd7upw7kxgb5nt5g/app.bsky.feed.post/3mulco2bxos2f,did:plc:nibu4sqcfd7upw7kxgb5nt5g,2026-09-03T01:34:43.599000+00:00,bluesky,true,true,true,true,relevant,relevant,relevant,llm_v2b>llm_v2c>llm_v2d,llm_v2b@2026-09-22T06:02:28.700376+00:00,9da653163799d56c+ca3b837dd0b3e85c,user,Qwen/Qwen3-4B-Instruct-2507,derived_validated,
41448,at://did:plc:xsrfq5x5gt5juenwrkojklxu/app.bsky.feed.post/3mulartbhzc2j,did:plc:xsrfq5x5gt5juenwrkojklxu,2026-09-03T01:01:02.978000+00:00,bluesky,true,true,false,true,relevant,relevant,irrelevant,llm_v2b>llm_v2c>llm_v2d,llm_v2b@2026-09-22T06:02:28.700376+00:00,9da653163799d56c+ca3b837dd0b3e85c,user,Qwen/Qwen3-4B-Instruct-2507,derived_validated,
41451,at://did:plc:isb7xbb5uwchsjjahvqznbie/app.bsky.feed.post/3mula7qaxvs2p,did:plc:isb7xbb5uwchsjjahvqznbie,2026-09-03T00:50:55.836000+00:00,bluesky,true,true,true,true,relevant,relevant,relevant,llm_v2b>llm_v2c>llm_v2d,llm_v2b@2026-09-22T06:02:28.700376+00:00,9da653163799d56c+ca3b837dd0b3e85c,user,Qwen/Qwen3-4B-Instruct-2507,derived_validated,
41464,at://did:plc:iipowqhztticiguaxkwgtiwt/app.bsky.feed.post/3mul6iysmht2y,did:plc:iipowqhztticiguaxkwgtiwt,2026-09-03T00:20:19.280000+00:00,bluesky,true,true,true,true,relevant,relevant,relevant,llm_v2b>llm_v2c>llm_v2d,llm_v2b@2026-09-22T06:02:28.700376+00:00,9da653163799d56c+ca3b837dd0b3e85c,user,Qwen/Qwen3-4B-Instruct-2507,derived_validated,
41465,at://did:plc:o3fivppasuqvwjale4n6bqxr/app.bsky.feed.post/3mul6f7pmj22k,did:plc:o3fivppasuqvwjale4n6bqxr,2026-09-03T00:18:12.328000+00:00,bluesky,true,true,true,true,relevant,relevant,relevant,llm_v2b>llm_v2c>llm_v2d,llm_v2b@2026-09-22T06:02:28.700376+00:00,9da653163799d56c+ca3b837dd0b3e85c,user,Qwen/Qwen3-4B-Instruct-2507,derived_validated,
41512,at://did:plc:kgrwlmfbbjwdohza3nmfhdla/app.bsky.feed.post/3mumkn3xvdy2r,did:plc:kgrwlmfbbjwdohza3nmfhdla,2026-09-03T13:30:00+00:00,bluesky,true,true,true,true,relevant,relevant,relevant,llm_v2b>llm_v2c>llm_v2d,llm_v2b@2026-09-22T06:02:28.700376+00:00,9da653163799d56c+ca3b837dd0b3e85c,user,Qwen/Qwen3-4B-Instruct-2507,derived_validated,
41526,at://did:plc:ril6rzy6m5zutwvxqqrh5a5j/app.bsky.feed.post/3mumapmxccb2x,did:plc:ril6rzy6m5zutwvxqqrh5a5j,2026-09-03T10:32:27+00:00,bluesky,true,true,true,true,relevant,relevant,relevant,llm_v2b>llm_v2c>llm_v2d,llm_v2b@2026-09-22T06:02:28.700376+00:00,9da653163799d56c+ca3b837dd0b3e85c,user,Qwen/Qwen3-4B-Instruct-2507,derived_validated,
41632,at://did:plc:yoorxodgdcylzn6aaxvsn6ca/app.bsky.feed.post/3munikh7rxg2a,did:plc:yoorxodgdcylzn6aaxvsn6ca,2026-09-03T22:25:21.315094+00:00,bluesky,true,true,true,true,relevant,relevant,relevant,llm_v2b>llm_v2c>llm_v2d,llm_v2b@2026-09-22T06:02:28.700376+00:00,9da653163799d56c+ca3b837dd0b3e85c,user,Qwen/Qwen3-4B-Instruct-2507,derived_validated,
41713,at://did:plc:htlckdfrbrrogj7wmstqave6/app.bsky.feed.post/3mundhxdbh22d,did:plc:htlckdfrbrrogj7wmstqave6,2026-09-03T20:54:32.386000+00:00,bluesky,true,true,true,true,relevant,relevant,relevant,llm_v2b>llm_v2c>llm_v2d,llm_v2b@2026-09-22T06:02:28.700376+00:00,9da653163799d56c+ca3b837dd0b3e85c,user,Qwen/Qwen3-4B-Instruct-2507,derived_validated,
41716,at://did:plc:7hcwimkr7xnbiygmalchv7vw/app.bsky.feed.post/3munddqzsvc25,did:plc:7hcwimkr7xnbiygmalchv7vw,2026-09-03T20:52:11.569000+00:00,bluesky,true,true,true,true,relevant,relevant,relevant,llm_v2b>llm_v2c>llm_v2d,llm_v2b@2026-09-22T06:02:28.700376+00:00,9da653163799d56c+ca3b837dd0b3e85c,user,Qwen/Qwen3-4B-Instruct-2507,derived_validated,
41732,at://did:plc:4daagiezglabeoyaj3c4lnol/app.bsky.feed.post/3munc7kge7g2v,did:plc:4daagiezglabeoyaj3c4lnol,2026-09-03T20:31:55+00:00,bluesky,true,true,true,true,relevant,relevant,relevant,llm_v2b>llm_v2c>llm_v2d,llm_v2b@2026-09-22T06:02:28.700376+00:00,9da653163799d56c+ca3b837dd0b3e85c,user,Qwen/Qwen3-4B-Instruct-2507,derived_validated,
41752,at://did:plc:mri4qfwjhti5j4c3ob5vtudy/app.bsky.feed.post/3munbeq3nbs2j,did:plc:mri4qfwjhti5j4c3ob5vtudy,2026-09-03T20:16:56.652000+00:00,bluesky,true,true,false,true,relevant,relevant,irrelevant,llm_v2b>llm_v2c>llm_v2d,llm_v2b@2026-09-22T06:02:28.700376+00:00,9da653163799d56c+ca3b837dd0b3e85c,user,Qwen/Qwen3-4B-Instruct-2507,derived_validated,
41842,at://did:plc:xwlikwk3gxk36eutedptjpne/app.bsky.feed.post/3mun5nwya232b,did:plc:xwlikwk3gxk36eutedptjpne,2026-09-03T19:10:30.775525+00:00,bluesky,true,true,false,true,relevant,relevant,irrelevant,llm_v2b>llm_v2c>llm_v2d,llm_v2b@2026-09-22T06:02:28.700376+00:00,9da653163799d56c+ca3b837dd0b3e85c,user,Qwen/Qwen3-4B-Instruct-2507,derived_validated,
41875,at://did:plc:qf326qqj6z6axummja52dzpq/app.bsky.feed.post/3mun3q7yzbk2q,did:plc:qf326qqj6z6axummja52dzpq,2026-09-03T18:35:59.990000+00:00,bluesky,true,true,false,true,relevant,relevant,irrelevant,llm_v2b>llm_v2c>llm_v2d,llm_v2b@2026-09-22T06:02:28.700376+00:00,9da653163799d56c+ca3b837dd0b3e85c,user,Qwen/Qwen3-4B-Instruct-2507,derived_validated,
41920,at://did:plc:3dzlsh22j3qywv4f7a3jg6da/app.bsky.feed.post/3mumzu2klgm2r,did:plc:3dzlsh22j3qywv4f7a3jg6da,2026-09-03T18:02:20.725000+00:00,bluesky,true,true,true,true,relevant,relevant,relevant,llm_v2b>llm_v2c>llm_v2d,llm_v2b@2026-09-22T06:02:28.700376+00:00,9da653163799d56c+ca3b837dd0b3e85c,user,Qwen/Qwen3-4B-Instruct-2507,derived_validated,
41933,at://did:plc:gpe2d7fptjwvqshcaomb2ydr/app.bsky.feed.post/3mumy67ofab23,did:plc:gpe2d7fptjwvqshcaomb2ydr,2026-09-03T17:32:14.388000+00:00,bluesky,true,true,false,true,relevant,relevant,irrelevant,llm_v2b>llm_v2c>llm_v2d,llm_v2b@2026-09-22T06:02:28.700376+00:00,9da653163799d56c+ca3b837dd0b3e85c,user,Qwen/Qwen3-4B-Instruct-2507,derived_validated,
42007,at://did:plc:3dzlsh22j3qywv4f7a3jg6da/app.bsky.feed.post/3mumt7sd7dq2j,did:plc:3dzlsh22j3qywv4f7a3jg6da,2026-09-03T16:03:38.660000+00:00,bluesky,true,true,true,true,relevant,relevant,relevant,llm_v2b>llm_v2c>llm_v2d,llm_v2b@2026-09-22T06:02:28.700376+00:00,9da653163799d56c+ca3b837dd0b3e85c,user,Qwen/Qwen3-4B-Instruct-2507,derived_validated,
42155,at://did:plc:mri4qfwjhti5j4c3ob5vtudy/app.bsky.feed.post/3mumkt656wk2x,did:plc:mri4qfwjhti5j4c3ob5vtudy,2026-09-03T13:33:25.083000+00:00,bluesky,true,true,false,true,relevant,relevant,irrelevant,llm_v2b>llm_v2c>llm_v2d,llm_v2b@2026-09-22T06:02:28.700376+00:00,9da653163799d56c+ca3b837dd0b3e85c,user,Qwen/Qwen3-4B-Instruct-2507,derived_validated,
42196,at://did:plc:f4ifnp4taxf3dpaftzfisgqz/app.bsky.feed.post/3mumhn2twhti2,did:plc:f4ifnp4taxf3dpaftzfisgqz,2026-09-03T12:36:02+00:00,bluesky,true,true,true,true,relevant,relevant,relevant,llm_v2b>llm_v2c>llm_v2d,llm_v2b@2026-09-22T06:02:28.700376+00:00,9da653163799d56c+ca3b837dd0b3e85c,user,Qwen/Qwen3-4B-Instruct-2507,derived_validated,
42237,at://did:plc:ikiq2qs52ccamspmku5fuirb/app.bsky.feed.post/3mumfmhomq52m,did:plc:ikiq2qs52ccamspmku5fuirb,2026-09-03T12:00:11.328000+00:00,bluesky,true,true,false,true,relevant,relevant,irrelevant,llm_v2b>llm_v2c>llm_v2d,llm_v2b@2026-09-22T06:02:28.700376+00:00,9da653163799d56c+ca3b837dd0b3e85c,user,Qwen/Qwen3-4B-Instruct-2507,derived_validated,
42310,at://did:plc:wcgbb35w2zjdq4gg42qjqqn3/app.bsky.feed.post/3mumbpdfafa2o,did:plc:wcgbb35w2zjdq4gg42qjqqn3,2026-09-03T10:50:09.642000+00:00,bluesky,false,false,true,true,irrelevant,irrelevant,relevant,llm_v2b>llm_v2c>llm_v2d,,,,,deterministic_rules,
42349,at://did:plc:ddwymguue2b6xbb4fmp2fapk/app.bsky.feed.post/3mum5bhut3k2t,did:plc:ddwymguue2b6xbb4fmp2fapk,2026-09-03T09:30:52.670000+00:00,bluesky,true,true,false,true,relevant,relevant,irrelevant,llm_v2b>llm_v2c>llm_v2d,llm_v2b@2026-09-22T06:02:28.700376+00:00,9da653163799d56c+ca3b837dd0b3e85c,user,Qwen/Qwen3-4B-Instruct-2507,derived_validated,
42367,at://did:plc:unejftsz3cgbjugdvrhzxzzx/app.bsky.feed.post/3mum3kwrxxq2f,did:plc:unejftsz3cgbjugdvrhzxzzx,2026-09-03T09:00:22.595638+00:00,bluesky,true,true,false,true,relevant,relevant,irrelevant,llm_v2b>llm_v2c>llm_v2d,llm_v2b@2026-09-22T06:02:28.700376+00:00,9da653163799d56c+ca3b837dd0b3e85c,user,Qwen/Qwen3-4B-Instruct-2507,derived_validated,
42387,at://did:plc:q2iadgn7uqbpaat4f3brpzhy/app.bsky.feed.post/3mulzpadwoi2n,did:plc:q2iadgn7uqbpaat4f3brpzhy,2026-09-03T08:26:59.156000+00:00,bluesky,true,true,false,true,relevant,relevant,irrelevant,llm_v2b>llm_v2c>llm_v2d,llm_v2b@2026-09-22T06:02:28.700376+00:00,9da653163799d56c+ca3b837dd0b3e85c,user,Qwen/Qwen3-4B-Instruct-2507,derived_validated,
42392,at://did:plc:wh6zohm7ngjjcp7qy6f6thee/app.bsky.feed.post/3mulyrqpryu26,did:plc:wh6zohm7ngjjcp7qy6f6thee,2026-09-03T08:10:30.029000+00:00,bluesky,true,true,false,true,relevant,relevant,irrelevant,llm_v2b>llm_v2c>llm_v2d,llm_v2b@2026-09-22T06:02:28.700376+00:00,9da653163799d56c+ca3b837dd0b3e85c,user,Qwen/Qwen3-4B-Instruct-2507,derived_validated,
42400,at://did:plc:7plntmqa4vpjg3otsfc6i32j/app.bsky.feed.post/3mulxyhef5e2i,did:plc:7plntmqa4vpjg3otsfc6i32j,2026-09-03T07:56:21.346000+00:00,bluesky,true,true,true,true,relevant,relevant,relevant,llm_v2b>llm_v2c>llm_v2d,llm_v2b@2026-09-22T06:02:28.700376+00:00,9da653163799d56c+ca3b837dd0b3e85c,user,Qwen/Qwen3-4B-Instruct-2507,derived_validated,
42401,at://did:plc:ogyb3xggojip6pmflof22pfd/app.bsky.feed.post/3mulxt5bhyj23,did:plc:ogyb3xggojip6pmflof22pfd,2026-09-03T07:53:07+00:00,bluesky,true,true,false,true,relevant,relevant,irrelevant,llm_v2b>llm_v2c>llm_v2d,llm_v2b@2026-09-22T06:02:28.700376+00:00,9da653163799d56c+ca3b837dd0b3e85c,user,Qwen/Qwen3-4B-Instruct-2507,derived_validated,
42413,at://did:plc:fyitqypzz6qaax7ve46hsw52/app.bsky.feed.post/3mulwqqv67z2x,did:plc:fyitqypzz6qaax7ve46hsw52,2026-09-03T07:34:07+00:00,bluesky,true,true,false,true,relevant,relevant,irrelevant,llm_v2b>llm_v2c>llm_v2d,llm_v2b@2026-09-22T06:02:28.700376+00:00,9da653163799d56c+ca3b837dd0b3e85c,user,Qwen/Qwen3-4B-Instruct-2507,derived_validated,
42429,at://did:plc:mrzlbxlvb4kkfum2miksvxco/app.bsky.feed.post/3mulutyplin2w,did:plc:mrzlbxlvb4kkfum2miksvxco,2026-09-03T07:00:08.623000+00:00,bluesky,true,true,false,true,relevant,relevant,irrelevant,llm_v2b>llm_v2c>llm_v2d,llm_v2b@2026-09-22T06:02:28.700376+00:00,9da653163799d56c+ca3b837dd0b3e85c,user,Qwen/Qwen3-4B-Instruct-2507,derived_validated,
42501,at://did:plc:iipowqhztticiguaxkwgtiwt/app.bsky.feed.post/3mulo5fxuyu2y,did:plc:iipowqhztticiguaxkwgtiwt,2026-09-03T05:00:10.299000+00:00,bluesky,true,true,true,true,relevant,relevant,relevant,llm_v2b>llm_v2c>llm_v2d,llm_v2b@2026-09-22T06:02:28.700376+00:00,9da653163799d56c+ca3b837dd0b3e85c,user,Qwen/Qwen3-4B-Instruct-2507,derived_validated,
42512,at://did:plc:mht5ub4ykjuoxpux77hikixt/app.bsky.feed.post/3mulm7x475f2h,did:plc:mht5ub4ykjuoxpux77hikixt,2026-09-03T04:25:47.743000+00:00,bluesky,true,true,false,true,relevant,relevant,irrelevant,llm_v2b>llm_v2c>llm_v2d,llm_v2b@2026-09-22T06:02:28.700376+00:00,9da653163799d56c+ca3b837dd0b3e85c,user,Qwen/Qwen3-4B-Instruct-2507,derived_validated,
42527,at://did:plc:fyitqypzz6qaax7ve46hsw52/app.bsky.feed.post/3mulkcm5b5j2e,did:plc:fyitqypzz6qaax7ve46hsw52,2026-09-03T03:51:28+00:00,bluesky,true,true,false,true,relevant,relevant,irrelevant,llm_v2b>llm_v2c>llm_v2d,llm_v2b@2026-09-22T06:02:28.700376+00:00,9da653163799d56c+ca3b837dd0b3e85c,user,Qwen/Qwen3-4B-Instruct-2507,derived_validated,
42547,at://did:plc:jbvnehrrdqoulco4rf5gxg5r/app.bsky.feed.post/3mulikn6zh423,did:plc:jbvnehrrdqoulco4rf5gxg5r,2026-09-03T03:20:11+00:00,bluesky,true,true,false,true,relevant,relevant,irrelevant,llm_v2b>llm_v2c>llm_v2d,llm_v2b@2026-09-22T06:02:28.700376+00:00,9da653163799d56c+ca3b837dd0b3e85c,user,Qwen/Qwen3-4B-Instruct-2507,derived_validated,
42558,at://did:plc:5s3ni6dhwya4afgl6vnozyvf/app.bsky.feed.post/3mulh6mcqvu2t,did:plc:5s3ni6dhwya4afgl6vnozyvf,2026-09-03T02:55:33+00:00,bluesky,true,true,false,true,relevant,relevant,irrelevant,llm_v2b>llm_v2c>llm_v2d,llm_v2b@2026-09-22T06:02:28.700376+00:00,9da653163799d56c+ca3b837dd0b3e85c,user,Qwen/Qwen3-4B-Instruct-2507,derived_validated,
42616,at://did:plc:mri4qfwjhti5j4c3ob5vtudy/app.bsky.feed.post/3mul73opsa22u,did:plc:mri4qfwjhti5j4c3ob5vtudy,2026-09-03T00:30:46.265000+00:00,bluesky,true,true,false,true,relevant,relevant,irrelevant,llm_v2b>llm_v2c>llm_v2d,llm_v2b@2026-09-22T06:02:28.700376+00:00,9da653163799d56c+ca3b837dd0b3e85c,user,Qwen/Qwen3-4B-Instruct-2507,derived_validated,
42866,at://did:plc:553eofo6hvuxcsxo7qfidxjs/app.bsky.feed.post/3muma4pfdj22b,did:plc:553eofo6hvuxcsxo7qfidxjs,2026-09-03T10:21:51.927000+00:00,bluesky,true,true,false,true,relevant,relevant,irrelevant,llm_v2b>llm_v2c>llm_v2d,llm_v2b@2026-09-22T06:02:28.700376+00:00,9da653163799d56c+ca3b837dd0b3e85c,user,Qwen/Qwen3-4B-Instruct-2507,derived_validated,
42974,at://did:plc:cv47ogydgn3ypbutrrt7f7s4/app.bsky.feed.post/3mul5qsxht32u,did:plc:cv47ogydgn3ypbutrrt7f7s4,2026-09-03T00:06:47.788137+00:00,bluesky,true,true,false,true,relevant,relevant,irrelevant,llm_v2b>llm_v2c>llm_v2d,llm_v2b@2026-09-22T06:02:28.700376+00:00,9da653163799d56c+ca3b837dd0b3e85c,user,Qwen/Qwen3-4B-Instruct-2507,derived_validated,
43196,at://did:plc:vevngu5t7a2zqvdftysxv26d/app.bsky.feed.post/3mulkzcthck2e,did:plc:vevngu5t7a2zqvdftysxv26d,2026-09-03T04:04:11.595000+00:00,bluesky,true,true,false,true,relevant,relevant,irrelevant,llm_v2b>llm_v2c>llm_v2d,llm_v2b@2026-09-22T06:02:28.700376+00:00,9da653163799d56c+ca3b837dd0b3e85c,user,Qwen/Qwen3-4B-Instruct-2507,derived_validated,
43325,at://did:plc:mpwkz2pluibhjp6h7ljrae7n/app.bsky.feed.post/3mungc7s3lc23,did:plc:mpwkz2pluibhjp6h7ljrae7n,2026-09-03T21:45:01.161000+00:00,bluesky,true,true,false,true,relevant,relevant,irrelevant,llm_v2b>llm_v2c>llm_v2d,llm_v2b@2026-09-22T06:02:28.700376+00:00,9da653163799d56c+ca3b837dd0b3e85c,user,Qwen/Qwen3-4B-Instruct-2507,derived_validated,
43409,at://did:plc:a73vcnfeg4nz6ci3vfh2nszb/app.bsky.feed.post/3mumxyw43pj2w,did:plc:a73vcnfeg4nz6ci3vfh2nszb,2026-09-03T17:29:11.203088+00:00,bluesky,false,false,true,true,irrelevant,irrelevant,relevant,llm_v2b>llm_v2c>llm_v2d,,,,,deterministic_rules,
43525,at://did:plc:4daagiezglabeoyaj3c4lnol/app.bsky.feed.post/3mumhyn6ipm25,did:plc:4daagiezglabeoyaj3c4lnol,2026-09-03T12:42:46+00:00,bluesky,true,true,true,true,relevant,relevant,relevant,llm_v2b>llm_v2c>llm_v2d,llm_v2b@2026-09-22T06:02:28.700376+00:00,9da653163799d56c+ca3b837dd0b3e85c,user,Qwen/Qwen3-4B-Instruct-2507,derived_validated,
43623,at://did:plc:n4qxlew5soqpts52lnszov3d/app.bsky.feed.post/3muzc22ekww2g,did:plc:n4qxlew5soqpts52lnszov3d,2026-09-08T15:00:49.474000+00:00,bluesky,true,true,false,true,relevant,relevant,irrelevant,llm_v2b>llm_v2c>llm_v2d,llm_v2b@2026-09-22T06:02:28.700376+00:00,9da653163799d56c+ca3b837dd0b3e85c,user,Qwen/Qwen3-4B-Instruct-2507,derived_validated,
43674,at://did:plc:le5b7ym7mphxuaaakfrgkfa6/app.bsky.feed.post/3mul5utn5ac2b,did:plc:le5b7ym7mphxuaaakfrgkfa6,2026-09-03T00:09:02.798000+00:00,bluesky,true,true,true,true,relevant,relevant,relevant,llm_v2b>llm_v2c>llm_v2d,llm_v2b@2026-09-22T06:02:28.700376+00:00,9da653163799d56c+ca3b837dd0b3e85c,user,Qwen/Qwen3-4B-Instruct-2507,derived_validated,
43678,at://did:plc:tcgrhuwvyatn27qujdyczp3l/app.bsky.feed.post/3munmpszxh22s,did:plc:tcgrhuwvyatn27qujdyczp3l,2026-09-03T23:42:59.292206+00:00,bluesky,false,false,true,true,irrelevant,irrelevant,relevant,llm_v2b>llm_v2c>llm_v2d,,,,,deterministic_rules,
43709,at://did:plc:3qfvl5yl6kslgiqtbuqzwsly/app.bsky.feed.post/3mum2iupuui2q,did:plc:3qfvl5yl6kslgiqtbuqzwsly,2026-09-03T08:41:19.493611+00:00,bluesky,false,false,true,true,irrelevant,irrelevant,relevant,llm_v2b>llm_v2c>llm_v2d,,,,,deterministic_rules,
43713,at://did:plc:jt7hbtm5m6dkcnwoyzwcvpjc/app.bsky.feed.post/3mulwoc7x5k2n,did:plc:jt7hbtm5m6dkcnwoyzwcvpjc,2026-09-03T07:32:46.758000+00:00,bluesky,true,true,true,true,relevant,relevant,relevant,llm_v2b>llm_v2c>llm_v2d,llm_v2b@2026-09-22T06:02:28.700376+00:00,9da653163799d56c+ca3b837dd0b3e85c,user,Qwen/Qwen3-4B-Instruct-2507,derived_validated,
43715,at://did:plc:cj2shn3676rejtq2bro6be2e/app.bsky.feed.post/3muluojwdl22e,did:plc:cj2shn3676rejtq2bro6be2e,2026-09-03T06:57:07.348000+00:00,bluesky,false,false,true,true,irrelevant,irrelevant,relevant,llm_v2b>llm_v2c>llm_v2d,,,,,deterministic_rules,
43772,at://did:plc:xyxvoxdesnixskznfjenfr5g/app.bsky.feed.post/3mun4cq66d22l,did:plc:xyxvoxdesnixskznfjenfr5g,2026-09-03T18:46:20.909000+00:00,bluesky,false,false,true,true,irrelevant,irrelevant,relevant,llm_v2b>llm_v2c>llm_v2d,,,,,deterministic_rules,
43802,at://did:plc:6ncbzlnfmtd63jr4u7go4hnz/app.bsky.feed.post/3mumm6yifrc2u,did:plc:6ncbzlnfmtd63jr4u7go4hnz,2026-09-03T13:57:55.552000+00:00,bluesky,true,true,true,true,relevant,relevant,relevant,llm_v2b>llm_v2c>llm_v2d,llm_v2b@2026-09-22T06:02:28.700376+00:00,9da653163799d56c+ca3b837dd0b3e85c,user,Qwen/Qwen3-4B-Instruct-2507,derived_validated,
43887,at://did:plc:uauvgtaseetghf5czwruktdj/app.bsky.feed.post/3mumeioi2yl2o,did:plc:uauvgtaseetghf5czwruktdj,2026-09-03T11:40:10+00:00,bluesky,true,true,false,true,relevant,relevant,irrelevant,llm_v2b>llm_v2c>llm_v2d,llm_v2b@2026-09-22T06:02:28.700376+00:00,9da653163799d56c+ca3b837dd0b3e85c,user,Qwen/Qwen3-4B-Instruct-2507,derived_validated,
43973,at://did:plc:cjkobs4ue3nzabvgnydz4iwq/app.bsky.feed.post/3mulsnuqtk225,did:plc:cjkobs4ue3nzabvgnydz4iwq,2026-09-03T06:20:57.665000+00:00,bluesky,true,true,false,true,relevant,relevant,irrelevant,llm_v2b>llm_v2c>llm_v2d,llm_v2b@2026-09-22T06:02:28.700376+00:00,9da653163799d56c+ca3b837dd0b3e85c,user,Qwen/Qwen3-4B-Instruct-2507,derived_validated,
44107,at://did:plc:inkkhncwafp4nigflr2q5vfh/app.bsky.feed.post/3munhk5aps22a,did:plc:inkkhncwafp4nigflr2q5vfh,2026-09-03T22:07:20.672000+00:00,bluesky,true,true,false,true,relevant,relevant,irrelevant,llm_v2b>llm_v2c>llm_v2d,llm_v2b@2026-09-22T06:02:28.700376+00:00,9da653163799d56c+ca3b837dd0b3e85c,user,Qwen/Qwen3-4B-Instruct-2507,derived_validated,
44119,at://did:plc:plcqzpkbfpm3ehjttg3noodj/app.bsky.feed.post/3mun2ktftvc2a,did:plc:plcqzpkbfpm3ehjttg3noodj,2026-09-03T18:15:05.262000+00:00,bluesky,true,true,false,true,relevant,relevant,irrelevant,llm_v2b>llm_v2c>llm_v2d,llm_v2b@2026-09-22T06:02:28.700376+00:00,9da653163799d56c+ca3b837dd0b3e85c,user,Qwen/Qwen3-4B-Instruct-2507,derived_validated,
44134,at://did:plc:nv65377en5q2o4qwa5ha2m77/app.bsky.feed.post/3mumpo76dw52g,did:plc:nv65377en5q2o4qwa5ha2m77,2026-09-03T15:00:06.992574+00:00,bluesky,false,false,true,true,irrelevant,irrelevant,relevant,llm_v2b>llm_v2c>llm_v2d,,,,,deterministic_rules,
44135,at://did:plc:lmg6unlzo756inercyjm6eyi/app.bsky.feed.post/3mumozxhqk22o,did:plc:lmg6unlzo756inercyjm6eyi,2026-09-03T14:48:47.937000+00:00,bluesky,true,true,true,true,relevant,relevant,relevant,llm_v2b>llm_v2c>llm_v2d,llm_v2b@2026-09-22T06:02:28.700376+00:00,9da653163799d56c+ca3b837dd0b3e85c,user,Qwen/Qwen3-4B-Instruct-2507,derived_validated,
44151,at://did:plc:42han5exrxyrgdsbwosrp7sy/app.bsky.feed.post/3mumfune2hp2x,did:plc:42han5exrxyrgdsbwosrp7sy,2026-09-03T12:04:44.733000+00:00,bluesky,false,false,true,true,irrelevant,irrelevant,relevant,llm_v2b>llm_v2c>llm_v2d,,,,,deterministic_rules,
44152,at://did:plc:u6celkmubfsmbus5m3aqcrla/app.bsky.feed.post/3mumfne5uka2f,did:plc:u6celkmubfsmbus5m3aqcrla,2026-09-03T12:00:41+00:00,bluesky,true,true,true,true,relevant,relevant,relevant,llm_v2b>llm_v2c>llm_v2d,llm_v2b@2026-09-22T06:02:28.700376+00:00,9da653163799d56c+ca3b837dd0b3e85c,user,Qwen/Qwen3-4B-Instruct-2507,derived_validated,
44154,at://did:plc:4hh4sng7mgkm4ol72wvybsut/app.bsky.feed.post/3mumcy2lgq22k,did:plc:4hh4sng7mgkm4ol72wvybsut,2026-09-03T11:12:59.192000+00:00,bluesky,true,true,true,true,relevant,relevant,relevant,llm_v2b>llm_v2c>llm_v2d,llm_v2b@2026-09-22T06:02:28.700376+00:00,9da653163799d56c+ca3b837dd0b3e85c,user,Qwen/Qwen3-4B-Instruct-2507,derived_validated,
44156,at://did:plc:oo46i6nys6ig47gatd5twkvb/app.bsky.feed.post/3mum7kdghus22,did:plc:oo46i6nys6ig47gatd5twkvb,2026-09-03T10:11:37.479000+00:00,bluesky,true,true,false,true,relevant,relevant,irrelevant,llm_v2b>llm_v2c>llm_v2d,llm_v2b@2026-09-22T06:02:28.700376+00:00,9da653163799d56c+ca3b837dd0b3e85c,user,Qwen/Qwen3-4B-Instruct-2507,derived_validated,
44157,at://did:plc:dm3xiu72nnregfgy2jqwv53i/app.bsky.feed.post/3mum6yf7qo22y,did:plc:dm3xiu72nnregfgy2jqwv53i,2026-09-03T10:01:35.370000+00:00,bluesky,true,true,true,true,relevant,relevant,relevant,llm_v2b>llm_v2c>llm_v2d,llm_v2b@2026-09-22T06:02:28.700376+00:00,9da653163799d56c+ca3b837dd0b3e85c,user,Qwen/Qwen3-4B-Instruct-2507,derived_validated,
44166,at://did:plc:o7n3vsfffdanajiezpqxskrz/app.bsky.feed.post/3mulooa5pmc25,did:plc:o7n3vsfffdanajiezpqxskrz,2026-09-03T05:09:34.650000+00:00,bluesky,true,true,true,true,relevant,relevant,relevant,llm_v2b>llm_v2c>llm_v2d,llm_v2b@2026-09-22T06:02:28.700376+00:00,9da653163799d56c+ca3b837dd0b3e85c,user,Qwen/Qwen3-4B-Instruct-2507,derived_validated,
44184,at://did:plc:3qfxhwf3rlf3ay33wkxqzj6i/app.bsky.feed.post/3mul7irmx3223,did:plc:3qfxhwf3rlf3ay33wkxqzj6i,2026-09-03T00:38:05.516000+00:00,bluesky,false,false,true,true,irrelevant,irrelevant,relevant,llm_v2b>llm_v2c>llm_v2d,,,,,deterministic_rules,
44237,at://did:plc:zhe53h7ajlloep2oso5pqxzj/app.bsky.feed.post/3mundru67t72w,did:plc:zhe53h7ajlloep2oso5pqxzj,2026-09-03T21:00:02+00:00,bluesky,true,true,false,true,relevant,relevant,irrelevant,llm_v2b>llm_v2c>llm_v2d,llm_v2b@2026-09-22T06:02:28.700376+00:00,9da653163799d56c+ca3b837dd0b3e85c,user,Qwen/Qwen3-4B-Instruct-2507,derived_validated,
44295,at://did:plc:2mgpf44nirnudyjapkzsymu2/app.bsky.feed.post/3mun4zxv5eb2w,did:plc:2mgpf44nirnudyjapkzsymu2,2026-09-03T18:59:20.601000+00:00,bluesky,true,true,false,true,relevant,relevant,irrelevant,llm_v2b>llm_v2c>llm_v2d,llm_v2b@2026-09-22T06:02:28.700376+00:00,9da653163799d56c+ca3b837dd0b3e85c,user,Qwen/Qwen3-4B-Instruct-2507,derived_validated,
44362,at://did:plc:dn242yln2biooe6qkd237tqd/app.bsky.feed.post/3mumuocdn4v2c,did:plc:dn242yln2biooe6qkd237tqd,2026-09-03T16:29:38.942000+00:00,bluesky,true,true,false,true,relevant,relevant,irrelevant,llm_v2b>llm_v2c>llm_v2d,llm_v2b@2026-09-22T06:02:28.700376+00:00,9da653163799d56c+ca3b837dd0b3e85c,user,Qwen/Qwen3-4B-Instruct-2507,derived_validated,
44363,at://did:plc:dn242yln2biooe6qkd237tqd/app.bsky.feed.post/3mumuobfmae2n,did:plc:dn242yln2biooe6qkd237tqd,2026-09-03T16:29:37.973000+00:00,bluesky,true,true,false,true,relevant,relevant,irrelevant,llm_v2b>llm_v2c>llm_v2d,llm_v2b@2026-09-22T06:02:28.700376+00:00,9da653163799d56c+ca3b837dd0b3e85c,user,Qwen/Qwen3-4B-Instruct-2507,derived_validated,
44364,at://did:plc:dn242yln2biooe6qkd237tqd/app.bsky.feed.post/3mumuoalvzk2s,did:plc:dn242yln2biooe6qkd237tqd,2026-09-03T16:29:37.102000+00:00,bluesky,true,true,false,true,relevant,relevant,irrelevant,llm_v2b>llm_v2c>llm_v2d,llm_v2b@2026-09-22T06:02:28.700376+00:00,9da653163799d56c+ca3b837dd0b3e85c,user,Qwen/Qwen3-4B-Instruct-2507,derived_validated,
44365,at://did:plc:dn242yln2biooe6qkd237tqd/app.bsky.feed.post/3mumuo7aihr2c,did:plc:dn242yln2biooe6qkd237tqd,2026-09-03T16:29:35.847000+00:00,bluesky,true,true,false,true,relevant,relevant,irrelevant,llm_v2b>llm_v2c>llm_v2d,llm_v2b@2026-09-22T06:02:28.700376+00:00,9da653163799d56c+ca3b837dd0b3e85c,user,Qwen/Qwen3-4B-Instruct-2507,derived_validated,
44366,at://did:plc:dn242yln2biooe6qkd237tqd/app.bsky.feed.post/3mumuo6lhin2o,did:plc:dn242yln2biooe6qkd237tqd,2026-09-03T16:29:34.967000+00:00,bluesky,true,true,false,true,relevant,relevant,irrelevant,llm_v2b>llm_v2c>llm_v2d,llm_v2b@2026-09-22T06:02:28.700376+00:00,9da653163799d56c+ca3b837dd0b3e85c,user,Qwen/Qwen3-4B-Instruct-2507,derived_validated,
44367,at://did:plc:dn242yln2biooe6qkd237tqd/app.bsky.feed.post/3mumuo5kms42m,did:plc:dn242yln2biooe6qkd237tqd,2026-09-03T16:29:33.928000+00:00,bluesky,true,true,false,true,relevant,relevant,irrelevant,llm_v2b>llm_v2c>llm_v2d,llm_v2b@2026-09-22T06:02:28.700376+00:00,9da653163799d56c+ca3b837dd0b3e85c,user,Qwen/Qwen3-4B-Instruct-2507,derived_validated,
44368,at://did:plc:dn242yln2biooe6qkd237tqd/app.bsky.feed.post/3mumuo4mvha2g,did:plc:dn242yln2biooe6qkd237tqd,2026-09-03T16:29:32.939000+00:00,bluesky,true,true,false,true,relevant,relevant,irrelevant,llm_v2b>llm_v2c>llm_v2d,llm_v2b@2026-09-22T06:02:28.700376+00:00,9da653163799d56c+ca3b837dd0b3e85c,user,Qwen/Qwen3-4B-Instruct-2507,derived_validated,
44537,at://did:plc:qv4cel4jrf5qqzfq6ddvp6yv/app.bsky.feed.post/3mum5s3fffs2u,did:plc:qv4cel4jrf5qqzfq6ddvp6yv,2026-09-03T09:40:09+00:00,bluesky,true,true,false,true,relevant,relevant,irrelevant,llm_v2b>llm_v2c>llm_v2d,llm_v2b@2026-09-22T06:02:28.700376+00:00,9da653163799d56c+ca3b837dd0b3e85c,user,Qwen/Qwen3-4B-Instruct-2507,derived_validated,
44538,at://did:plc:qv4cel4jrf5qqzfq6ddvp6yv/app.bsky.feed.post/3mum5s2dief2d,did:plc:qv4cel4jrf5qqzfq6ddvp6yv,2026-09-03T09:40:08+00:00,bluesky,true,true,false,true,relevant,relevant,irrelevant,llm_v2b>llm_v2c>llm_v2d,llm_v2b@2026-09-22T06:02:28.700376+00:00,9da653163799d56c+ca3b837dd0b3e85c,user,Qwen/Qwen3-4B-Instruct-2507,derived_validated,
44539,at://did:plc:qv4cel4jrf5qqzfq6ddvp6yv/app.bsky.feed.post/3mum5rz4szt2j,did:plc:qv4cel4jrf5qqzfq6ddvp6yv,2026-09-03T09:40:05+00:00,bluesky,true,true,false,true,relevant,relevant,irrelevant,llm_v2b>llm_v2c>llm_v2d,llm_v2b@2026-09-22T06:02:28.700376+00:00,9da653163799d56c+ca3b837dd0b3e85c,user,Qwen/Qwen3-4B-Instruct-2507,derived_validated,
44586,at://did:plc:zhe53h7ajlloep2oso5pqxzj/app.bsky.feed.post/3mulsmbhg5n2y,did:plc:zhe53h7ajlloep2oso5pqxzj,2026-09-03T06:20:01+00:00,bluesky,true,true,false,true,relevant,relevant,irrelevant,llm_v2b>llm_v2c>llm_v2d,llm_v2b@2026-09-22T06:02:28.700376+00:00,9da653163799d56c+ca3b837dd0b3e85c,user,Qwen/Qwen3-4B-Instruct-2507,derived_validated,
44598,at://did:plc:zhe53h7ajlloep2oso5pqxzj/app.bsky.feed.post/3muls2evmsp2l,did:plc:zhe53h7ajlloep2oso5pqxzj,2026-09-03T06:10:01+00:00,bluesky,true,true,false,true,relevant,relevant,irrelevant,llm_v2b>llm_v2c>llm_v2d,llm_v2b@2026-09-22T06:02:28.700376+00:00,9da653163799d56c+ca3b837dd0b3e85c,user,Qwen/Qwen3-4B-Instruct-2507,derived_validated,
44608,at://did:plc:zhe53h7ajlloep2oso5pqxzj/app.bsky.feed.post/3mulrims5yv2w,did:plc:zhe53h7ajlloep2oso5pqxzj,2026-09-03T06:00:01+00:00,bluesky,true,true,false,true,relevant,relevant,irrelevant,llm_v2b>llm_v2c>llm_v2d,llm_v2b@2026-09-22T06:02:28.700376+00:00,9da653163799d56c+ca3b837dd0b3e85c,user,Qwen/Qwen3-4B-Instruct-2507,derived_validated,
44612,at://did:plc:zhe53h7ajlloep2oso5pqxzj/app.bsky.feed.post/3mulqwod7ca2t,did:plc:zhe53h7ajlloep2oso5pqxzj,2026-09-03T05:50:01+00:00,bluesky,true,true,false,true,relevant,relevant,irrelevant,llm_v2b>llm_v2c>llm_v2d,llm_v2b@2026-09-22T06:02:28.700376+00:00,9da653163799d56c+ca3b837dd0b3e85c,user,Qwen/Qwen3-4B-Instruct-2507,derived_validated,
44613,at://did:plc:zhe53h7ajlloep2oso5pqxzj/app.bsky.feed.post/3mulqwmqkqk2d,did:plc:zhe53h7ajlloep2oso5pqxzj,2026-09-03T05:50:01+00:00,bluesky,true,true,false,true,relevant,relevant,irrelevant,llm_v2b>llm_v2c>llm_v2d,llm_v2b@2026-09-22T06:02:28.700376+00:00,9da653163799d56c+ca3b837dd0b3e85c,user,Qwen/Qwen3-4B-Instruct-2507,derived_validated,
44618,at://did:plc:mgnesxvhndfnfsbb6uam47zz/app.bsky.feed.post/3mulocczilj2t,did:plc:mgnesxvhndfnfsbb6uam47zz,2026-09-03T05:02:54+00:00,bluesky,true,true,false,true,relevant,relevant,irrelevant,llm_v2b>llm_v2c>llm_v2d,llm_v2b@2026-09-22T06:02:28.700376+00:00,9da653163799d56c+ca3b837dd0b3e85c,user,Qwen/Qwen3-4B-Instruct-2507,derived_validated,
44807,at://did:plc:jkh2hpmhw5y4ab2yxufqqmka/app.bsky.feed.post/3munj7ehpqv2q,did:plc:jkh2hpmhw5y4ab2yxufqqmka,2026-09-03T22:37:06.262000+00:00,bluesky,true,true,false,true,relevant,relevant,irrelevant,llm_v2b>llm_v2c>llm_v2d,llm_v2b@2026-09-22T06:02:28.700376+00:00,9da653163799d56c+ca3b837dd0b3e85c,user,Qwen/Qwen3-4B-Instruct-2507,derived_validated,
44823,at://did:plc:htlckdfrbrrogj7wmstqave6/app.bsky.feed.post/3mundnsjtos2g,did:plc:htlckdfrbrrogj7wmstqave6,2026-09-03T20:57:48.685000+00:00,bluesky,true,true,true,true,relevant,relevant,relevant,llm_v2b>llm_v2c>llm_v2d,llm_v2b@2026-09-22T06:02:28.700376+00:00,9da653163799d56c+ca3b837dd0b3e85c,user,Qwen/Qwen3-4B-Instruct-2507,derived_validated,
44824,at://did:plc:azp4n4gq5lwfgtuljvjljmmo/app.bsky.feed.post/3munacx64xl2b,did:plc:azp4n4gq5lwfgtuljvjljmmo,2026-09-03T19:58:02+00:00,bluesky,true,true,false,true,relevant,relevant,irrelevant,llm_v2b>llm_v2c>llm_v2d,llm_v2b@2026-09-22T06:02:28.700376+00:00,9da653163799d56c+ca3b837dd0b3e85c,user,Qwen/Qwen3-4B-Instruct-2507,derived_validated,
44881,at://did:plc:cbhiovnsg3bpx5apc4hs4dte/app.bsky.feed.post/3muly3lwe6b27,did:plc:cbhiovnsg3bpx5apc4hs4dte,2026-09-03T07:58:06.678000+00:00,bluesky,true,true,false,true,relevant,relevant,irrelevant,llm_v2b>llm_v2c>llm_v2d,llm_v2b@2026-09-22T06:02:28.700376+00:00,9da653163799d56c+ca3b837dd0b3e85c,user,Qwen/Qwen3-4B-Instruct-2507,derived_validated,
44922,at://did:plc:nopqvsp3c62mzvyojx67o5nu/app.bsky.feed.post/3mulutmrkec2n,did:plc:nopqvsp3c62mzvyojx67o5nu,2026-09-03T06:59:55.344000+00:00,bluesky,true,true,false,true,relevant,relevant,irrelevant,llm_v2b>llm_v2c>llm_v2d,llm_v2b@2026-09-22T06:02:28.700376+00:00,9da653163799d56c+ca3b837dd0b3e85c,user,Qwen/Qwen3-4B-Instruct-2507,derived_validated,
44928,at://did:plc:vevngu5t7a2zqvdftysxv26d/app.bsky.feed.post/3mulmc5fsx22e,did:plc:vevngu5t7a2zqvdftysxv26d,2026-09-03T04:27:01.637000+00:00,bluesky,true,true,false,true,relevant,relevant,irrelevant,llm_v2b>llm_v2c>llm_v2d,llm_v2b@2026-09-22T06:02:28.700376+00:00,9da653163799d56c+ca3b837dd0b3e85c,user,Qwen/Qwen3-4B-Instruct-2507,derived_validated,
44956,at://did:plc:ti6f2zeoeneioeudxme6kvlv/app.bsky.feed.post/3mumn5asjgk2n,did:plc:ti6f2zeoeneioeudxme6kvlv,2026-09-03T14:14:50.907000+00:00,bluesky,true,true,false,true,relevant,relevant,irrelevant,llm_v2b>llm_v2c>llm_v2d,llm_v2b@2026-09-22T06:02:28.700376+00:00,9da653163799d56c+ca3b837dd0b3e85c,user,Qwen/Qwen3-4B-Instruct-2507,derived_validated,
44963,at://did:plc:xjdlkka5eg4bweaoo6yk3zye/app.bsky.feed.post/3mumh4rafwc2p,did:plc:xjdlkka5eg4bweaoo6yk3zye,2026-09-03T12:27:12.122000+00:00,bluesky,true,true,false,true,relevant,relevant,irrelevant,llm_v2b>llm_v2c>llm_v2d,llm_v2b@2026-09-22T06:02:28.700376+00:00,9da653163799d56c+ca3b837dd0b3e85c,user,Qwen/Qwen3-4B-Instruct-2507,derived_validated,
44965,at://did:plc:cfzdtvrgqpiskdycsl7iecia/app.bsky.feed.post/3mumfv5xpid2c,did:plc:cfzdtvrgqpiskdycsl7iecia,2026-09-03T12:05:01.530000+00:00,bluesky,true,true,false,true,relevant,relevant,irrelevant,llm_v2b>llm_v2c>llm_v2d,llm_v2b@2026-09-22T06:02:28.700376+00:00,9da653163799d56c+ca3b837dd0b3e85c,user,Qwen/Qwen3-4B-Instruct-2507,derived_validated,
44999,at://did:plc:lzbbeeuqhlqn467b5h57z3im/app.bsky.feed.post/3mum2hje7wm2s,did:plc:lzbbeeuqhlqn467b5h57z3im,2026-09-03T08:40:25.807000+00:00,bluesky,true,true,false,true,relevant,relevant,irrelevant,llm_v2b>llm_v2c>llm_v2d,llm_v2b@2026-09-22T06:02:28.700376+00:00,9da653163799d56c+ca3b837dd0b3e85c,user,Qwen/Qwen3-4B-Instruct-2507,derived_validated,
45003,at://did:plc:f2ayhudawvatu4xm5lo2uuzh/app.bsky.feed.post/3mulwsifkos2a,did:plc:f2ayhudawvatu4xm5lo2uuzh,2026-09-03T07:35:00+00:00,bluesky,true,true,false,true,relevant,relevant,irrelevant,llm_v2b>llm_v2c>llm_v2d,llm_v2b@2026-09-22T06:02:28.700376+00:00,9da653163799d56c+ca3b837dd0b3e85c,user,Qwen/Qwen3-4B-Instruct-2507,derived_validated,
45005,at://did:plc:3uvrjddd7tabm4reite53662/app.bsky.feed.post/3mulunzbjmk27,did:plc:3uvrjddd7tabm4reite53662,2026-09-03T06:56:51.509000+00:00,bluesky,true,true,false,true,relevant,relevant,irrelevant,llm_v2b>llm_v2c>llm_v2d,llm_v2b@2026-09-22T06:02:28.700376+00:00,9da653163799d56c+ca3b837dd0b3e85c,user,Qwen/Qwen3-4B-Instruct-2507,derived_validated,
45006,at://did:plc:kzmukwaf72iwepygposicgt3/app.bsky.feed.post/3mulw3zol7o25,did:plc:kzmukwaf72iwepygposicgt3,2026-09-03T06:55:29+00:00,bluesky,true,true,false,true,relevant,relevant,irrelevant,llm_v2b>llm_v2c>llm_v2d,llm_v2b@2026-09-22T06:02:28.700376+00:00,9da653163799d56c+ca3b837dd0b3e85c,user,Qwen/Qwen3-4B-Instruct-2507,derived_validated,
45012,at://did:plc:kzmukwaf72iwepygposicgt3/app.bsky.feed.post/3mulomyjmxh2u,did:plc:kzmukwaf72iwepygposicgt3,2026-09-03T04:38:44+00:00,bluesky,true,true,false,true,relevant,relevant,irrelevant,llm_v2b>llm_v2c>llm_v2d,llm_v2b@2026-09-22T06:02:28.700376+00:00,9da653163799d56c+ca3b837dd0b3e85c,user,Qwen/Qwen3-4B-Instruct-2507,derived_validated,
45013,at://did:plc:3dkkhd6dqiqswrxnitge3axp/app.bsky.feed.post/3mulmtdstih2f,did:plc:3dkkhd6dqiqswrxnitge3axp,2026-09-03T04:36:37+00:00,bluesky,true,true,false,true,relevant,relevant,irrelevant,llm_v2b>llm_v2c>llm_v2d,llm_v2b@2026-09-22T06:02:28.700376+00:00,9da653163799d56c+ca3b837dd0b3e85c,user,Qwen/Qwen3-4B-Instruct-2507,derived_validated,
45020,at://did:plc:vevngu5t7a2zqvdftysxv26d/app.bsky.feed.post/3mulkzrgoi22e,did:plc:vevngu5t7a2zqvdftysxv26d,2026-09-03T04:04:26.905000+00:00,bluesky,true,true,false,true,relevant,relevant,irrelevant,llm_v2b>llm_v2c>llm_v2d,llm_v2b@2026-09-22T06:02:28.700376+00:00,9da653163799d56c+ca3b837dd0b3e85c,user,Qwen/Qwen3-4B-Instruct-2507,derived_validated,
45050,at://did:plc:o5wlr3gi4tz23ake7ef23ejs/app.bsky.feed.post/3mupsqtx6i22s,did:plc:o5wlr3gi4tz23ake7ef23ejs,2026-09-04T20:33:16.437000+00:00,bluesky,true,true,true,true,relevant,relevant,relevant,llm_v2b>llm_v2c>llm_v2d,llm_v2b@2026-09-22T06:02:28.700376+00:00,9da653163799d56c+ca3b837dd0b3e85c,user,Qwen/Qwen3-4B-Instruct-2507,derived_validated,
45052,at://did:plc:7clmz2hekkwvdy5xwo5vqtk2/app.bsky.feed.post/3mupsld6fir2j,did:plc:7clmz2hekkwvdy5xwo5vqtk2,2026-09-04T20:30:11.058000+00:00,bluesky,true,true,true,true,relevant,relevant,relevant,llm_v2b>llm_v2c>llm_v2d,llm_v2b@2026-09-22T06:02:28.700376+00:00,9da653163799d56c+ca3b837dd0b3e85c,user,Qwen/Qwen3-4B-Instruct-2507,derived_validated,
45101,at://did:plc:2ofvkralnuuhvpvv5dhfgmoh/app.bsky.feed.post/3mupklyehnw2f,did:plc:2ofvkralnuuhvpvv5dhfgmoh,2026-09-04T18:07:23.246831+00:00,bluesky,true,true,true,true,relevant,relevant,relevant,llm_v2b>llm_v2c>llm_v2d,llm_v2b@2026-09-22T06:02:28.700376+00:00,9da653163799d56c+ca3b837dd0b3e85c,user,Qwen/Qwen3-4B-Instruct-2507,derived_validated,
45121,at://did:plc:6ozivr6qiu6p6f2gauuhhu73/app.bsky.feed.post/3mupgr3b6nk2m,did:plc:6ozivr6qiu6p6f2gauuhhu73,2026-09-04T16:58:39.205000+00:00,bluesky,true,true,true,true,relevant,relevant,relevant,llm_v2b>llm_v2c>llm_v2d,llm_v2b@2026-09-22T06:02:28.700376+00:00,9da653163799d56c+ca3b837dd0b3e85c,user,Qwen/Qwen3-4B-Instruct-2507,derived_validated,
45150,at://did:plc:7h7srlskyboefvfqmbgy2wax/app.bsky.feed.post/3mupa77gjwp2n,did:plc:7h7srlskyboefvfqmbgy2wax,2026-09-04T15:01:16+00:00,bluesky,true,true,true,true,relevant,relevant,relevant,llm_v2b>llm_v2c>llm_v2d,llm_v2b@2026-09-22T06:02:28.700376+00:00,9da653163799d56c+ca3b837dd0b3e85c,user,Qwen/Qwen3-4B-Instruct-2507,derived_validated,
45168,at://did:plc:ppblad4zr4ogqkgdff7asa6l/app.bsky.feed.post/3mup6hhc2qn27,did:plc:ppblad4zr4ogqkgdff7asa6l,2026-09-04T14:30:06.225941+00:00,bluesky,true,true,false,true,relevant,relevant,irrelevant,llm_v2b>llm_v2c>llm_v2d,llm_v2b@2026-09-22T06:02:28.700376+00:00,9da653163799d56c+ca3b837dd0b3e85c,user,Qwen/Qwen3-4B-Instruct-2507,derived_validated,
45187,at://did:plc:7h7srlskyboefvfqmbgy2wax/app.bsky.feed.post/3muozhlcn732f,did:plc:7h7srlskyboefvfqmbgy2wax,2026-09-04T13:00:40+00:00,bluesky,true,true,true,true,relevant,relevant,relevant,llm_v2b>llm_v2c>llm_v2d,llm_v2b@2026-09-22T06:02:28.700376+00:00,9da653163799d56c+ca3b837dd0b3e85c,user,Qwen/Qwen3-4B-Instruct-2507,derived_validated,
45196,at://did:plc:zgpqriimld5ohjob3yiqgzoc/app.bsky.feed.post/3muoxw4fs5222,did:plc:zgpqriimld5ohjob3yiqgzoc,2026-09-04T12:33:01.066000+00:00,bluesky,true,true,true,true,relevant,relevant,relevant,llm_v2b>llm_v2c>llm_v2d,llm_v2b@2026-09-22T06:02:28.700376+00:00,9da653163799d56c+ca3b837dd0b3e85c,user,Qwen/Qwen3-4B-Instruct-2507,derived_validated,
45202,at://did:plc:5cjtlwhckfhm5oidxvvqxsrz/app.bsky.feed.post/3muovghcsls2m,did:plc:5cjtlwhckfhm5oidxvvqxsrz,2026-09-04T11:48:28.851552+00:00,bluesky,true,true,true,true,relevant,relevant,relevant,llm_v2b>llm_v2c>llm_v2d,llm_v2b@2026-09-22T06:02:28.700376+00:00,9da653163799d56c+ca3b837dd0b3e85c,user,Qwen/Qwen3-4B-Instruct-2507,derived_validated,
45204,at://did:plc:hh3brnksirhma2rymwtpnp5w/app.bsky.feed.post/3muouh7l2ho2t,did:plc:hh3brnksirhma2rymwtpnp5w,2026-09-04T11:31:00.587391+00:00,bluesky,true,true,true,true,relevant,relevant,relevant,llm_v2b>llm_v2c>llm_v2d,llm_v2b@2026-09-22T06:02:28.700376+00:00,9da653163799d56c+ca3b837dd0b3e85c,user,Qwen/Qwen3-4B-Instruct-2507,derived_validated,
45224,at://did:plc:u5d54hkw4ysuqtuvcj6cmsin/app.bsky.feed.post/3muopfnozqk2c,did:plc:u5d54hkw4ysuqtuvcj6cmsin,2026-09-04T10:00:39.769141+00:00,bluesky,true,true,true,true,relevant,relevant,relevant,llm_v2b>llm_v2c>llm_v2d,llm_v2b@2026-09-22T06:02:28.700376+00:00,9da653163799d56c+ca3b837dd0b3e85c,user,Qwen/Qwen3-4B-Instruct-2507,derived_validated,
45278,at://did:plc:hh3brnksirhma2rymwtpnp5w/app.bsky.feed.post/3munsx6tq4j2f,did:plc:hh3brnksirhma2rymwtpnp5w,2026-09-04T01:31:29.487044+00:00,bluesky,true,true,false,true,relevant,relevant,irrelevant,llm_v2b>llm_v2c>llm_v2d,llm_v2b@2026-09-22T06:02:28.700376+00:00,9da653163799d56c+ca3b837dd0b3e85c,user,Qwen/Qwen3-4B-Instruct-2507,derived_validated,
45433,at://did:plc:vevngu5t7a2zqvdftysxv26d/app.bsky.feed.post/3mup63ydka22e,did:plc:vevngu5t7a2zqvdftysxv26d,2026-09-04T14:23:41.560000+00:00,bluesky,true,true,false,true,relevant,relevant,irrelevant,llm_v2b>llm_v2c>llm_v2d,llm_v2b@2026-09-22T06:02:28.700376+00:00,9da653163799d56c+ca3b837dd0b3e85c,user,Qwen/Qwen3-4B-Instruct-2507,derived_validated,
45468,at://did:plc:bb3psq7ibxrivwbuhisayuld/app.bsky.feed.post/3muovlkef5b24,did:plc:bb3psq7ibxrivwbuhisayuld,2026-09-04T11:51:19+00:00,bluesky,true,true,true,true,relevant,relevant,relevant,llm_v2b>llm_v2c>llm_v2d,llm_v2b@2026-09-22T06:02:28.700376+00:00,9da653163799d56c+ca3b837dd0b3e85c,user,Qwen/Qwen3-4B-Instruct-2507,derived_validated,
45496,at://did:plc:pcievrygrnjjg5ni7mjfgctb/app.bsky.feed.post/3muoouf4f2k25,did:plc:pcievrygrnjjg5ni7mjfgctb,2026-09-04T09:51:00.338000+00:00,bluesky,true,true,true,true,relevant,relevant,relevant,llm_v2b>llm_v2c>llm_v2d,llm_v2b@2026-09-22T06:02:28.700376+00:00,9da653163799d56c+ca3b837dd0b3e85c,user,Qwen/Qwen3-4B-Instruct-2507,derived_validated,
45505,at://did:plc:o46kigdhso6nksxpskueveml/app.bsky.feed.post/3muom6yuhgc2j,did:plc:o46kigdhso6nksxpskueveml,2026-09-04T09:03:15+00:00,bluesky,true,true,false,true,relevant,relevant,irrelevant,llm_v2b>llm_v2c>llm_v2d,llm_v2b@2026-09-22T06:02:28.700376+00:00,9da653163799d56c+ca3b837dd0b3e85c,user,Qwen/Qwen3-4B-Instruct-2507,derived_validated,
45560,at://did:plc:wcgbb35w2zjdq4gg42qjqqn3/app.bsky.feed.post/3munslzylel2o,did:plc:wcgbb35w2zjdq4gg42qjqqn3,2026-09-04T01:25:12.724000+00:00,bluesky,false,false,true,true,irrelevant,irrelevant,relevant,llm_v2b>llm_v2c>llm_v2d,,,,,deterministic_rules,
45561,at://did:plc:wcgbb35w2zjdq4gg42qjqqn3/app.bsky.feed.post/3munsdji6ev2c,did:plc:wcgbb35w2zjdq4gg42qjqqn3,2026-09-04T01:20:26.720000+00:00,bluesky,true,true,false,true,relevant,relevant,irrelevant,llm_v2b>llm_v2c>llm_v2d,llm_v2b@2026-09-22T06:02:28.700376+00:00,9da653163799d56c+ca3b837dd0b3e85c,user,Qwen/Qwen3-4B-Instruct-2507,derived_validated,
45571,at://did:plc:u6celkmubfsmbus5m3aqcrla/app.bsky.feed.post/3muq25atb6q2z,did:plc:u6celkmubfsmbus5m3aqcrla,2026-09-04T22:45:28+00:00,bluesky,true,true,false,true,relevant,relevant,irrelevant,llm_v2b>llm_v2c>llm_v2d,llm_v2b@2026-09-22T06:02:28.700376+00:00,9da653163799d56c+ca3b837dd0b3e85c,user,Qwen/Qwen3-4B-Instruct-2507,derived_validated,
45577,at://did:plc:hcb2c6m7nasamflvaeex36qy/app.bsky.feed.post/3mupypravaj2u,did:plc:hcb2c6m7nasamflvaeex36qy,2026-09-04T22:20:01.676000+00:00,bluesky,true,true,true,true,relevant,relevant,relevant,llm_v2b>llm_v2c>llm_v2d,llm_v2b@2026-09-22T06:02:28.700376+00:00,9da653163799d56c+ca3b837dd0b3e85c,user,Qwen/Qwen3-4B-Instruct-2507,derived_validated,
45603,at://did:plc:gnir6dvmignwrrel43csxipd/app.bsky.feed.post/3mupqemvjmc2p,did:plc:gnir6dvmignwrrel43csxipd,2026-09-04T19:50:38.909000+00:00,bluesky,true,true,true,true,relevant,relevant,relevant,llm_v2b>llm_v2c>llm_v2d,llm_v2b@2026-09-22T06:02:28.700376+00:00,9da653163799d56c+ca3b837dd0b3e85c,user,Qwen/Qwen3-4B-Instruct-2507,derived_validated,
45604,at://did:plc:kzgromk2bjhabqrbaydysgbc/app.bsky.feed.post/3mupqav3dbk2p,did:plc:kzgromk2bjhabqrbaydysgbc,2026-09-04T19:48:33.270000+00:00,bluesky,true,true,true,true,relevant,relevant,relevant,llm_v2b>llm_v2c>llm_v2d,llm_v2b@2026-09-22T06:02:28.700376+00:00,9da653163799d56c+ca3b837dd0b3e85c,user,Qwen/Qwen3-4B-Instruct-2507,derived_validated,
45613,at://did:plc:7n4ezjs53z56say7lym64pil/app.bsky.feed.post/3muplqp67ps2i,did:plc:7n4ezjs53z56say7lym64pil,2026-09-04T18:27:55.236000+00:00,bluesky,true,true,true,true,relevant,relevant,relevant,llm_v2b>llm_v2c>llm_v2d,llm_v2b@2026-09-22T06:02:28.700376+00:00,9da653163799d56c+ca3b837dd0b3e85c,user,Qwen/Qwen3-4B-Instruct-2507,derived_validated,
45617,at://did:plc:knytkb52cza74zx2ghajtg7s/app.bsky.feed.post/3mupk7cw7e42j,did:plc:knytkb52cza74zx2ghajtg7s,2026-09-04T18:00:18.211000+00:00,bluesky,true,true,false,true,relevant,relevant,irrelevant,llm_v2b>llm_v2c>llm_v2d,llm_v2b@2026-09-22T06:02:28.700376+00:00,9da653163799d56c+ca3b837dd0b3e85c,user,Qwen/Qwen3-4B-Instruct-2507,derived_validated,
45635,at://did:plc:yfbbejgynooalw6v6p3exj6n/app.bsky.feed.post/3mupf6lphis2n,did:plc:yfbbejgynooalw6v6p3exj6n,2026-09-04T16:30:25.175000+00:00,bluesky,true,true,false,true,relevant,relevant,irrelevant,llm_v2b>llm_v2c>llm_v2d,llm_v2b@2026-09-22T06:02:28.700376+00:00,9da653163799d56c+ca3b837dd0b3e85c,user,Qwen/Qwen3-4B-Instruct-2507,derived_validated,
45637,at://did:plc:yfbbejgynooalw6v6p3exj6n/app.bsky.feed.post/3mupev5chgs2n,did:plc:yfbbejgynooalw6v6p3exj6n,2026-09-04T16:25:08.078000+00:00,bluesky,true,true,false,true,relevant,relevant,irrelevant,llm_v2b>llm_v2c>llm_v2d,llm_v2b@2026-09-22T06:02:28.700376+00:00,9da653163799d56c+ca3b837dd0b3e85c,user,Qwen/Qwen3-4B-Instruct-2507,derived_validated,
45643,at://did:plc:gmfcvrfpr77wgw2jg6z5b7oj/app.bsky.feed.post/3mupcxxki3k2k,did:plc:gmfcvrfpr77wgw2jg6z5b7oj,2026-09-04T15:50:55.230000+00:00,bluesky,true,true,false,true,relevant,relevant,irrelevant,llm_v2b>llm_v2c>llm_v2d,llm_v2b@2026-09-22T06:02:28.700376+00:00,9da653163799d56c+ca3b837dd0b3e85c,user,Qwen/Qwen3-4B-Instruct-2507,derived_validated,
45665,at://did:plc:paoux7vntnukqhdpotbujfjt/app.bsky.feed.post/3mup4i23pkk2r,did:plc:paoux7vntnukqhdpotbujfjt,2026-09-04T13:54:38.565000+00:00,bluesky,true,true,true,true,relevant,relevant,relevant,llm_v2b>llm_v2c>llm_v2d,llm_v2b@2026-09-22T06:02:28.700376+00:00,9da653163799d56c+ca3b837dd0b3e85c,user,Qwen/Qwen3-4B-Instruct-2507,derived_validated,
45668,at://did:plc:ztsmz5jhcg3sadr4hm2dbr34/app.bsky.feed.post/3mup3a6ejr225,did:plc:ztsmz5jhcg3sadr4hm2dbr34,2026-09-04T13:32:20.877000+00:00,bluesky,false,false,true,true,irrelevant,irrelevant,relevant,llm_v2b>llm_v2c>llm_v2d,,,,,deterministic_rules,
45700,at://did:plc:pcievrygrnjjg5ni7mjfgctb/app.bsky.feed.post/3muotrthlks25,did:plc:pcievrygrnjjg5ni7mjfgctb,2026-09-04T11:19:03.155000+00:00,bluesky,false,false,true,true,irrelevant,irrelevant,relevant,llm_v2b>llm_v2c>llm_v2d,,,,,deterministic_rules,
45702,at://did:plc:kzgromk2bjhabqrbaydysgbc/app.bsky.feed.post/3muotah7zms2e,did:plc:kzgromk2bjhabqrbaydysgbc,2026-09-04T11:09:20.230000+00:00,bluesky,true,true,true,true,relevant,relevant,relevant,llm_v2b>llm_v2c>llm_v2d,llm_v2b@2026-09-22T06:02:28.700376+00:00,9da653163799d56c+ca3b837dd0b3e85c,user,Qwen/Qwen3-4B-Instruct-2507,derived_validated,
45703,at://did:plc:gnir6dvmignwrrel43csxipd/app.bsky.feed.post/3muot6wgwkc2e,did:plc:gnir6dvmignwrrel43csxipd,2026-09-04T11:08:29.076000+00:00,bluesky,true,true,true,true,relevant,relevant,relevant,llm_v2b>llm_v2c>llm_v2d,llm_v2b@2026-09-22T06:02:28.700376+00:00,9da653163799d56c+ca3b837dd0b3e85c,user,Qwen/Qwen3-4B-Instruct-2507,derived_validated,
45713,at://did:plc:fyitqypzz6qaax7ve46hsw52/app.bsky.feed.post/3muopezdeug2a,did:plc:fyitqypzz6qaax7ve46hsw52,2026-09-04T10:00:16+00:00,bluesky,true,true,true,true,relevant,relevant,relevant,llm_v2b>llm_v2c>llm_v2d,llm_v2b@2026-09-22T06:02:28.700376+00:00,9da653163799d56c+ca3b837dd0b3e85c,user,Qwen/Qwen3-4B-Instruct-2507,derived_validated,
45720,at://did:plc:u6celkmubfsmbus5m3aqcrla/app.bsky.feed.post/3muol6zzi7p27,did:plc:u6celkmubfsmbus5m3aqcrla,2026-09-04T08:45:22+00:00,bluesky,true,true,false,true,relevant,relevant,irrelevant,llm_v2b>llm_v2c>llm_v2d,llm_v2b@2026-09-22T06:02:28.700376+00:00,9da653163799d56c+ca3b837dd0b3e85c,user,Qwen/Qwen3-4B-Instruct-2507,derived_validated,
45725,at://did:plc:q5m4pspc6zmqru6b4dpg65yv/app.bsky.feed.post/3muohcqhhkp22,did:plc:q5m4pspc6zmqru6b4dpg65yv,2026-09-04T07:35:52.025884+00:00,bluesky,true,true,true,true,relevant,relevant,relevant,llm_v2b>llm_v2c>llm_v2d,llm_v2b@2026-09-22T06:02:28.700376+00:00,9da653163799d56c+ca3b837dd0b3e85c,user,Qwen/Qwen3-4B-Instruct-2507,derived_validated,
45747,at://did:plc:tmla3al424u5wc4k7hzwru63/app.bsky.feed.post/3munwbzolk22m,did:plc:tmla3al424u5wc4k7hzwru63,2026-09-04T02:31:14.623000+00:00,bluesky,true,true,true,true,relevant,relevant,relevant,llm_v2b>llm_v2c>llm_v2d,llm_v2b@2026-09-22T06:02:28.700376+00:00,9da653163799d56c+ca3b837dd0b3e85c,user,Qwen/Qwen3-4B-Instruct-2507,derived_validated,
45749,at://did:plc:22g3mf3sm5z4lp7zfk6ncv32/app.bsky.feed.post/3munvhbbeqk2u,did:plc:22g3mf3sm5z4lp7zfk6ncv32,2026-09-04T02:16:16.610000+00:00,bluesky,false,false,true,true,irrelevant,irrelevant,relevant,llm_v2b>llm_v2c>llm_v2d,,,,,deterministic_rules,
45752,at://did:plc:ooroz4gq3p7vhsppujab6m6o/app.bsky.feed.post/3munugmibek27,did:plc:ooroz4gq3p7vhsppujab6m6o,2026-09-04T01:58:01.057000+00:00,bluesky,true,true,false,true,relevant,relevant,irrelevant,llm_v2b>llm_v2c>llm_v2d,llm_v2b@2026-09-22T06:02:28.700376+00:00,9da653163799d56c+ca3b837dd0b3e85c,user,Qwen/Qwen3-4B-Instruct-2507,derived_validated,
45760,at://did:plc:gpi3j2si3fzote4fgw6ycpiz/app.bsky.feed.post/3munrs2fxs22y,did:plc:gpi3j2si3fzote4fgw6ycpiz,2026-09-04T01:10:43.550000+00:00,bluesky,true,true,true,true,relevant,relevant,relevant,llm_v2b>llm_v2c>llm_v2d,llm_v2b@2026-09-22T06:02:28.700376+00:00,9da653163799d56c+ca3b837dd0b3e85c,user,Qwen/Qwen3-4B-Instruct-2507,derived_validated,
45767,at://did:plc:ko7g4m4rnqdeooe5z7wv5zlu/app.bsky.feed.post/3muq32jabvs2d,did:plc:ko7g4m4rnqdeooe5z7wv5zlu,2026-09-04T23:01:50.682000+00:00,bluesky,true,true,true,true,relevant,relevant,relevant,llm_v2b>llm_v2c>llm_v2d,llm_v2b@2026-09-22T06:02:28.700376+00:00,9da653163799d56c+ca3b837dd0b3e85c,user,Qwen/Qwen3-4B-Instruct-2507,derived_validated,
45773,at://did:plc:c2pqqu7yi4nuxghkqw3baozz/app.bsky.feed.post/3muprqsmhpn2u,did:plc:c2pqqu7yi4nuxghkqw3baozz,2026-09-04T20:15:21.284000+00:00,bluesky,true,true,true,true,relevant,relevant,relevant,llm_v2b>llm_v2c>llm_v2d,llm_v2b@2026-09-22T06:02:28.700376+00:00,9da653163799d56c+ca3b837dd0b3e85c,user,Qwen/Qwen3-4B-Instruct-2507,derived_validated,
45854,at://did:plc:hhhmeeoyne23qnnkozlaj3op/app.bsky.feed.post/3mupz7hgeuk2g,did:plc:hhhmeeoyne23qnnkozlaj3op,2026-09-04T22:28:49.074000+00:00,bluesky,true,true,false,true,relevant,relevant,irrelevant,llm_v2b>llm_v2c>llm_v2d,llm_v2b@2026-09-22T06:02:28.700376+00:00,9da653163799d56c+ca3b837dd0b3e85c,user,Qwen/Qwen3-4B-Instruct-2507,derived_validated,
45895,at://did:plc:e2sjw5m7rk3ixdxt5m7ancsa/app.bsky.feed.post/3mupv544kvl2f,did:plc:e2sjw5m7rk3ixdxt5m7ancsa,2026-09-04T21:15:53+00:00,bluesky,false,false,true,true,irrelevant,irrelevant,relevant,llm_v2b>llm_v2c>llm_v2d,,,,,deterministic_rules,
45959,at://did:plc:dpmwlesjodhle7ss5227yvvg/app.bsky.feed.post/3mupqqtb7jt26,did:plc:dpmwlesjodhle7ss5227yvvg,2026-09-04T19:57:27+00:00,bluesky,false,false,true,true,irrelevant,irrelevant,relevant,llm_v2b>llm_v2c>llm_v2d,,,,,deterministic_rules,
45960,at://did:plc:dpmwlesjodhle7ss5227yvvg/app.bsky.feed.post/3mupqqnijig22,did:plc:dpmwlesjodhle7ss5227yvvg,2026-09-04T19:57:21+00:00,bluesky,false,false,true,true,irrelevant,irrelevant,relevant,llm_v2b>llm_v2c>llm_v2d,,,,,deterministic_rules,
46023,at://did:plc:qd752hju42aqicbeyjscipap/app.bsky.feed.post/3mupnbjr3jc2y,did:plc:qd752hju42aqicbeyjscipap,2026-09-04T18:55:13.730000+00:00,bluesky,true,true,true,true,relevant,relevant,relevant,llm_v2b>llm_v2c>llm_v2d,llm_v2b@2026-09-22T06:02:28.700376+00:00,9da653163799d56c+ca3b837dd0b3e85c,user,Qwen/Qwen3-4B-Instruct-2507,derived_validated,
46140,at://did:plc:sj7x2xctlsf6pilv4chfnz3t/app.bsky.feed.post/3mupge4e43j2h,did:plc:sj7x2xctlsf6pilv4chfnz3t,2026-09-04T16:51:22.700000+00:00,bluesky,true,true,false,true,relevant,relevant,irrelevant,llm_v2b>llm_v2c>llm_v2d,llm_v2b@2026-09-22T06:02:28.700376+00:00,9da653163799d56c+ca3b837dd0b3e85c,user,Qwen/Qwen3-4B-Instruct-2507,derived_validated,
46141,at://did:plc:sj7x2xctlsf6pilv4chfnz3t/app.bsky.feed.post/3mupgdtpqzp2p,did:plc:sj7x2xctlsf6pilv4chfnz3t,2026-09-04T16:51:14.438000+00:00,bluesky,true,true,false,true,relevant,relevant,irrelevant,llm_v2b>llm_v2c>llm_v2d,llm_v2b@2026-09-22T06:02:28.700376+00:00,9da653163799d56c+ca3b837dd0b3e85c,user,Qwen/Qwen3-4B-Instruct-2507,derived_validated,
46160,at://did:plc:mgp7ni6bomaigwnx3yywnhua/app.bsky.feed.post/3mupespzgps2a,did:plc:mgp7ni6bomaigwnx3yywnhua,2026-09-04T16:23:47.043000+00:00,bluesky,true,true,false,true,relevant,relevant,irrelevant,llm_v2b>llm_v2c>llm_v2d,llm_v2b@2026-09-22T06:02:28.700376+00:00,9da653163799d56c+ca3b837dd0b3e85c,user,Qwen/Qwen3-4B-Instruct-2507,derived_validated,
46185,at://did:plc:3dzlsh22j3qywv4f7a3jg6da/app.bsky.feed.post/3mupdpdemws2b,did:plc:3dzlsh22j3qywv4f7a3jg6da,2026-09-04T16:03:59.201000+00:00,bluesky,true,true,true,true,relevant,relevant,relevant,llm_v2b>llm_v2c>llm_v2d,llm_v2b@2026-09-22T06:02:28.700376+00:00,9da653163799d56c+ca3b837dd0b3e85c,user,Qwen/Qwen3-4B-Instruct-2507,derived_validated,
46281,at://did:plc:4c76hk3kyw4o6e6r5qg4oplj/app.bsky.feed.post/3mup5dnubfk2r,did:plc:4c76hk3kyw4o6e6r5qg4oplj,2026-09-04T14:10:05.249294+00:00,bluesky,true,true,false,true,relevant,relevant,irrelevant,llm_v2b>llm_v2c>llm_v2d,llm_v2b@2026-09-22T06:02:28.700376+00:00,9da653163799d56c+ca3b837dd0b3e85c,user,Qwen/Qwen3-4B-Instruct-2507,derived_validated,
46311,at://did:plc:masumo3zccfq433l5ly3tuoc/app.bsky.feed.post/3mup45by2j22v,did:plc:masumo3zccfq433l5ly3tuoc,2026-09-04T13:48:35.783000+00:00,bluesky,true,true,false,true,relevant,relevant,irrelevant,llm_v2b>llm_v2c>llm_v2d,llm_v2b@2026-09-22T06:02:28.700376+00:00,9da653163799d56c+ca3b837dd0b3e85c,user,Qwen/Qwen3-4B-Instruct-2507,derived_validated,
46420,at://did:plc:lpyzntujohn7n6gekcuicy4z/app.bsky.feed.post/3muowbpajzp2g,did:plc:lpyzntujohn7n6gekcuicy4z,2026-09-04T12:03:43.111000+00:00,bluesky,true,true,false,true,relevant,relevant,irrelevant,llm_v2b>llm_v2c>llm_v2d,llm_v2b@2026-09-22T06:02:28.700376+00:00,9da653163799d56c+ca3b837dd0b3e85c,user,Qwen/Qwen3-4B-Instruct-2507,derived_validated,
46518,at://did:plc:45xwgi2ikaqmqgarsrqmcrbq/app.bsky.feed.post/3muooq2w4tq26,did:plc:45xwgi2ikaqmqgarsrqmcrbq,2026-09-04T09:48:35+00:00,bluesky,true,true,false,true,relevant,relevant,irrelevant,llm_v2b>llm_v2c>llm_v2d,llm_v2b@2026-09-22T06:02:28.700376+00:00,9da653163799d56c+ca3b837dd0b3e85c,user,Qwen/Qwen3-4B-Instruct-2507,derived_validated,
46578,at://did:plc:6zpzsab44xavrl46jqvba5wb/app.bsky.feed.post/3muoj4n7q3d2m,did:plc:6zpzsab44xavrl46jqvba5wb,2026-09-04T08:08:14+00:00,bluesky,true,true,false,true,relevant,relevant,irrelevant,llm_v2b>llm_v2c>llm_v2d,llm_v2b@2026-09-22T06:02:28.700376+00:00,9da653163799d56c+ca3b837dd0b3e85c,user,Qwen/Qwen3-4B-Instruct-2507,derived_validated,
46590,at://did:plc:yhhqv2c64q5xv7mdwy6dbwqq/app.bsky.feed.post/3muoiouho3l2q,did:plc:yhhqv2c64q5xv7mdwy6dbwqq,2026-09-04T08:00:31+00:00,bluesky,true,true,false,true,relevant,relevant,irrelevant,llm_v2b>llm_v2c>llm_v2d,llm_v2b@2026-09-22T06:02:28.700376+00:00,9da653163799d56c+ca3b837dd0b3e85c,user,Qwen/Qwen3-4B-Instruct-2507,derived_validated,
46609,at://did:plc:c4l6c3v5kvm7i32xiiqtszro/app.bsky.feed.post/3muogzujo622h,did:plc:c4l6c3v5kvm7i32xiiqtszro,2026-09-04T07:30:54.241000+00:00,bluesky,true,true,true,true,relevant,relevant,relevant,llm_v2b>llm_v2c>llm_v2d,llm_v2b@2026-09-22T06:02:28.700376+00:00,9da653163799d56c+ca3b837dd0b3e85c,user,Qwen/Qwen3-4B-Instruct-2507,derived_validated,
46634,at://did:plc:rvoxhqgtxnzlmxcdtjdhusu3/app.bsky.feed.post/3muofebl5ad2g,did:plc:rvoxhqgtxnzlmxcdtjdhusu3,2026-09-04T07:00:56.108000+00:00,bluesky,true,true,false,true,relevant,relevant,irrelevant,llm_v2b>llm_v2c>llm_v2d,llm_v2b@2026-09-22T06:02:28.700376+00:00,9da653163799d56c+ca3b837dd0b3e85c,user,Qwen/Qwen3-4B-Instruct-2507,derived_validated,
46695,at://did:plc:vvcohfymr47ycex5lhbjuvu4/app.bsky.feed.post/3muo7mgmesq2f,did:plc:vvcohfymr47ycex5lhbjuvu4,2026-09-04T05:18:05.551588+00:00,bluesky,true,true,false,true,relevant,relevant,irrelevant,llm_v2b>llm_v2c>llm_v2d,llm_v2b@2026-09-22T06:02:28.700376+00:00,9da653163799d56c+ca3b837dd0b3e85c,user,Qwen/Qwen3-4B-Instruct-2507,derived_validated,
46757,at://did:plc:ss3ks2q7cxz6ovgkkayk352o/app.bsky.feed.post/3munywlsius2q,did:plc:ss3ks2q7cxz6ovgkkayk352o,2026-09-04T03:18:32.199000+00:00,bluesky,true,true,false,true,relevant,relevant,irrelevant,llm_v2b>llm_v2c>llm_v2d,llm_v2b@2026-09-22T06:02:28.700376+00:00,9da653163799d56c+ca3b837dd0b3e85c,user,Qwen/Qwen3-4B-Instruct-2507,derived_validated,
46887,at://did:plc:dn242yln2biooe6qkd237tqd/app.bsky.feed.post/3mupimibhct2m,did:plc:dn242yln2biooe6qkd237tqd,2026-09-04T17:31:52.322000+00:00,bluesky,true,true,false,true,relevant,relevant,irrelevant,llm_v2b>llm_v2c>llm_v2d,llm_v2b@2026-09-22T06:02:28.700376+00:00,9da653163799d56c+ca3b837dd0b3e85c,user,Qwen/Qwen3-4B-Instruct-2507,derived_validated,
46917,at://did:plc:udrznupqyj4yur5dw7szmg2i/app.bsky.feed.post/3munpjebd522e,did:plc:udrznupqyj4yur5dw7szmg2i,2026-09-04T00:30:04.412000+00:00,bluesky,true,true,false,true,relevant,relevant,irrelevant,llm_v2b>llm_v2c>llm_v2d,llm_v2b@2026-09-22T06:02:28.700376+00:00,9da653163799d56c+ca3b837dd0b3e85c,user,Qwen/Qwen3-4B-Instruct-2507,derived_validated,
47076,at://did:plc:it4u4auilfzs3h6uqbmugfcn/app.bsky.feed.post/3muojajmusr24,did:plc:it4u4auilfzs3h6uqbmugfcn,2026-09-04T08:10:25.324711+00:00,bluesky,true,true,false,true,relevant,relevant,irrelevant,llm_v2b>llm_v2c>llm_v2d,llm_v2b@2026-09-22T06:02:28.700376+00:00,9da653163799d56c+ca3b837dd0b3e85c,user,Qwen/Qwen3-4B-Instruct-2507,derived_validated,
47174,at://did:plc:ottqpiem72ducopvobitaxie/app.bsky.feed.post/3mupsiqc4tc2q,did:plc:ottqpiem72ducopvobitaxie,2026-09-04T20:28:44.169000+00:00,bluesky,true,true,false,true,relevant,relevant,irrelevant,llm_v2b>llm_v2c>llm_v2d,llm_v2b@2026-09-22T06:02:28.700376+00:00,9da653163799d56c+ca3b837dd0b3e85c,user,Qwen/Qwen3-4B-Instruct-2507,derived_validated,
47415,at://did:plc:u6celkmubfsmbus5m3aqcrla/app.bsky.feed.post/3munx3eun3u2u,did:plc:u6celkmubfsmbus5m3aqcrla,2026-09-04T02:45:24+00:00,bluesky,true,true,false,true,relevant,relevant,irrelevant,llm_v2b>llm_v2c>llm_v2d,llm_v2b@2026-09-22T06:02:28.700376+00:00,9da653163799d56c+ca3b837dd0b3e85c,user,Qwen/Qwen3-4B-Instruct-2507,derived_validated,
47457,at://did:plc:wkc4ipc566t753ak2gaet2td/app.bsky.feed.post/3mup3u32hlc2f,did:plc:wkc4ipc566t753ak2gaet2td,2026-09-04T13:43:28.490000+00:00,bluesky,false,false,true,true,irrelevant,irrelevant,relevant,llm_v2b>llm_v2c>llm_v2d,,,,,deterministic_rules,
47490,at://did:plc:4xqt7t2zph634drigtdxdmro/app.bsky.feed.post/3muq5ymdbbs2m,did:plc:4xqt7t2zph634drigtdxdmro,2026-09-04T23:54:28.042000+00:00,bluesky,true,true,true,true,relevant,relevant,relevant,llm_v2b>llm_v2c>llm_v2d,llm_v2b@2026-09-22T06:02:28.700376+00:00,9da653163799d56c+ca3b837dd0b3e85c,user,Qwen/Qwen3-4B-Instruct-2507,derived_validated,
47741,at://did:plc:6cvqmnqfd4wwyttt7r6xzf4j/app.bsky.feed.post/3mupheiwy7k2b,did:plc:6cvqmnqfd4wwyttt7r6xzf4j,2026-09-04T17:09:31.075000+00:00,bluesky,true,true,false,true,relevant,relevant,irrelevant,llm_v2b>llm_v2c>llm_v2d,llm_v2b@2026-09-22T06:02:28.700376+00:00,9da653163799d56c+ca3b837dd0b3e85c,user,Qwen/Qwen3-4B-Instruct-2507,derived_validated,
47770,at://did:plc:vjg5gb45c522xp2s5qhs3rvj/app.bsky.feed.post/3mupcyztgms2q,did:plc:vjg5gb45c522xp2s5qhs3rvj,2026-09-04T15:51:31.163000+00:00,bluesky,true,true,false,true,relevant,relevant,irrelevant,llm_v2b>llm_v2c>llm_v2d,llm_v2b@2026-09-22T06:02:28.700376+00:00,9da653163799d56c+ca3b837dd0b3e85c,user,Qwen/Qwen3-4B-Instruct-2507,derived_validated,
47796,at://did:plc:did5psctmmw4j4xlxu64uvzq/app.bsky.feed.post/3mup764wrhs2b,did:plc:did5psctmmw4j4xlxu64uvzq,2026-09-04T14:42:47.235000+00:00,bluesky,true,true,false,true,relevant,relevant,irrelevant,llm_v2b>llm_v2c>llm_v2d,llm_v2b@2026-09-22T06:02:28.700376+00:00,9da653163799d56c+ca3b837dd0b3e85c,user,Qwen/Qwen3-4B-Instruct-2507,derived_validated,
47823,at://did:plc:oya64aulumuj3apwfffocdyf/app.bsky.feed.post/3mup2rbt7ak2o,did:plc:oya64aulumuj3apwfffocdyf,2026-09-04T13:24:01.186000+00:00,bluesky,true,true,false,true,relevant,relevant,irrelevant,llm_v2b>llm_v2c>llm_v2d,llm_v2b@2026-09-22T06:02:28.700376+00:00,9da653163799d56c+ca3b837dd0b3e85c,user,Qwen/Qwen3-4B-Instruct-2507,derived_validated,
47828,at://did:plc:7pkbtilk5lk4ocxszrr5ssxa/app.bsky.feed.post/3muozq64vec2l,did:plc:7pkbtilk5lk4ocxszrr5ssxa,2026-09-04T13:05:30.013000+00:00,bluesky,true,true,false,true,relevant,relevant,irrelevant,llm_v2b>llm_v2c>llm_v2d,llm_v2b@2026-09-22T06:02:28.700376+00:00,9da653163799d56c+ca3b837dd0b3e85c,user,Qwen/Qwen3-4B-Instruct-2507,derived_validated,
47829,at://did:plc:6ze7zxagjsaji2tuhtoptkry/app.bsky.feed.post/3muozogaews2x,did:plc:6ze7zxagjsaji2tuhtoptkry,2026-09-04T13:04:31.406000+00:00,bluesky,true,true,false,true,relevant,relevant,irrelevant,llm_v2b>llm_v2c>llm_v2d,llm_v2b@2026-09-22T06:02:28.700376+00:00,9da653163799d56c+ca3b837dd0b3e85c,user,Qwen/Qwen3-4B-Instruct-2507,derived_validated,
47831,at://did:plc:7xfrdtx3nwsksptndfke72mm/app.bsky.feed.post/3muoz3uq7w22r,did:plc:7xfrdtx3nwsksptndfke72mm,2026-09-04T12:54:09.072000+00:00,bluesky,true,true,false,true,relevant,relevant,irrelevant,llm_v2b>llm_v2c>llm_v2d,llm_v2b@2026-09-22T06:02:28.700376+00:00,9da653163799d56c+ca3b837dd0b3e85c,user,Qwen/Qwen3-4B-Instruct-2507,derived_validated,
47838,at://did:plc:eoouaeqa2taou3aqacpjuaq4/app.bsky.feed.post/3muoxp4lal22k,did:plc:eoouaeqa2taou3aqacpjuaq4,2026-09-04T12:29:07.346000+00:00,bluesky,true,true,false,true,relevant,relevant,irrelevant,llm_v2b>llm_v2c>llm_v2d,llm_v2b@2026-09-22T06:02:28.700376+00:00,9da653163799d56c+ca3b837dd0b3e85c,user,Qwen/Qwen3-4B-Instruct-2507,derived_validated,
47840,at://did:plc:ltduqwuef6thqkzj3cnay42p/app.bsky.feed.post/3muoxmmixfs2x,did:plc:ltduqwuef6thqkzj3cnay42p,2026-09-04T12:27:43.387000+00:00,bluesky,true,true,false,true,relevant,relevant,irrelevant,llm_v2b>llm_v2c>llm_v2d,llm_v2b@2026-09-22T06:02:28.700376+00:00,9da653163799d56c+ca3b837dd0b3e85c,user,Qwen/Qwen3-4B-Instruct-2507,derived_validated,
47846,at://did:plc:ucpxe7ipfa3zcow2ztxhslno/app.bsky.feed.post/3muowjsli5222,did:plc:ucpxe7ipfa3zcow2ztxhslno,2026-09-04T12:08:15.357000+00:00,bluesky,true,true,false,true,relevant,relevant,irrelevant,llm_v2b>llm_v2c>llm_v2d,llm_v2b@2026-09-22T06:02:28.700376+00:00,9da653163799d56c+ca3b837dd0b3e85c,user,Qwen/Qwen3-4B-Instruct-2507,derived_validated,
47889,at://did:plc:6cri3nbgdxvfuwdgav73lbce/app.bsky.feed.post/3muolazkgu22h,did:plc:6cri3nbgdxvfuwdgav73lbce,2026-09-04T08:46:29.513000+00:00,bluesky,true,true,false,true,relevant,relevant,irrelevant,llm_v2b>llm_v2c>llm_v2d,llm_v2b@2026-09-22T06:02:28.700376+00:00,9da653163799d56c+ca3b837dd0b3e85c,user,Qwen/Qwen3-4B-Instruct-2507,derived_validated,
47892,at://did:plc:w5dk6pygx5sdrslc5vo56h75/app.bsky.feed.post/3muoj5mkk7c23,did:plc:w5dk6pygx5sdrslc5vo56h75,2026-09-04T08:08:47.737000+00:00,bluesky,true,true,true,true,relevant,relevant,relevant,llm_v2b>llm_v2c>llm_v2d,llm_v2b@2026-09-22T06:02:28.700376+00:00,9da653163799d56c+ca3b837dd0b3e85c,user,Qwen/Qwen3-4B-Instruct-2507,derived_validated,
47959,at://did:plc:s4lkbrghvx4gkksc5tpurfxe/app.bsky.feed.post/3munwujdi3c2q,did:plc:s4lkbrghvx4gkksc5tpurfxe,2026-09-04T02:41:35.017000+00:00,bluesky,true,true,false,true,relevant,relevant,irrelevant,llm_v2b>llm_v2c>llm_v2d,llm_v2b@2026-09-22T06:02:28.700376+00:00,9da653163799d56c+ca3b837dd0b3e85c,user,Qwen/Qwen3-4B-Instruct-2507,derived_validated,
48049,at://did:plc:7gnlogflii4kgsxztiijkyl6/app.bsky.feed.post/3mupfrsewe22k,did:plc:7gnlogflii4kgsxztiijkyl6,2026-09-04T16:41:09.705000+00:00,bluesky,true,true,false,true,relevant,relevant,irrelevant,llm_v2b>llm_v2c>llm_v2d,llm_v2b@2026-09-22T06:02:28.700376+00:00,9da653163799d56c+ca3b837dd0b3e85c,user,Qwen/Qwen3-4B-Instruct-2507,derived_validated,
48066,at://did:plc:ppblad4zr4ogqkgdff7asa6l/app.bsky.feed.post/3muoxqtxxya2r,did:plc:ppblad4zr4ogqkgdff7asa6l,2026-09-04T12:30:05.336510+00:00,bluesky,true,true,false,true,relevant,relevant,irrelevant,llm_v2b>llm_v2c>llm_v2d,llm_v2b@2026-09-22T06:02:28.700376+00:00,9da653163799d56c+ca3b837dd0b3e85c,user,Qwen/Qwen3-4B-Instruct-2507,derived_validated,
48076,at://did:plc:gtvcyxuzeqorzjwbooiqnr4c/app.bsky.feed.post/3muopeikcpe26,did:plc:gtvcyxuzeqorzjwbooiqnr4c,2026-09-04T10:00:00.684457+00:00,bluesky,true,true,false,true,relevant,relevant,irrelevant,llm_v2b>llm_v2c>llm_v2d,llm_v2b@2026-09-22T06:02:28.700376+00:00,9da653163799d56c+ca3b837dd0b3e85c,user,Qwen/Qwen3-4B-Instruct-2507,derived_validated,
48119,at://did:plc:eu4pj5o3ctvmkkte5kvjvcmu/app.bsky.feed.post/3muoxqtvhy52s,did:plc:eu4pj5o3ctvmkkte5kvjvcmu,2026-09-04T12:30:05.168000+00:00,bluesky,true,true,false,true,relevant,relevant,irrelevant,llm_v2b>llm_v2c>llm_v2d,llm_v2b@2026-09-22T06:02:28.700376+00:00,9da653163799d56c+ca3b837dd0b3e85c,user,Qwen/Qwen3-4B-Instruct-2507,derived_validated,
48219,at://did:plc:ar2cei7n6g4xca6bxpn4gu3t/app.bsky.feed.post/3muobtn2ay22j,did:plc:ar2cei7n6g4xca6bxpn4gu3t,2026-09-04T05:57:56.100000+00:00,bluesky,true,true,false,true,relevant,relevant,irrelevant,llm_v2b>llm_v2c>llm_v2d,llm_v2b@2026-09-22T06:02:28.700376+00:00,9da653163799d56c+ca3b837dd0b3e85c,user,Qwen/Qwen3-4B-Instruct-2507,derived_validated,
48247,at://did:plc:mhqnbglrgmwiuz3kgexbi7uf/app.bsky.feed.post/3mupueoueid2f,did:plc:mhqnbglrgmwiuz3kgexbi7uf,2026-09-04T21:02:15.843722+00:00,bluesky,true,true,true,true,relevant,relevant,relevant,llm_v2b>llm_v2c>llm_v2d,llm_v2b@2026-09-22T06:02:28.700376+00:00,9da653163799d56c+ca3b837dd0b3e85c,user,Qwen/Qwen3-4B-Instruct-2507,derived_validated,
48266,at://did:plc:6z3quguxzoondmckkj3l2c5l/app.bsky.feed.post/3muowgnc7es2f,did:plc:6z3quguxzoondmckkj3l2c5l,2026-09-04T12:06:27+00:00,bluesky,true,true,true,true,relevant,relevant,relevant,llm_v2b>llm_v2c>llm_v2d,llm_v2b@2026-09-22T06:02:28.700376+00:00,9da653163799d56c+ca3b837dd0b3e85c,user,Qwen/Qwen3-4B-Instruct-2507,derived_validated,
48271,at://did:plc:l4ug4inrr3tozqeqsiacw74x/app.bsky.feed.post/3muoqqomz6k2t,did:plc:l4ug4inrr3tozqeqsiacw74x,2026-09-04T10:24:43.642000+00:00,bluesky,true,true,true,true,relevant,relevant,relevant,llm_v2b>llm_v2c>llm_v2d,llm_v2b@2026-09-22T06:02:28.700376+00:00,9da653163799d56c+ca3b837dd0b3e85c,user,Qwen/Qwen3-4B-Instruct-2507,derived_validated,
48297,at://did:plc:xlsujlrwr5xpfxgaf4pixhri/app.bsky.feed.post/3muq3khztk22o,did:plc:xlsujlrwr5xpfxgaf4pixhri,2026-09-04T23:10:44.913731+00:00,bluesky,true,true,false,true,relevant,relevant,irrelevant,llm_v2b>llm_v2c>llm_v2d,llm_v2b@2026-09-22T06:02:28.700376+00:00,9da653163799d56c+ca3b837dd0b3e85c,user,Qwen/Qwen3-4B-Instruct-2507,derived_validated,
48348,at://did:plc:qv4cel4jrf5qqzfq6ddvp6yv/app.bsky.feed.post/3mupwis74pk2b,did:plc:qv4cel4jrf5qqzfq6ddvp6yv,2026-09-04T21:40:19+00:00,bluesky,true,true,false,true,relevant,relevant,irrelevant,llm_v2b>llm_v2c>llm_v2d,llm_v2b@2026-09-22T06:02:28.700376+00:00,9da653163799d56c+ca3b837dd0b3e85c,user,Qwen/Qwen3-4B-Instruct-2507,derived_validated,
48349,at://did:plc:qv4cel4jrf5qqzfq6ddvp6yv/app.bsky.feed.post/3mupwimmsnn2x,did:plc:qv4cel4jrf5qqzfq6ddvp6yv,2026-09-04T21:40:12+00:00,bluesky,true,true,false,true,relevant,relevant,irrelevant,llm_v2b>llm_v2c>llm_v2d,llm_v2b@2026-09-22T06:02:28.700376+00:00,9da653163799d56c+ca3b837dd0b3e85c,user,Qwen/Qwen3-4B-Instruct-2507,derived_validated,
48443,at://did:plc:u6celkmubfsmbus5m3aqcrla/app.bsky.feed.post/3mupk7jy6ql27,did:plc:u6celkmubfsmbus5m3aqcrla,2026-09-04T18:00:25+00:00,bluesky,true,true,false,true,relevant,relevant,irrelevant,llm_v2b>llm_v2c>llm_v2d,llm_v2b@2026-09-22T06:02:28.700376+00:00,9da653163799d56c+ca3b837dd0b3e85c,user,Qwen/Qwen3-4B-Instruct-2507,derived_validated,
48624,at://did:plc:rvgczjwe4vpieijepny5voy7/app.bsky.feed.post/3muow76ildd2t,did:plc:rvgczjwe4vpieijepny5voy7,2026-09-04T12:02:18.660213+00:00,bluesky,true,true,false,true,relevant,relevant,irrelevant,llm_v2b>llm_v2c>llm_v2d,llm_v2b@2026-09-22T06:02:28.700376+00:00,9da653163799d56c+ca3b837dd0b3e85c,user,Qwen/Qwen3-4B-Instruct-2507,derived_validated,
48703,at://did:plc:a3ul5q5rkrk4im4sesowx4b3/app.bsky.feed.post/3muoiov3rrw2y,did:plc:a3ul5q5rkrk4im4sesowx4b3,2026-09-04T08:00:33+00:00,bluesky,true,true,false,true,relevant,relevant,irrelevant,llm_v2b>llm_v2c>llm_v2d,llm_v2b@2026-09-22T06:02:28.700376+00:00,9da653163799d56c+ca3b837dd0b3e85c,user,Qwen/Qwen3-4B-Instruct-2507,derived_validated,
48777,at://did:plc:rvgczjwe4vpieijepny5voy7/app.bsky.feed.post/3muo3jxzcuk2z,did:plc:rvgczjwe4vpieijepny5voy7,2026-09-04T04:05:09.944695+00:00,bluesky,true,true,false,true,relevant,relevant,irrelevant,llm_v2b>llm_v2c>llm_v2d,llm_v2b@2026-09-22T06:02:28.700376+00:00,9da653163799d56c+ca3b837dd0b3e85c,user,Qwen/Qwen3-4B-Instruct-2507,derived_validated,
48848,at://did:plc:yybglfkd5cpsvymw7doevl7t/app.bsky.feed.post/3munntnkm252r,did:plc:yybglfkd5cpsvymw7doevl7t,2026-09-04T00:00:02.134447+00:00,bluesky,true,true,false,true,relevant,relevant,irrelevant,llm_v2b>llm_v2c>llm_v2d,llm_v2b@2026-09-22T06:02:28.700376+00:00,9da653163799d56c+ca3b837dd0b3e85c,user,Qwen/Qwen3-4B-Instruct-2507,derived_validated,
48894,at://did:plc:ee7vq2rgxt46454xzhhsvuzh/app.bsky.feed.post/3mupurvp6fc2e,did:plc:ee7vq2rgxt46454xzhhsvuzh,2026-09-04T21:09:39.306000+00:00,bluesky,true,true,false,true,relevant,relevant,irrelevant,llm_v2b>llm_v2c>llm_v2d,llm_v2b@2026-09-22T06:02:28.700376+00:00,9da653163799d56c+ca3b837dd0b3e85c,user,Qwen/Qwen3-4B-Instruct-2507,derived_validated,
48944,at://did:plc:ka72blq2fsxgpfpojevfb7za/app.bsky.feed.post/3muntdcak6k25,did:plc:ka72blq2fsxgpfpojevfb7za,2026-09-04T01:38:15.926000+00:00,bluesky,true,true,false,true,relevant,relevant,irrelevant,llm_v2b>llm_v2c>llm_v2d,llm_v2b@2026-09-22T06:02:28.700376+00:00,9da653163799d56c+ca3b837dd0b3e85c,user,Qwen/Qwen3-4B-Instruct-2507,derived_validated,
48988,at://did:plc:fuak6asmyzr6r34f6er6z4ju/app.bsky.feed.post/3mupvwlgukc2x,did:plc:fuak6asmyzr6r34f6er6z4ju,2026-09-04T21:30:10.066000+00:00,bluesky,true,true,false,true,relevant,relevant,irrelevant,llm_v2b>llm_v2c>llm_v2d,llm_v2b@2026-09-22T06:02:28.700376+00:00,9da653163799d56c+ca3b837dd0b3e85c,user,Qwen/Qwen3-4B-Instruct-2507,derived_validated,
48998,at://did:plc:pt3gexlufohgmaprxt3p6z7k/app.bsky.feed.post/3muppr7xuj22h,did:plc:pt3gexlufohgmaprxt3p6z7k,2026-09-04T19:39:47.819000+00:00,bluesky,true,true,true,true,relevant,relevant,relevant,llm_v2b>llm_v2c>llm_v2d,llm_v2b@2026-09-22T06:02:28.700376+00:00,9da653163799d56c+ca3b837dd0b3e85c,user,Qwen/Qwen3-4B-Instruct-2507,derived_validated,
48999,at://did:plc:3qwygoton2wioxblu2eo7m7l/app.bsky.feed.post/3mupnqm2bbi22,did:plc:3qwygoton2wioxblu2eo7m7l,2026-09-04T19:03:39.108044+00:00,bluesky,true,true,false,true,relevant,relevant,irrelevant,llm_v2b>llm_v2c>llm_v2d,llm_v2b@2026-09-22T06:02:28.700376+00:00,9da653163799d56c+ca3b837dd0b3e85c,user,Qwen/Qwen3-4B-Instruct-2507,derived_validated,
49000,at://did:plc:nk7ojnjmfn22sei3gvcamr5w/app.bsky.feed.post/3mupmfm5ors2o,did:plc:nk7ojnjmfn22sei3gvcamr5w,2026-09-04T18:39:36.715000+00:00,bluesky,true,true,true,true,relevant,relevant,relevant,llm_v2b>llm_v2c>llm_v2d,llm_v2b@2026-09-22T06:02:28.700376+00:00,9da653163799d56c+ca3b837dd0b3e85c,user,Qwen/Qwen3-4B-Instruct-2507,derived_validated,
49003,at://did:plc:pfy6356qs7lj365z5mouungw/app.bsky.feed.post/3mupjorjaws2t,did:plc:pfy6356qs7lj365z5mouungw,2026-09-04T17:51:03.861000+00:00,bluesky,true,true,false,true,relevant,relevant,irrelevant,llm_v2b>llm_v2c>llm_v2d,llm_v2b@2026-09-22T06:02:28.700376+00:00,9da653163799d56c+ca3b837dd0b3e85c,user,Qwen/Qwen3-4B-Instruct-2507,derived_validated,
49014,at://did:plc:322ocitbn5okox52joruhkpi/app.bsky.feed.post/3mup4ywb4vz2m,did:plc:322ocitbn5okox52joruhkpi,2026-09-04T14:04:03.946000+00:00,bluesky,true,true,false,true,relevant,relevant,irrelevant,llm_v2b>llm_v2c>llm_v2d,llm_v2b@2026-09-22T06:02:28.700376+00:00,9da653163799d56c+ca3b837dd0b3e85c,user,Qwen/Qwen3-4B-Instruct-2507,derived_validated,
49020,at://did:plc:wvs5qeisxgs5ce4clgktsgma/app.bsky.feed.post/3mup2byafe22f,did:plc:wvs5qeisxgs5ce4clgktsgma,2026-09-04T13:15:27.816000+00:00,bluesky,true,true,false,true,relevant,relevant,irrelevant,llm_v2b>llm_v2c>llm_v2d,llm_v2b@2026-09-22T06:02:28.700376+00:00,9da653163799d56c+ca3b837dd0b3e85c,user,Qwen/Qwen3-4B-Instruct-2507,derived_validated,
49022,at://did:plc:m2tzjtoettbklbnbooqxg6ra/app.bsky.feed.post/3muozamr7m22y,did:plc:m2tzjtoettbklbnbooqxg6ra,2026-09-04T12:56:48.489000+00:00,bluesky,true,true,false,true,relevant,relevant,irrelevant,llm_v2b>llm_v2c>llm_v2d,llm_v2b@2026-09-22T06:02:28.700376+00:00,9da653163799d56c+ca3b837dd0b3e85c,user,Qwen/Qwen3-4B-Instruct-2507,derived_validated,
49045,at://did:plc:ppblad4zr4ogqkgdff7asa6l/app.bsky.feed.post/3muospx4l3f24,did:plc:ppblad4zr4ogqkgdff7asa6l,2026-09-04T11:00:06.378549+00:00,bluesky,true,true,true,true,relevant,relevant,relevant,llm_v2b>llm_v2c>llm_v2d,llm_v2b@2026-09-22T06:02:28.700376+00:00,9da653163799d56c+ca3b837dd0b3e85c,user,Qwen/Qwen3-4B-Instruct-2507,derived_validated,
49087,at://did:plc:3uvrjddd7tabm4reite53662/app.bsky.feed.post/3muposiyy632f,did:plc:3uvrjddd7tabm4reite53662,2026-09-04T19:22:37.266000+00:00,bluesky,true,true,false,true,relevant,relevant,irrelevant,llm_v2b>llm_v2c>llm_v2d,llm_v2b@2026-09-22T06:02:28.700376+00:00,9da653163799d56c+ca3b837dd0b3e85c,user,Qwen/Qwen3-4B-Instruct-2507,derived_validated,
49088,at://did:plc:ppblad4zr4ogqkgdff7asa6l/app.bsky.feed.post/3mupnkagofv2e,did:plc:ppblad4zr4ogqkgdff7asa6l,2026-09-04T19:00:05.839722+00:00,bluesky,true,true,false,true,relevant,relevant,irrelevant,llm_v2b>llm_v2c>llm_v2d,llm_v2b@2026-09-22T06:02:28.700376+00:00,9da653163799d56c+ca3b837dd0b3e85c,user,Qwen/Qwen3-4B-Instruct-2507,derived_validated,
49110,at://did:plc:y3w6xbhp4i7fcdtyhqjy7bgc/app.bsky.feed.post/3mupzbsv3es2i,did:plc:y3w6xbhp4i7fcdtyhqjy7bgc,2026-09-04T22:30:08.198000+00:00,bluesky,true,true,false,true,relevant,relevant,irrelevant,llm_v2b>llm_v2c>llm_v2d,llm_v2b@2026-09-22T06:02:28.700376+00:00,9da653163799d56c+ca3b837dd0b3e85c,user,Qwen/Qwen3-4B-Instruct-2507,derived_validated,
49114,at://did:plc:abt5tpb7lqr7vopkrkwfswwq/app.bsky.feed.post/3mupud4nzpl2m,did:plc:abt5tpb7lqr7vopkrkwfswwq,2026-09-04T21:01:23.222526+00:00,bluesky,true,true,true,true,relevant,relevant,relevant,llm_v2b>llm_v2c>llm_v2d,llm_v2b@2026-09-22T06:02:28.700376+00:00,9da653163799d56c+ca3b837dd0b3e85c,user,Qwen/Qwen3-4B-Instruct-2507,derived_validated,
49115,at://did:plc:swhavnqrtvhstcm275j242my/app.bsky.feed.post/icr2h7eianoty,did:plc:swhavnqrtvhstcm275j242my,2026-09-04T16:23:41.626000+00:00,bluesky,true,true,false,true,relevant,relevant,irrelevant,llm_v2b>llm_v2c>llm_v2d,llm_v2b@2026-09-22T06:02:28.700376+00:00,9da653163799d56c+ca3b837dd0b3e85c,user,Qwen/Qwen3-4B-Instruct-2507,derived_validated,
49122,at://did:plc:kzmukwaf72iwepygposicgt3/app.bsky.feed.post/3mupbnbbbf52u,did:plc:kzmukwaf72iwepygposicgt3,2026-09-04T15:08:14+00:00,bluesky,true,true,false,true,relevant,relevant,irrelevant,llm_v2b>llm_v2c>llm_v2d,llm_v2b@2026-09-22T06:02:28.700376+00:00,9da653163799d56c+ca3b837dd0b3e85c,user,Qwen/Qwen3-4B-Instruct-2507,derived_validated,
49155,at://did:plc:x7ruo3dewxqyqznwrloj6vof/app.bsky.feed.post/ceume2ogduyil,did:plc:x7ruo3dewxqyqznwrloj6vof,2026-09-04T07:16:40.712000+00:00,bluesky,true,true,false,true,relevant,relevant,irrelevant,llm_v2b>llm_v2c>llm_v2d,llm_v2b@2026-09-22T06:02:28.700376+00:00,9da653163799d56c+ca3b837dd0b3e85c,user,Qwen/Qwen3-4B-Instruct-2507,derived_validated,
49158,at://did:plc:ittphc7wmp567sk6c7rez5ui/app.bsky.feed.post/3muoaagodrn2r,did:plc:ittphc7wmp567sk6c7rez5ui,2026-09-04T05:29:18.447000+00:00,bluesky,true,true,false,true,relevant,relevant,irrelevant,llm_v2b>llm_v2c>llm_v2d,llm_v2b@2026-09-22T06:02:28.700376+00:00,9da653163799d56c+ca3b837dd0b3e85c,user,Qwen/Qwen3-4B-Instruct-2507,derived_validated,
49166,at://did:plc:5kubaprelrb7ryzpyq6bri6b/app.bsky.feed.post/3muoh7ekwck2v,did:plc:5kubaprelrb7ryzpyq6bri6b,2026-09-04T07:33:58.985000+00:00,bluesky,true,true,false,true,relevant,relevant,irrelevant,llm_v2b>llm_v2c>llm_v2d,llm_v2b@2026-09-22T06:02:28.700376+00:00,9da653163799d56c+ca3b837dd0b3e85c,user,Qwen/Qwen3-4B-Instruct-2507,derived_validated,
49263,at://did:plc:4daagiezglabeoyaj3c4lnol/app.bsky.feed.post/3murjdr6dil2g,did:plc:4daagiezglabeoyaj3c4lnol,2026-09-05T12:50:11+00:00,bluesky,true,true,false,true,relevant,relevant,irrelevant,llm_v2b>llm_v2c>llm_v2d,llm_v2b@2026-09-22T06:02:28.700376+00:00,9da653163799d56c+ca3b837dd0b3e85c,user,Qwen/Qwen3-4B-Instruct-2507,derived_validated,
49315,at://did:plc:2n6n4at5qf62f6c76dfwyh3c/app.bsky.feed.post/3mur2etf5kc2v,did:plc:2n6n4at5qf62f6c76dfwyh3c,2026-09-05T08:22:22.862000+00:00,bluesky,true,true,false,true,relevant,relevant,irrelevant,llm_v2b>llm_v2c>llm_v2d,llm_v2b@2026-09-22T06:02:28.700376+00:00,9da653163799d56c+ca3b837dd0b3e85c,user,Qwen/Qwen3-4B-Instruct-2507,derived_validated,
49319,at://did:plc:it4u4auilfzs3h6uqbmugfcn/app.bsky.feed.post/3muqzojzhlg2g,did:plc:it4u4auilfzs3h6uqbmugfcn,2026-09-05T08:09:54.844873+00:00,bluesky,true,true,false,true,relevant,relevant,irrelevant,llm_v2b>llm_v2c>llm_v2d,llm_v2b@2026-09-22T06:02:28.700376+00:00,9da653163799d56c+ca3b837dd0b3e85c,user,Qwen/Qwen3-4B-Instruct-2507,derived_validated,
49504,at://did:plc:fbdt2t33tw5z2fejjhd7moz5/app.bsky.feed.post/3muq7me7q5p2v,did:plc:fbdt2t33tw5z2fejjhd7moz5,2026-09-05T00:24:03+00:00,bluesky,true,true,true,true,relevant,relevant,relevant,llm_v2b>llm_v2c>llm_v2d,llm_v2b@2026-09-22T06:02:28.700376+00:00,9da653163799d56c+ca3b837dd0b3e85c,user,Qwen/Qwen3-4B-Instruct-2507,derived_validated,
49506,at://did:plc:pcievrygrnjjg5ni7mjfgctb/app.bsky.feed.post/3musmvksd3225,did:plc:pcievrygrnjjg5ni7mjfgctb,2026-09-05T23:26:31.323000+00:00,bluesky,true,true,false,true,relevant,relevant,irrelevant,llm_v2b>llm_v2c>llm_v2d,llm_v2b@2026-09-22T06:02:28.700376+00:00,9da653163799d56c+ca3b837dd0b3e85c,user,Qwen/Qwen3-4B-Instruct-2507,derived_validated,
49634,at://did:plc:qw3rlslzugmkitgpr5p4nned/app.bsky.feed.post/3muquyiivkj24,did:plc:qw3rlslzugmkitgpr5p4nned,2026-09-05T06:45:59.842544+00:00,bluesky,true,true,false,true,relevant,relevant,irrelevant,llm_v2b>llm_v2c>llm_v2d,llm_v2b@2026-09-22T06:02:28.700376+00:00,9da653163799d56c+ca3b837dd0b3e85c,user,Qwen/Qwen3-4B-Instruct-2507,derived_validated,
49702,at://did:plc:2dsotuep4xvokt44wbiqbjqa/app.bsky.feed.post/3muscasb5xc2p,did:plc:2dsotuep4xvokt44wbiqbjqa,2026-09-05T20:15:57.146000+00:00,bluesky,false,false,true,true,irrelevant,irrelevant,relevant,llm_v2b>llm_v2c>llm_v2d,,,,,deterministic_rules,
49723,at://did:plc:5xztkgkhcqqvemg2ch556btq/app.bsky.feed.post/3murvszlkuk2h,did:plc:5xztkgkhcqqvemg2ch556btq,2026-09-05T16:33:30.161000+00:00,bluesky,false,false,true,true,irrelevant,irrelevant,relevant,llm_v2b>llm_v2c>llm_v2d,,,,,deterministic_rules,
49758,at://did:plc:erqcnbfqfpaf3fuuszspmhnk/app.bsky.feed.post/3murd5kyonm23,did:plc:erqcnbfqfpaf3fuuszspmhnk,2026-09-05T10:59:20.807163+00:00,bluesky,false,false,true,true,irrelevant,irrelevant,relevant,llm_v2b>llm_v2c>llm_v2d,,,,,deterministic_rules,
49779,at://did:plc:ril6rzy6m5zutwvxqqrh5a5j/app.bsky.feed.post/3muqj7ms4si23,did:plc:ril6rzy6m5zutwvxqqrh5a5j,2026-09-05T03:15:13+00:00,bluesky,true,true,true,true,relevant,relevant,relevant,llm_v2b>llm_v2c>llm_v2d,llm_v2b@2026-09-22T06:02:28.700376+00:00,9da653163799d56c+ca3b837dd0b3e85c,user,Qwen/Qwen3-4B-Instruct-2507,derived_validated,
49878,at://did:plc:vdw2drriykz47kn72oe3cgk7/app.bsky.feed.post/3musmtiqdmc25,did:plc:vdw2drriykz47kn72oe3cgk7,2026-09-05T23:25:22.102000+00:00,bluesky,true,true,false,true,relevant,relevant,irrelevant,llm_v2b>llm_v2c>llm_v2d,llm_v2b@2026-09-22T06:02:28.700376+00:00,9da653163799d56c+ca3b837dd0b3e85c,user,Qwen/Qwen3-4B-Instruct-2507,derived_validated,
50086,at://did:plc:c4l6c3v5kvm7i32xiiqtszro/app.bsky.feed.post/3murx2arxba2v,did:plc:c4l6c3v5kvm7i32xiiqtszro,2026-09-05T16:55:26.270000+00:00,bluesky,true,true,false,true,relevant,relevant,irrelevant,llm_v2b>llm_v2c>llm_v2d,llm_v2b@2026-09-22T06:02:28.700376+00:00,9da653163799d56c+ca3b837dd0b3e85c,user,Qwen/Qwen3-4B-Instruct-2507,derived_validated,
50131,at://did:plc:en2viimzc3gydsljf42jbm5j/app.bsky.feed.post/3murqumjj6s2c,did:plc:en2viimzc3gydsljf42jbm5j,2026-09-05T15:04:54.864000+00:00,bluesky,true,true,false,true,relevant,relevant,irrelevant,llm_v2b>llm_v2c>llm_v2d,llm_v2b@2026-09-22T06:02:28.700376+00:00,9da653163799d56c+ca3b837dd0b3e85c,user,Qwen/Qwen3-4B-Instruct-2507,derived_validated,
50214,at://did:plc:unejftsz3cgbjugdvrhzxzzx/app.bsky.feed.post/3muriadz7t62y,did:plc:unejftsz3cgbjugdvrhzxzzx,2026-09-05T12:30:24.690808+00:00,bluesky,true,true,false,true,relevant,relevant,irrelevant,llm_v2b>llm_v2c>llm_v2d,llm_v2b@2026-09-22T06:02:28.700376+00:00,9da653163799d56c+ca3b837dd0b3e85c,user,Qwen/Qwen3-4B-Instruct-2507,derived_validated,
50325,at://did:plc:54sp3xxpgzkyzil5r6fbk4bx/app.bsky.feed.post/3mur3vyz6d422,did:plc:54sp3xxpgzkyzil5r6fbk4bx,2026-09-05T08:49:52.821244+00:00,bluesky,true,true,false,true,relevant,relevant,irrelevant,llm_v2b>llm_v2c>llm_v2d,llm_v2b@2026-09-22T06:02:28.700376+00:00,9da653163799d56c+ca3b837dd0b3e85c,user,Qwen/Qwen3-4B-Instruct-2507,derived_validated,
50593,at://did:plc:wcgbb35w2zjdq4gg42qjqqn3/app.bsky.feed.post/3muqkiyeqjo2u,did:plc:wcgbb35w2zjdq4gg42qjqqn3,2026-09-05T03:38:19.138000+00:00,bluesky,true,true,false,true,relevant,relevant,irrelevant,llm_v2b>llm_v2c>llm_v2d,llm_v2b@2026-09-22T06:02:28.700376+00:00,9da653163799d56c+ca3b837dd0b3e85c,user,Qwen/Qwen3-4B-Instruct-2507,derived_validated,
50742,at://did:plc:jkh2hpmhw5y4ab2yxufqqmka/app.bsky.feed.post/3murvzhc5k52k,did:plc:jkh2hpmhw5y4ab2yxufqqmka,2026-09-05T16:37:05.500000+00:00,bluesky,true,true,false,true,relevant,relevant,irrelevant,llm_v2b>llm_v2c>llm_v2d,llm_v2b@2026-09-22T06:02:28.700376+00:00,9da653163799d56c+ca3b837dd0b3e85c,user,Qwen/Qwen3-4B-Instruct-2507,derived_validated,
50922,at://did:plc:sj7x2xctlsf6pilv4chfnz3t/app.bsky.feed.post/3murv4gns4v2u,did:plc:sj7x2xctlsf6pilv4chfnz3t,2026-09-05T16:20:51.554000+00:00,bluesky,true,true,false,true,relevant,relevant,irrelevant,llm_v2b>llm_v2c>llm_v2d,llm_v2b@2026-09-22T06:02:28.700376+00:00,9da653163799d56c+ca3b837dd0b3e85c,user,Qwen/Qwen3-4B-Instruct-2507,derived_validated,
50959,at://did:plc:lfa65vcyknlf6glsahhiculh/app.bsky.feed.post/3murglxw2jy2z,did:plc:lfa65vcyknlf6glsahhiculh,2026-09-05T12:01:05+00:00,bluesky,true,true,false,true,relevant,relevant,irrelevant,llm_v2b>llm_v2c>llm_v2d,llm_v2b@2026-09-22T06:02:28.700376+00:00,9da653163799d56c+ca3b837dd0b3e85c,user,Qwen/Qwen3-4B-Instruct-2507,derived_validated,
50994,at://did:plc:mbvl7eofeyf5gyeatysd5d2r/app.bsky.feed.post/3muqvrvuhan2w,did:plc:mbvl7eofeyf5gyeatysd5d2r,2026-09-05T07:00:12.896000+00:00,bluesky,true,true,false,true,relevant,relevant,irrelevant,llm_v2b>llm_v2c>llm_v2d,llm_v2b@2026-09-22T06:02:28.700376+00:00,9da653163799d56c+ca3b837dd0b3e85c,user,Qwen/Qwen3-4B-Instruct-2507,derived_validated,
51119,at://did:plc:4xqt7t2zph634drigtdxdmro/app.bsky.feed.post/3mus5hxjzek2k,did:plc:4xqt7t2zph634drigtdxdmro,2026-09-05T18:50:28.850000+00:00,bluesky,true,true,true,true,relevant,relevant,relevant,llm_v2b>llm_v2c>llm_v2d,llm_v2b@2026-09-22T06:02:28.700376+00:00,9da653163799d56c+ca3b837dd0b3e85c,user,Qwen/Qwen3-4B-Instruct-2507,derived_validated,
51122,at://did:plc:gl4jefdcbv272jlssoygnt6n/app.bsky.feed.post/3mus4bkdef22c,did:plc:gl4jefdcbv272jlssoygnt6n,2026-09-05T18:28:59.933000+00:00,bluesky,true,true,false,true,relevant,relevant,irrelevant,llm_v2b>llm_v2c>llm_v2d,llm_v2b@2026-09-22T06:02:28.700376+00:00,9da653163799d56c+ca3b837dd0b3e85c,user,Qwen/Qwen3-4B-Instruct-2507,derived_validated,
51125,at://did:plc:34zoe3rvgr3ey33eelgo3azu/app.bsky.feed.post/3mus43spc7c2a,did:plc:34zoe3rvgr3ey33eelgo3azu,2026-09-05T18:25:47.385000+00:00,bluesky,true,true,true,true,relevant,relevant,relevant,llm_v2b>llm_v2c>llm_v2d,llm_v2b@2026-09-22T06:02:28.700376+00:00,9da653163799d56c+ca3b837dd0b3e85c,user,Qwen/Qwen3-4B-Instruct-2507,derived_validated,
51138,at://did:plc:6tbkeuzyj4e2pg5jfwa5s4uz/app.bsky.feed.post/3mus2gt2dmk2p,did:plc:6tbkeuzyj4e2pg5jfwa5s4uz,2026-09-05T17:56:09.362000+00:00,bluesky,true,true,false,true,relevant,relevant,irrelevant,llm_v2b>llm_v2c>llm_v2d,llm_v2b@2026-09-22T06:02:28.700376+00:00,9da653163799d56c+ca3b837dd0b3e85c,user,Qwen/Qwen3-4B-Instruct-2507,derived_validated,
51231,at://did:plc:dtg2oeh4jj3lmbcxyxl6nm34/app.bsky.feed.post/3murj7h6cjw25,did:plc:dtg2oeh4jj3lmbcxyxl6nm34,2026-09-05T12:47:48.326122+00:00,bluesky,false,false,true,true,irrelevant,irrelevant,relevant,llm_v2b>llm_v2c>llm_v2d,,,,,deterministic_rules,
51232,at://did:plc:7clmz2hekkwvdy5xwo5vqtk2/app.bsky.feed.post/3murj2pqyro2s,did:plc:7clmz2hekkwvdy5xwo5vqtk2,2026-09-05T12:45:09.632000+00:00,bluesky,true,true,true,true,relevant,relevant,relevant,llm_v2b>llm_v2c>llm_v2d,llm_v2b@2026-09-22T06:02:28.700376+00:00,9da653163799d56c+ca3b837dd0b3e85c,user,Qwen/Qwen3-4B-Instruct-2507,derived_validated,
51256,at://did:plc:usqualdgni452wvfiw3cybip/app.bsky.feed.post/3murfgmytjs2p,did:plc:usqualdgni452wvfiw3cybip,2026-09-05T11:40:14.433000+00:00,bluesky,true,true,false,true,relevant,relevant,irrelevant,llm_v2b>llm_v2c>llm_v2d,llm_v2b@2026-09-22T06:02:28.700376+00:00,9da653163799d56c+ca3b837dd0b3e85c,user,Qwen/Qwen3-4B-Instruct-2507,derived_validated,
51275,at://did:plc:cdjf5jd26lvq6sopzjqponwl/app.bsky.feed.post/3murcvpcsxi2u,did:plc:cdjf5jd26lvq6sopzjqponwl,2026-09-05T10:54:58.831427+00:00,bluesky,false,false,true,true,irrelevant,irrelevant,relevant,llm_v2b>llm_v2c>llm_v2d,,,,,deterministic_rules,
51282,at://did:plc:m2yuqynl2cttvi4k5453yegh/app.bsky.feed.post/3murbwh6b7fm2,did:plc:m2yuqynl2cttvi4k5453yegh,2026-09-05T10:37:29+00:00,bluesky,false,false,true,true,irrelevant,irrelevant,relevant,llm_v2b>llm_v2c>llm_v2d,,,,,deterministic_rules,
51284,at://did:plc:inz4fkbbp7ms3ixufw6xuvdi/app.bsky.feed.post/3murbv7fdwt2d,did:plc:inz4fkbbp7ms3ixufw6xuvdi,2026-09-05T10:36:47.483000+00:00,bluesky,false,false,true,true,irrelevant,irrelevant,relevant,llm_v2b>llm_v2c>llm_v2d,,,,,deterministic_rules,
51335,at://did:plc:5zww7zorx2ajw7hqrhuix3ba/app.bsky.feed.post/3muqpsp2k3x23,did:plc:5zww7zorx2ajw7hqrhuix3ba,2026-09-05T05:13:14+00:00,bluesky,true,true,true,true,relevant,relevant,relevant,llm_v2b>llm_v2c>llm_v2d,llm_v2b@2026-09-22T06:02:28.700376+00:00,9da653163799d56c+ca3b837dd0b3e85c,user,Qwen/Qwen3-4B-Instruct-2507,derived_validated,
51342,at://did:plc:4od47dvjgrd72dzdj5nahlzh/app.bsky.feed.post/3muqncywb422t,did:plc:4od47dvjgrd72dzdj5nahlzh,2026-09-05T04:28:42.920000+00:00,bluesky,true,true,false,true,relevant,relevant,irrelevant,llm_v2b>llm_v2c>llm_v2d,llm_v2b@2026-09-22T06:02:28.700376+00:00,9da653163799d56c+ca3b837dd0b3e85c,user,Qwen/Qwen3-4B-Instruct-2507,derived_validated,
51367,at://did:plc:4xqt7t2zph634drigtdxdmro/app.bsky.feed.post/3muqkadz3ek2m,did:plc:4xqt7t2zph634drigtdxdmro,2026-09-05T03:33:32.658000+00:00,bluesky,true,true,false,true,relevant,relevant,irrelevant,llm_v2b>llm_v2c>llm_v2d,llm_v2b@2026-09-22T06:02:28.700376+00:00,9da653163799d56c+ca3b837dd0b3e85c,user,Qwen/Qwen3-4B-Instruct-2507,derived_validated,
51389,at://did:plc:k4ighpg26qdwt5mtatdv5jpc/app.bsky.feed.post/3muqgj6eqbs2f,did:plc:k4ighpg26qdwt5mtatdv5jpc,2026-09-05T02:26:53.768000+00:00,bluesky,true,true,false,true,relevant,relevant,irrelevant,llm_v2b>llm_v2c>llm_v2d,llm_v2b@2026-09-22T06:02:28.700376+00:00,9da653163799d56c+ca3b837dd0b3e85c,user,Qwen/Qwen3-4B-Instruct-2507,derived_validated,
51442,at://did:plc:p4jcvrm2nl7zxf2aqyc5oxep/app.bsky.feed.post/3murswbz2jt2z,did:plc:p4jcvrm2nl7zxf2aqyc5oxep,2026-09-05T15:41:37.994000+00:00,bluesky,true,true,false,true,relevant,relevant,irrelevant,llm_v2b>llm_v2c>llm_v2d,llm_v2b@2026-09-22T06:02:28.700376+00:00,9da653163799d56c+ca3b837dd0b3e85c,user,Qwen/Qwen3-4B-Instruct-2507,derived_validated,
51638,at://did:plc:pcievrygrnjjg5ni7mjfgctb/app.bsky.feed.post/3murd2mnk2225,did:plc:pcievrygrnjjg5ni7mjfgctb,2026-09-05T10:57:43.883000+00:00,bluesky,true,true,true,true,relevant,relevant,relevant,llm_v2b>llm_v2c>llm_v2d,llm_v2b@2026-09-22T06:02:28.700376+00:00,9da653163799d56c+ca3b837dd0b3e85c,user,Qwen/Qwen3-4B-Instruct-2507,derived_validated,
51653,at://did:plc:54sd6bipe7inusth2cgvlcc4/app.bsky.feed.post/3muqaqajzy22u,did:plc:54sd6bipe7inusth2cgvlcc4,2026-09-05T00:43:28.472000+00:00,bluesky,true,true,false,true,relevant,relevant,irrelevant,llm_v2b>llm_v2c>llm_v2d,llm_v2b@2026-09-22T06:02:28.700376+00:00,9da653163799d56c+ca3b837dd0b3e85c,user,Qwen/Qwen3-4B-Instruct-2507,derived_validated,
51655,at://did:plc:rpntauecbvdxrh5ehdlwfauy/app.bsky.feed.post/3muq77tjqhb2q,did:plc:rpntauecbvdxrh5ehdlwfauy,2026-09-05T00:16:24.025532+00:00,bluesky,true,true,true,true,relevant,relevant,relevant,llm_v2b>llm_v2c>llm_v2d,llm_v2b@2026-09-22T06:02:28.700376+00:00,9da653163799d56c+ca3b837dd0b3e85c,user,Qwen/Qwen3-4B-Instruct-2507,derived_validated,
51656,at://did:plc:lk33cvnzprvg27z3ao27rfgd/app.bsky.feed.post/3muq6e5mkqo2r,did:plc:lk33cvnzprvg27z3ao27rfgd,2026-09-05T00:00:55.174785+00:00,bluesky,true,true,false,true,relevant,relevant,irrelevant,llm_v2b>llm_v2c>llm_v2d,llm_v2b@2026-09-22T06:02:28.700376+00:00,9da653163799d56c+ca3b837dd0b3e85c,user,Qwen/Qwen3-4B-Instruct-2507,derived_validated,
51657,at://did:plc:eclio37ymobqex2ncko63h4r/app.bsky.feed.post/3muq6cnpbe42c,did:plc:eclio37ymobqex2ncko63h4r,2026-09-05T00:00:05.017125+00:00,bluesky,true,true,false,true,relevant,relevant,irrelevant,llm_v2b>llm_v2c>llm_v2d,llm_v2b@2026-09-22T06:02:28.700376+00:00,9da653163799d56c+ca3b837dd0b3e85c,user,Qwen/Qwen3-4B-Instruct-2507,derived_validated,
51680,at://did:plc:jkh2hpmhw5y4ab2yxufqqmka/app.bsky.feed.post/3musf4bf43d25,did:plc:jkh2hpmhw5y4ab2yxufqqmka,2026-09-05T21:07:06.100000+00:00,bluesky,true,true,false,true,relevant,relevant,irrelevant,llm_v2b>llm_v2c>llm_v2d,llm_v2b@2026-09-22T06:02:28.700376+00:00,9da653163799d56c+ca3b837dd0b3e85c,user,Qwen/Qwen3-4B-Instruct-2507,derived_validated,
51684,at://did:plc:nnkakrka4ra5bagmtsqhnlyj/app.bsky.feed.post/3museqkvw5o2j,did:plc:nnkakrka4ra5bagmtsqhnlyj,2026-09-05T21:00:33.176874+00:00,bluesky,true,true,false,true,relevant,relevant,irrelevant,llm_v2b>llm_v2c>llm_v2d,llm_v2b@2026-09-22T06:02:28.700376+00:00,9da653163799d56c+ca3b837dd0b3e85c,user,Qwen/Qwen3-4B-Instruct-2507,derived_validated,
51869,at://did:plc:lg2azuclvmerb44dad4vdm65/app.bsky.feed.post/3muqxtpf7442b,did:plc:lg2azuclvmerb44dad4vdm65,2026-09-05T07:37:00.579000+00:00,bluesky,true,true,false,true,relevant,relevant,irrelevant,llm_v2b>llm_v2c>llm_v2d,llm_v2b@2026-09-22T06:02:28.700376+00:00,9da653163799d56c+ca3b837dd0b3e85c,user,Qwen/Qwen3-4B-Instruct-2507,derived_validated,
51902,at://did:plc:hufjjwwkxxsf5ztkce2ircwo/app.bsky.feed.post/3muqsfhb43224,did:plc:hufjjwwkxxsf5ztkce2ircwo,2026-09-05T05:59:33.393000+00:00,bluesky,true,true,false,true,relevant,relevant,irrelevant,llm_v2b>llm_v2c>llm_v2d,llm_v2b@2026-09-22T06:02:28.700376+00:00,9da653163799d56c+ca3b837dd0b3e85c,user,Qwen/Qwen3-4B-Instruct-2507,derived_validated,
51962,at://did:plc:l6tkn5g26rjuotikbaqhxp6g/app.bsky.feed.post/3muqg4pcook2b,did:plc:l6tkn5g26rjuotikbaqhxp6g,2026-09-05T02:19:55.323000+00:00,bluesky,true,true,false,true,relevant,relevant,irrelevant,llm_v2b>llm_v2c>llm_v2d,llm_v2b@2026-09-22T06:02:28.700376+00:00,9da653163799d56c+ca3b837dd0b3e85c,user,Qwen/Qwen3-4B-Instruct-2507,derived_validated,
52019,at://did:plc:6wkdzithaumwncokrsqc67cq/app.bsky.feed.post/3murxscrkuc2w,did:plc:6wkdzithaumwncokrsqc67cq,2026-09-05T17:08:53.723000+00:00,bluesky,true,true,false,true,relevant,relevant,irrelevant,llm_v2b>llm_v2c>llm_v2d,llm_v2b@2026-09-22T06:02:28.700376+00:00,9da653163799d56c+ca3b837dd0b3e85c,user,Qwen/Qwen3-4B-Instruct-2507,derived_validated,
52084,at://did:plc:nofbc4kccyqdftphmyaimcqa/app.bsky.feed.post/3murqmarvzg2s,did:plc:nofbc4kccyqdftphmyaimcqa,2026-09-05T15:00:14.078073+00:00,bluesky,true,true,false,true,relevant,relevant,irrelevant,llm_v2b>llm_v2c>llm_v2d,llm_v2b@2026-09-22T06:02:28.700376+00:00,9da653163799d56c+ca3b837dd0b3e85c,user,Qwen/Qwen3-4B-Instruct-2507,derived_validated,
52096,at://did:plc:it4qr4jzsi573mqbp56v2zq6/app.bsky.feed.post/3musefdqsrc2q,did:plc:it4qr4jzsi573mqbp56v2zq6,2026-09-05T20:54:17.185000+00:00,bluesky,true,true,false,true,relevant,relevant,irrelevant,llm_v2b>llm_v2c>llm_v2d,llm_v2b@2026-09-22T06:02:28.700376+00:00,9da653163799d56c+ca3b837dd0b3e85c,user,Qwen/Qwen3-4B-Instruct-2507,derived_validated,
52109,at://did:plc:dyil7kkufljvaycwoorakwr2/app.bsky.feed.post/3murmmo2ajc2l,did:plc:dyil7kkufljvaycwoorakwr2,2026-09-05T13:48:53.056000+00:00,bluesky,true,true,false,true,relevant,relevant,irrelevant,llm_v2b>llm_v2c>llm_v2d,llm_v2b@2026-09-22T06:02:28.700376+00:00,9da653163799d56c+ca3b837dd0b3e85c,user,Qwen/Qwen3-4B-Instruct-2507,derived_validated,
52112,at://did:plc:shu6qc36zxfmcmyn5l4po5dg/app.bsky.feed.post/3murjum24rk2x,did:plc:shu6qc36zxfmcmyn5l4po5dg,2026-09-05T12:59:38.166000+00:00,bluesky,true,true,false,true,relevant,relevant,irrelevant,llm_v2b>llm_v2c>llm_v2d,llm_v2b@2026-09-22T06:02:28.700376+00:00,9da653163799d56c+ca3b837dd0b3e85c,user,Qwen/Qwen3-4B-Instruct-2507,derived_validated,
52113,at://did:plc:vsorpszbsdacofpk73qvf3ds/app.bsky.feed.post/3murjsh5vmk2x,did:plc:vsorpszbsdacofpk73qvf3ds,2026-09-05T12:58:25.939000+00:00,bluesky,true,true,true,true,relevant,relevant,relevant,llm_v2b>llm_v2c>llm_v2d,llm_v2b@2026-09-22T06:02:28.700376+00:00,9da653163799d56c+ca3b837dd0b3e85c,user,Qwen/Qwen3-4B-Instruct-2507,derived_validated,
52119,at://did:plc:27tzcle2yqcf436tmoresvhc/app.bsky.feed.post/3murd54frw22y,did:plc:27tzcle2yqcf436tmoresvhc,2026-09-05T10:59:07.561000+00:00,bluesky,true,true,false,true,relevant,relevant,irrelevant,llm_v2b>llm_v2c>llm_v2d,llm_v2b@2026-09-22T06:02:28.700376+00:00,9da653163799d56c+ca3b837dd0b3e85c,user,Qwen/Qwen3-4B-Instruct-2507,derived_validated,
52154,at://did:plc:2trov5yqgladnr3pt3w3ffo3/app.bsky.feed.post/3musbeffxkv2y,did:plc:2trov5yqgladnr3pt3w3ffo3,2026-09-05T20:00:02+00:00,bluesky,true,true,false,true,relevant,relevant,irrelevant,llm_v2b>llm_v2c>llm_v2d,llm_v2b@2026-09-22T06:02:28.700376+00:00,9da653163799d56c+ca3b837dd0b3e85c,user,Qwen/Qwen3-4B-Instruct-2507,derived_validated,
52189,at://did:plc:abt5tpb7lqr7vopkrkwfswwq/app.bsky.feed.post/3muqqswlue62f,did:plc:abt5tpb7lqr7vopkrkwfswwq,2026-09-05T05:31:18.425487+00:00,bluesky,true,true,true,true,relevant,relevant,relevant,llm_v2b>llm_v2c>llm_v2d,llm_v2b@2026-09-22T06:02:28.700376+00:00,9da653163799d56c+ca3b837dd0b3e85c,user,Qwen/Qwen3-4B-Instruct-2507,derived_validated,
52268,at://did:plc:sj7x2xctlsf6pilv4chfnz3t/app.bsky.feed.post/3muughplkm72f,did:plc:sj7x2xctlsf6pilv4chfnz3t,2026-09-06T16:36:42.700000+00:00,bluesky,true,true,false,true,relevant,relevant,irrelevant,llm_v2b>llm_v2c>llm_v2d,llm_v2b@2026-09-22T06:02:28.700376+00:00,9da653163799d56c+ca3b837dd0b3e85c,user,Qwen/Qwen3-4B-Instruct-2507,derived_validated,
52322,at://did:plc:it4u4auilfzs3h6uqbmugfcn/app.bsky.feed.post/3mutk6c6wqv2t,did:plc:it4u4auilfzs3h6uqbmugfcn,2026-09-06T08:10:22.849972+00:00,bluesky,true,true,false,true,relevant,relevant,irrelevant,llm_v2b>llm_v2c>llm_v2d,llm_v2b@2026-09-22T06:02:28.700376+00:00,9da653163799d56c+ca3b837dd0b3e85c,user,Qwen/Qwen3-4B-Instruct-2507,derived_validated,
52329,at://did:plc:htq67rgxhu7vofbayockoace/app.bsky.feed.post/3mutdak4a5s2f,did:plc:htq67rgxhu7vofbayockoace,2026-09-06T06:06:22.075000+00:00,bluesky,true,true,false,true,relevant,relevant,irrelevant,llm_v2b>llm_v2c>llm_v2d,llm_v2b@2026-09-22T06:02:28.700376+00:00,9da653163799d56c+ca3b837dd0b3e85c,user,Qwen/Qwen3-4B-Instruct-2507,derived_validated,
52417,at://did:plc:pi53psv5yhxpqnwtttu2xtmd/app.bsky.feed.post/3mutz2ojrnf2q,did:plc:pi53psv5yhxpqnwtttu2xtmd,2026-09-06T12:36:47.024000+00:00,bluesky,true,true,false,true,relevant,relevant,irrelevant,llm_v2b>llm_v2c>llm_v2d,llm_v2b@2026-09-22T06:02:28.700376+00:00,9da653163799d56c+ca3b837dd0b3e85c,user,Qwen/Qwen3-4B-Instruct-2507,derived_validated,
52427,at://did:plc:kb6dcn6pxfjmtyn6wcxfo2bs/app.bsky.feed.post/3mutuo6nzsx2d,did:plc:kb6dcn6pxfjmtyn6wcxfo2bs,2026-09-06T11:18:12.699000+00:00,bluesky,true,true,false,true,relevant,relevant,irrelevant,llm_v2b>llm_v2c>llm_v2d,llm_v2b@2026-09-22T06:02:28.700376+00:00,9da653163799d56c+ca3b837dd0b3e85c,user,Qwen/Qwen3-4B-Instruct-2507,derived_validated,
52450,at://did:plc:qpc5545tocmhwad6m55guaqj/app.bsky.feed.post/3mutgbawlcv2c,did:plc:qpc5545tocmhwad6m55guaqj,2026-09-06T07:00:26.870000+00:00,bluesky,true,true,false,true,relevant,relevant,irrelevant,llm_v2b>llm_v2c>llm_v2d,llm_v2b@2026-09-22T06:02:28.700376+00:00,9da653163799d56c+ca3b837dd0b3e85c,user,Qwen/Qwen3-4B-Instruct-2507,derived_validated,
52467,at://did:plc:x3eatm7ewml3k5jznej4lvsm/app.bsky.feed.post/3musovb7e6c2z,did:plc:x3eatm7ewml3k5jznej4lvsm,2026-09-06T00:02:08.806000+00:00,bluesky,true,true,false,true,relevant,relevant,irrelevant,llm_v2b>llm_v2c>llm_v2d,llm_v2b@2026-09-22T06:02:28.700376+00:00,9da653163799d56c+ca3b837dd0b3e85c,user,Qwen/Qwen3-4B-Instruct-2507,derived_validated,
52468,at://did:plc:oflwomhctngb76a6xfobdfkd/app.bsky.feed.post/3muv6tpwuyc23,did:plc:oflwomhctngb76a6xfobdfkd,2026-09-06T23:52:56.490000+00:00,bluesky,false,false,true,true,irrelevant,irrelevant,relevant,llm_v2b>llm_v2c>llm_v2d,,,,,deterministic_rules,
52474,at://did:plc:luqklzbsnbqr37mcgvnesvi7/app.bsky.feed.post/3muv2z3gvn62a,did:plc:luqklzbsnbqr37mcgvnesvi7,2026-09-06T22:45:23.033000+00:00,bluesky,true,true,false,true,relevant,relevant,irrelevant,llm_v2b>llm_v2c>llm_v2d,llm_v2b@2026-09-22T06:02:28.700376+00:00,9da653163799d56c+ca3b837dd0b3e85c,user,Qwen/Qwen3-4B-Instruct-2507,derived_validated,
52491,at://did:plc:ypklh2smar25ncblguu7ifb6/app.bsky.feed.post/3muus5sbkzc26,did:plc:ypklh2smar25ncblguu7ifb6,2026-09-06T20:05:55.841000+00:00,bluesky,true,true,false,true,relevant,relevant,irrelevant,llm_v2b>llm_v2c>llm_v2d,llm_v2b@2026-09-22T06:02:28.700376+00:00,9da653163799d56c+ca3b837dd0b3e85c,user,Qwen/Qwen3-4B-Instruct-2507,derived_validated,
52498,at://did:plc:ahw4nmhzmugyfsfjc2k43iia/app.bsky.feed.post/3muupuegqnc2s,did:plc:ahw4nmhzmugyfsfjc2k43iia,2026-09-06T19:24:51.834000+00:00,bluesky,true,true,true,true,relevant,relevant,relevant,llm_v2b>llm_v2c>llm_v2d,llm_v2b@2026-09-22T06:02:28.700376+00:00,9da653163799d56c+ca3b837dd0b3e85c,user,Qwen/Qwen3-4B-Instruct-2507,derived_validated,
52500,at://did:plc:2h5oj7dfciesiknuazc3s3mo/app.bsky.feed.post/3muuoirzm4m27,did:plc:2h5oj7dfciesiknuazc3s3mo,2026-09-06T19:00:29+00:00,bluesky,false,false,true,true,irrelevant,irrelevant,relevant,llm_v2b>llm_v2c>llm_v2d,,,,,deterministic_rules,
52501,at://did:plc:2xzrblh6vkyu4fikq62wiqea/app.bsky.feed.post/3muuocc3nvs22,did:plc:2xzrblh6vkyu4fikq62wiqea,2026-09-06T18:56:51.672000+00:00,bluesky,true,true,true,true,relevant,relevant,relevant,llm_v2b>llm_v2c>llm_v2d,llm_v2b@2026-09-22T06:02:28.700376+00:00,9da653163799d56c+ca3b837dd0b3e85c,user,Qwen/Qwen3-4B-Instruct-2507,derived_validated,
52512,at://did:plc:wq6l5odwz5g3z7wnepfzxypn/app.bsky.feed.post/3muuj7tb7bk2y,did:plc:wq6l5odwz5g3z7wnepfzxypn,2026-09-06T17:26:00.308000+00:00,bluesky,true,true,false,true,relevant,relevant,irrelevant,llm_v2b>llm_v2c>llm_v2d,llm_v2b@2026-09-22T06:02:28.700376+00:00,9da653163799d56c+ca3b837dd0b3e85c,user,Qwen/Qwen3-4B-Instruct-2507,derived_validated,
52524,at://did:plc:ve2q6aggqrnffnlc6ne2xklx/app.bsky.feed.post/3muudrm2eps2m,did:plc:ve2q6aggqrnffnlc6ne2xklx,2026-09-06T15:48:34.276000+00:00,bluesky,true,true,true,true,relevant,relevant,relevant,llm_v2b>llm_v2c>llm_v2d,llm_v2b@2026-09-22T06:02:28.700376+00:00,9da653163799d56c+ca3b837dd0b3e85c,user,Qwen/Qwen3-4B-Instruct-2507,derived_validated,
52541,at://did:plc:6g3icoh2wgylknoheiv6gcbv/app.bsky.feed.post/3muu27eezds2a,did:plc:6g3icoh2wgylknoheiv6gcbv,2026-09-06T12:57:18.577000+00:00,bluesky,true,true,false,true,relevant,relevant,irrelevant,llm_v2b>llm_v2c>llm_v2d,llm_v2b@2026-09-22T06:02:28.700376+00:00,9da653163799d56c+ca3b837dd0b3e85c,user,Qwen/Qwen3-4B-Instruct-2507,derived_validated,
52567,at://did:plc:qnm2pjpb5sn3pglgzrvywizh/app.bsky.feed.post/3mut5ty2rws27,did:plc:qnm2pjpb5sn3pglgzrvywizh,2026-09-06T04:29:51.792000+00:00,bluesky,true,true,false,true,relevant,relevant,irrelevant,llm_v2b>llm_v2c>llm_v2d,llm_v2b@2026-09-22T06:02:28.700376+00:00,9da653163799d56c+ca3b837dd0b3e85c,user,Qwen/Qwen3-4B-Instruct-2507,derived_validated,
52575,at://did:plc:a2da5ecx3bhvfbpzix6zhyfp/app.bsky.feed.post/3musrxot74c2l,did:plc:a2da5ecx3bhvfbpzix6zhyfp,2026-09-06T00:57:11.422000+00:00,bluesky,true,true,true,true,relevant,relevant,relevant,llm_v2b>llm_v2c>llm_v2d,llm_v2b@2026-09-22T06:02:28.700376+00:00,9da653163799d56c+ca3b837dd0b3e85c,user,Qwen/Qwen3-4B-Instruct-2507,derived_validated,
52585,at://did:plc:gm5gx3sogdsva4eub3oju5n6/app.bsky.feed.post/3muuyl3hqsy22,did:plc:gm5gx3sogdsva4eub3oju5n6,2026-09-06T22:00:44.126000+00:00,bluesky,true,true,false,true,relevant,relevant,irrelevant,llm_v2b>llm_v2c>llm_v2d,llm_v2b@2026-09-22T06:02:28.700376+00:00,9da653163799d56c+ca3b837dd0b3e85c,user,Qwen/Qwen3-4B-Instruct-2507,derived_validated,
52662,at://did:plc:hndcdrwiutjos7sevy2g2fcq/app.bsky.feed.post/3muuwmdkqtc2h,did:plc:hndcdrwiutjos7sevy2g2fcq,2026-09-06T21:25:38.685000+00:00,bluesky,true,true,false,true,relevant,relevant,irrelevant,llm_v2b>llm_v2c>llm_v2d,llm_v2b@2026-09-22T06:02:28.700376+00:00,9da653163799d56c+ca3b837dd0b3e85c,user,Qwen/Qwen3-4B-Instruct-2507,derived_validated,
52665,at://did:plc:6rt2qgyrdbeq3e3mbixfohhw/app.bsky.feed.post/3muuvwoupe22r,did:plc:6rt2qgyrdbeq3e3mbixfohhw,2026-09-06T21:13:32.361000+00:00,bluesky,false,false,true,true,irrelevant,irrelevant,relevant,llm_v2b>llm_v2c>llm_v2d,,,,,deterministic_rules,
52758,at://did:plc:xwlikwk3gxk36eutedptjpne/app.bsky.feed.post/3muulhh3c2x2g,did:plc:xwlikwk3gxk36eutedptjpne,2026-09-06T18:06:02.987917+00:00,bluesky,true,true,false,true,relevant,relevant,irrelevant,llm_v2b>llm_v2c>llm_v2d,llm_v2b@2026-09-22T06:02:28.700376+00:00,9da653163799d56c+ca3b837dd0b3e85c,user,Qwen/Qwen3-4B-Instruct-2507,derived_validated,
52892,at://did:plc:5kubaprelrb7ryzpyq6bri6b/app.bsky.feed.post/3mutxb4qmnk27,did:plc:5kubaprelrb7ryzpyq6bri6b,2026-09-06T12:04:36.455000+00:00,bluesky,true,true,false,true,relevant,relevant,irrelevant,llm_v2b>llm_v2c>llm_v2d,llm_v2b@2026-09-22T06:02:28.700376+00:00,9da653163799d56c+ca3b837dd0b3e85c,user,Qwen/Qwen3-4B-Instruct-2507,derived_validated,
52976,at://did:plc:c4l6c3v5kvm7i32xiiqtszro/app.bsky.feed.post/3muth7egtt22e,did:plc:c4l6c3v5kvm7i32xiiqtszro,2026-09-06T07:17:17.343000+00:00,bluesky,true,true,false,true,relevant,relevant,irrelevant,llm_v2b>llm_v2c>llm_v2d,llm_v2b@2026-09-22T06:02:28.700376+00:00,9da653163799d56c+ca3b837dd0b3e85c,user,Qwen/Qwen3-4B-Instruct-2507,derived_validated,
52979,at://did:plc:yk3m7errkp4golum2bkyimgp/app.bsky.feed.post/3mutgl3tth22z,did:plc:yk3m7errkp4golum2bkyimgp,2026-09-06T07:05:57.444000+00:00,bluesky,true,true,true,true,relevant,relevant,relevant,llm_v2b>llm_v2c>llm_v2d,llm_v2b@2026-09-22T06:02:28.700376+00:00,9da653163799d56c+ca3b837dd0b3e85c,user,Qwen/Qwen3-4B-Instruct-2507,derived_validated,
53042,at://did:plc:cwvrriieok3a225id6i32jzk/app.bsky.feed.post/3musuob3dds2z,did:plc:cwvrriieok3a225id6i32jzk,2026-09-06T01:45:36.237000+00:00,bluesky,true,true,false,true,relevant,relevant,irrelevant,llm_v2b>llm_v2c>llm_v2d,llm_v2b@2026-09-22T06:02:28.700376+00:00,9da653163799d56c+ca3b837dd0b3e85c,user,Qwen/Qwen3-4B-Instruct-2507,derived_validated,
53064,at://did:plc:wcgbb35w2zjdq4gg42qjqqn3/app.bsky.feed.post/3musp2dfp2u2h,did:plc:wcgbb35w2zjdq4gg42qjqqn3,2026-09-06T00:04:55.873000+00:00,bluesky,false,false,true,true,irrelevant,irrelevant,relevant,llm_v2b>llm_v2c>llm_v2d,,,,,deterministic_rules,
53143,at://did:plc:uauvgtaseetghf5czwruktdj/app.bsky.feed.post/3muuujrstus2k,did:plc:uauvgtaseetghf5czwruktdj,2026-09-06T20:48:25+00:00,bluesky,true,true,false,true,relevant,relevant,irrelevant,llm_v2b>llm_v2c>llm_v2d,llm_v2b@2026-09-22T06:02:28.700376+00:00,9da653163799d56c+ca3b837dd0b3e85c,user,Qwen/Qwen3-4B-Instruct-2507,derived_validated,
53357,at://did:plc:twerjlabpqmvieyx3roydios/app.bsky.feed.post/3mutlmgnmu3e2,did:plc:twerjlabpqmvieyx3roydios,2026-09-06T08:36:04+00:00,bluesky,true,true,false,true,relevant,relevant,irrelevant,llm_v2b>llm_v2c>llm_v2d,llm_v2b@2026-09-22T06:02:28.700376+00:00,9da653163799d56c+ca3b837dd0b3e85c,user,Qwen/Qwen3-4B-Instruct-2507,derived_validated,
53456,at://did:plc:4xqt7t2zph634drigtdxdmro/app.bsky.feed.post/3muv5q26jvk2j,did:plc:4xqt7t2zph634drigtdxdmro,2026-09-06T23:32:59.269000+00:00,bluesky,true,true,true,true,relevant,relevant,relevant,llm_v2b>llm_v2c>llm_v2d,llm_v2b@2026-09-22T06:02:28.700376+00:00,9da653163799d56c+ca3b837dd0b3e85c,user,Qwen/Qwen3-4B-Instruct-2507,derived_validated,
53501,at://did:plc:lszkt6ho7ylo3gd4ul36g2ji/app.bsky.feed.post/3muusjg2be22q,did:plc:lszkt6ho7ylo3gd4ul36g2ji,2026-09-06T20:12:25.673000+00:00,bluesky,false,false,true,true,irrelevant,irrelevant,relevant,llm_v2b>llm_v2c>llm_v2d,,,,,deterministic_rules,
53761,at://did:plc:gzbfstetnmajkcyjffsngduk/app.bsky.feed.post/3muur7bihi22t,did:plc:gzbfstetnmajkcyjffsngduk,2026-09-06T19:48:51.608000+00:00,bluesky,false,false,true,true,irrelevant,irrelevant,relevant,llm_v2b>llm_v2c>llm_v2d,,,,,deterministic_rules,
53768,at://did:plc:gozgxesrqqci3i2uaafgiqp3/app.bsky.feed.post/3muuluvkbgs2f,did:plc:gozgxesrqqci3i2uaafgiqp3,2026-09-06T18:13:34.832000+00:00,bluesky,true,true,true,true,relevant,relevant,relevant,llm_v2b>llm_v2c>llm_v2d,llm_v2b@2026-09-22T06:02:28.700376+00:00,9da653163799d56c+ca3b837dd0b3e85c,user,Qwen/Qwen3-4B-Instruct-2507,derived_validated,
53769,at://did:plc:trie7kol7zwsa27za74kikhg/app.bsky.feed.post/3muulmuqios27,did:plc:trie7kol7zwsa27za74kikhg,2026-09-06T18:09:05.547000+00:00,bluesky,false,false,true,true,irrelevant,irrelevant,relevant,llm_v2b>llm_v2c>llm_v2d,,,,,deterministic_rules,
53773,at://did:plc:u3baqweeblnsa3pqzqyp573i/app.bsky.feed.post/3muuizxcqf22v,did:plc:u3baqweeblnsa3pqzqyp573i,2026-09-06T17:22:43.226000+00:00,bluesky,true,true,true,true,relevant,relevant,relevant,llm_v2b>llm_v2c>llm_v2d,llm_v2b@2026-09-22T06:02:28.700376+00:00,9da653163799d56c+ca3b837dd0b3e85c,user,Qwen/Qwen3-4B-Instruct-2507,derived_validated,
53775,at://did:plc:q63yx7zppw72k5mvhmkbc6hv/app.bsky.feed.post/3muuiwzevuc23,did:plc:q63yx7zppw72k5mvhmkbc6hv,2026-09-06T17:21:04.729000+00:00,bluesky,false,false,true,true,irrelevant,irrelevant,relevant,llm_v2b>llm_v2c>llm_v2d,,,,,deterministic_rules,
53777,at://did:plc:lkjf2tfzsnzjhgejmnrn76pr/app.bsky.feed.post/3muuhfgegds2l,did:plc:lkjf2tfzsnzjhgejmnrn76pr,2026-09-06T16:53:20.627000+00:00,bluesky,true,true,true,true,relevant,relevant,relevant,llm_v2b>llm_v2c>llm_v2d,llm_v2b@2026-09-22T06:02:28.700376+00:00,9da653163799d56c+ca3b837dd0b3e85c,user,Qwen/Qwen3-4B-Instruct-2507,derived_validated,
53782,at://did:plc:q6x6qsiuu4yax77igfiix7ng/app.bsky.feed.post/3muufxyvjpk2p,did:plc:q6x6qsiuu4yax77igfiix7ng,2026-09-06T16:27:56.559000+00:00,bluesky,false,false,true,true,irrelevant,irrelevant,relevant,llm_v2b>llm_v2c>llm_v2d,,,,,deterministic_rules,
53783,at://did:plc:pu6cyv2ba2zab7mukd3j2biy/app.bsky.feed.post/3muufwpau7c2z,did:plc:pu6cyv2ba2zab7mukd3j2biy,2026-09-06T16:27:12.877000+00:00,bluesky,false,false,true,true,irrelevant,irrelevant,relevant,llm_v2b>llm_v2c>llm_v2d,,,,,deterministic_rules,
53790,at://did:plc:k4phynj5dbqu5djrmntcj6zc/app.bsky.feed.post/3muuda4rw722a,did:plc:k4phynj5dbqu5djrmntcj6zc,2026-09-06T15:38:47.844000+00:00,bluesky,true,true,true,true,relevant,relevant,relevant,llm_v2b>llm_v2c>llm_v2d,llm_v2b@2026-09-22T06:02:28.700376+00:00,9da653163799d56c+ca3b837dd0b3e85c,user,Qwen/Qwen3-4B-Instruct-2507,derived_validated,
53987,at://did:plc:6reyign6btb3j5vmbk7fupjr/app.bsky.feed.post/3mut7cqbg5k2z,did:plc:6reyign6btb3j5vmbk7fupjr,2026-09-06T04:56:00.661000+00:00,bluesky,false,false,true,true,irrelevant,irrelevant,relevant,llm_v2b>llm_v2c>llm_v2d,,,,,deterministic_rules,
54012,at://did:plc:nnkakrka4ra5bagmtsqhnlyj/app.bsky.feed.post/3muuv7f7wpe2g,did:plc:nnkakrka4ra5bagmtsqhnlyj,2026-09-06T21:00:29.840080+00:00,bluesky,true,true,false,true,relevant,relevant,irrelevant,llm_v2b>llm_v2c>llm_v2d,llm_v2b@2026-09-22T06:02:28.700376+00:00,9da653163799d56c+ca3b837dd0b3e85c,user,Qwen/Qwen3-4B-Instruct-2507,derived_validated,
54138,at://did:plc:hufjjwwkxxsf5ztkce2ircwo/app.bsky.feed.post/3mutcpqibzs22,did:plc:hufjjwwkxxsf5ztkce2ircwo,2026-09-06T05:56:57.948000+00:00,bluesky,true,true,false,true,relevant,relevant,irrelevant,llm_v2b>llm_v2c>llm_v2d,llm_v2b@2026-09-22T06:02:28.700376+00:00,9da653163799d56c+ca3b837dd0b3e85c,user,Qwen/Qwen3-4B-Instruct-2507,derived_validated,
54304,at://did:plc:eeczhpwvvk2yywc3qhheu2og/app.bsky.feed.post/3muucwdjv2l2u,did:plc:eeczhpwvvk2yywc3qhheu2og,2026-09-06T15:33:19+00:00,bluesky,true,true,false,true,relevant,relevant,irrelevant,llm_v2b>llm_v2c>llm_v2d,llm_v2b@2026-09-22T06:02:28.700376+00:00,9da653163799d56c+ca3b837dd0b3e85c,user,Qwen/Qwen3-4B-Instruct-2507,derived_validated,
54317,at://did:plc:fpambcnvhstbckgv23fh7rem/app.bsky.feed.post/3mutgiyg76c2z,did:plc:fpambcnvhstbckgv23fh7rem,2026-09-06T07:04:37+00:00,bluesky,true,true,false,true,relevant,relevant,irrelevant,llm_v2b>llm_v2c>llm_v2d,llm_v2b@2026-09-22T06:02:28.700376+00:00,9da653163799d56c+ca3b837dd0b3e85c,user,Qwen/Qwen3-4B-Instruct-2507,derived_validated,
54420,at://did:plc:3oqwt4xjffdqgzclpqebmphu/app.bsky.feed.post/3muxcqje26c22,did:plc:3oqwt4xjffdqgzclpqebmphu,2026-09-07T20:08:03.358000+00:00,bluesky,true,true,false,true,relevant,relevant,irrelevant,llm_v2b>llm_v2c>llm_v2d,llm_v2b@2026-09-22T06:02:28.700376+00:00,9da653163799d56c+ca3b837dd0b3e85c,user,Qwen/Qwen3-4B-Instruct-2507,derived_validated,
54475,at://did:plc:v6isulpg2qoachtb3jgrbrco/app.bsky.feed.post/3muwyqd5vlk2t,did:plc:v6isulpg2qoachtb3jgrbrco,2026-09-07T17:08:59.453000+00:00,bluesky,true,true,false,true,relevant,relevant,irrelevant,llm_v2b>llm_v2c>llm_v2d,llm_v2b@2026-09-22T06:02:28.700376+00:00,9da653163799d56c+ca3b837dd0b3e85c,user,Qwen/Qwen3-4B-Instruct-2507,derived_validated,
54546,at://did:plc:7h7srlskyboefvfqmbgy2wax/app.bsky.feed.post/3muwrncxslp26,did:plc:7h7srlskyboefvfqmbgy2wax,2026-09-07T15:02:01+00:00,bluesky,true,true,true,true,relevant,relevant,relevant,llm_v2b>llm_v2c>llm_v2d,llm_v2b@2026-09-22T06:02:28.700376+00:00,9da653163799d56c+ca3b837dd0b3e85c,user,Qwen/Qwen3-4B-Instruct-2507,derived_validated,
54557,at://did:plc:u5d54hkw4ysuqtuvcj6cmsin/app.bsky.feed.post/3muwqylyy6324,did:plc:u5d54hkw4ysuqtuvcj6cmsin,2026-09-07T14:50:27.185845+00:00,bluesky,true,true,true,true,relevant,relevant,relevant,llm_v2b>llm_v2c>llm_v2d,llm_v2b@2026-09-22T06:02:28.700376+00:00,9da653163799d56c+ca3b837dd0b3e85c,user,Qwen/Qwen3-4B-Instruct-2507,derived_validated,
54578,at://did:plc:i5a2vsezf56iu2yjtmb7m2tb/app.bsky.feed.post/3muwoyicvnk25,did:plc:i5a2vsezf56iu2yjtmb7m2tb,2026-09-07T14:14:35.866000+00:00,bluesky,true,true,true,true,relevant,relevant,relevant,llm_v2b>llm_v2c>llm_v2d,llm_v2b@2026-09-22T06:02:28.700376+00:00,9da653163799d56c+ca3b837dd0b3e85c,user,Qwen/Qwen3-4B-Instruct-2507,derived_validated,
54603,at://did:plc:hh3brnksirhma2rymwtpnp5w/app.bsky.feed.post/3muwkvzpt3v2e,did:plc:hh3brnksirhma2rymwtpnp5w,2026-09-07T13:01:38.269008+00:00,bluesky,true,true,false,true,relevant,relevant,irrelevant,llm_v2b>llm_v2c>llm_v2d,llm_v2b@2026-09-22T06:02:28.700376+00:00,9da653163799d56c+ca3b837dd0b3e85c,user,Qwen/Qwen3-4B-Instruct-2507,derived_validated,
54613,at://did:plc:u5d54hkw4ysuqtuvcj6cmsin/app.bsky.feed.post/3muwkc4suwc2x,did:plc:u5d54hkw4ysuqtuvcj6cmsin,2026-09-07T12:50:30.608040+00:00,bluesky,true,true,true,true,relevant,relevant,relevant,llm_v2b>llm_v2c>llm_v2d,llm_v2b@2026-09-22T06:02:28.700376+00:00,9da653163799d56c+ca3b837dd0b3e85c,user,Qwen/Qwen3-4B-Instruct-2507,derived_validated,
54637,at://did:plc:yi4ltdqdx6v75dyqg7jmqw4l/app.bsky.feed.post/3muwcoilcfs2q,did:plc:yi4ltdqdx6v75dyqg7jmqw4l,2026-09-07T10:34:15.702000+00:00,bluesky,true,true,false,true,relevant,relevant,irrelevant,llm_v2b>llm_v2c>llm_v2d,llm_v2b@2026-09-22T06:02:28.700376+00:00,9da653163799d56c+ca3b837dd0b3e85c,user,Qwen/Qwen3-4B-Instruct-2507,derived_validated,
54652,at://did:plc:u6celkmubfsmbus5m3aqcrla/app.bsky.feed.post/3muw6bmvw2i24,did:plc:u6celkmubfsmbus5m3aqcrla,2026-09-07T09:15:28+00:00,bluesky,true,true,true,true,relevant,relevant,relevant,llm_v2b>llm_v2c>llm_v2d,llm_v2b@2026-09-22T06:02:28.700376+00:00,9da653163799d56c+ca3b837dd0b3e85c,user,Qwen/Qwen3-4B-Instruct-2507,derived_validated,
54676,at://did:plc:7h7srlskyboefvfqmbgy2wax/app.bsky.feed.post/3muvwqiqic22h,did:plc:7h7srlskyboefvfqmbgy2wax,2026-09-07T07:00:36+00:00,bluesky,true,true,true,true,relevant,relevant,relevant,llm_v2b>llm_v2c>llm_v2d,llm_v2b@2026-09-22T06:02:28.700376+00:00,9da653163799d56c+ca3b837dd0b3e85c,user,Qwen/Qwen3-4B-Instruct-2507,derived_validated,
54690,at://did:plc:5cjtlwhckfhm5oidxvvqxsrz/app.bsky.feed.post/3muvvrtco7v2l,did:plc:5cjtlwhckfhm5oidxvvqxsrz,2026-09-07T06:43:28.693218+00:00,bluesky,true,true,true,true,relevant,relevant,relevant,llm_v2b>llm_v2c>llm_v2d,llm_v2b@2026-09-22T06:02:28.700376+00:00,9da653163799d56c+ca3b837dd0b3e85c,user,Qwen/Qwen3-4B-Instruct-2507,derived_validated,
54696,at://did:plc:a3ul5q5rkrk4im4sesowx4b3/app.bsky.feed.post/3muvv7ixb6d2z,did:plc:a3ul5q5rkrk4im4sesowx4b3,2026-09-07T06:33:13+00:00,bluesky,true,true,false,true,relevant,relevant,irrelevant,llm_v2b>llm_v2c>llm_v2d,llm_v2b@2026-09-22T06:02:28.700376+00:00,9da653163799d56c+ca3b837dd0b3e85c,user,Qwen/Qwen3-4B-Instruct-2507,derived_validated,
54697,at://did:plc:2gm6hegtw22rdp2dwta5gnjb/app.bsky.feed.post/3muvv7d454s22,did:plc:2gm6hegtw22rdp2dwta5gnjb,2026-09-07T06:33:08.006000+00:00,bluesky,true,true,false,true,relevant,relevant,irrelevant,llm_v2b>llm_v2c>llm_v2d,llm_v2b@2026-09-22T06:02:28.700376+00:00,9da653163799d56c+ca3b837dd0b3e85c,user,Qwen/Qwen3-4B-Instruct-2507,derived_validated,
54700,at://did:plc:i5a2vsezf56iu2yjtmb7m2tb/app.bsky.feed.post/3muvuwany222t,did:plc:i5a2vsezf56iu2yjtmb7m2tb,2026-09-07T06:28:03.456000+00:00,bluesky,true,true,true,true,relevant,relevant,relevant,llm_v2b>llm_v2c>llm_v2d,llm_v2b@2026-09-22T06:02:28.700376+00:00,9da653163799d56c+ca3b837dd0b3e85c,user,Qwen/Qwen3-4B-Instruct-2507,derived_validated,
54716,at://did:plc:hh3brnksirhma2rymwtpnp5w/app.bsky.feed.post/3muvpofimvf2g,did:plc:hh3brnksirhma2rymwtpnp5w,2026-09-07T04:54:11.126749+00:00,bluesky,true,true,false,true,relevant,relevant,irrelevant,llm_v2b>llm_v2c>llm_v2d,llm_v2b@2026-09-22T06:02:28.700376+00:00,9da653163799d56c+ca3b837dd0b3e85c,user,Qwen/Qwen3-4B-Instruct-2507,derived_validated,
54734,at://did:plc:rbabliwvqexlbfwmfqqhcuvj/app.bsky.feed.post/3muxla5zs272r,did:plc:rbabliwvqexlbfwmfqqhcuvj,2026-09-07T22:39:58.221115+00:00,bluesky,true,true,false,true,relevant,relevant,irrelevant,llm_v2b>llm_v2c>llm_v2d,llm_v2b@2026-09-22T06:02:28.700376+00:00,9da653163799d56c+ca3b837dd0b3e85c,user,Qwen/Qwen3-4B-Instruct-2507,derived_validated,
54735,at://did:plc:b22sdircgt2kx7z5w32mqeyx/app.bsky.feed.post/3muxkpumcdk27,did:plc:b22sdircgt2kx7z5w32mqeyx,2026-09-07T22:30:51.548000+00:00,bluesky,true,true,false,true,relevant,relevant,irrelevant,llm_v2b>llm_v2c>llm_v2d,llm_v2b@2026-09-22T06:02:28.700376+00:00,9da653163799d56c+ca3b837dd0b3e85c,user,Qwen/Qwen3-4B-Instruct-2507,derived_validated,
54768,at://did:plc:n36vdd6uswnufjzpodvpnbio/app.bsky.feed.post/3mux3au44ize2,did:plc:n36vdd6uswnufjzpodvpnbio,2026-09-07T17:53:54+00:00,bluesky,true,true,false,true,relevant,relevant,irrelevant,llm_v2b>llm_v2c>llm_v2d,llm_v2b@2026-09-22T06:02:28.700376+00:00,9da653163799d56c+ca3b837dd0b3e85c,user,Qwen/Qwen3-4B-Instruct-2507,derived_validated,
54780,at://did:plc:ytxo4pxzhpwcknzwmojjgoul/app.bsky.feed.post/3muwxr57vcv25,did:plc:ytxo4pxzhpwcknzwmojjgoul,2026-09-07T16:51:32.971305+00:00,bluesky,true,true,false,true,relevant,relevant,irrelevant,llm_v2b>llm_v2c>llm_v2d,llm_v2b@2026-09-22T06:02:28.700376+00:00,9da653163799d56c+ca3b837dd0b3e85c,user,Qwen/Qwen3-4B-Instruct-2507,derived_validated,
54800,at://did:plc:26ca4srtxiqsv2ros5c635sp/app.bsky.feed.post/3muwrmrvxkj2j,did:plc:26ca4srtxiqsv2ros5c635sp,2026-09-07T15:01:44.469000+00:00,bluesky,true,true,false,true,relevant,relevant,irrelevant,llm_v2b>llm_v2c>llm_v2d,llm_v2b@2026-09-22T06:02:28.700376+00:00,9da653163799d56c+ca3b837dd0b3e85c,user,Qwen/Qwen3-4B-Instruct-2507,derived_validated,
54810,at://did:plc:kb6dcn6pxfjmtyn6wcxfo2bs/app.bsky.feed.post/3muwp35mdj62u,did:plc:kb6dcn6pxfjmtyn6wcxfo2bs,2026-09-07T14:16:04.787000+00:00,bluesky,true,true,false,true,relevant,relevant,irrelevant,llm_v2b>llm_v2c>llm_v2d,llm_v2b@2026-09-22T06:02:28.700376+00:00,9da653163799d56c+ca3b837dd0b3e85c,user,Qwen/Qwen3-4B-Instruct-2507,derived_validated,
54830,at://did:plc:c2vjqcdwre64z7qceaswqgae/app.bsky.feed.post/3muwic7jwus2q,did:plc:c2vjqcdwre64z7qceaswqgae,2026-09-07T12:14:46.019000+00:00,bluesky,true,true,false,true,relevant,relevant,irrelevant,llm_v2b>llm_v2c>llm_v2d,llm_v2b@2026-09-22T06:02:28.700376+00:00,9da653163799d56c+ca3b837dd0b3e85c,user,Qwen/Qwen3-4B-Instruct-2507,derived_validated,
54893,at://did:plc:mebudttmuzvm2hzxgsggr5gu/app.bsky.feed.post/3muvvx6vwyx2y,did:plc:mebudttmuzvm2hzxgsggr5gu,2026-09-07T06:46:28.675469+00:00,bluesky,true,true,false,true,relevant,relevant,irrelevant,llm_v2b>llm_v2c>llm_v2d,llm_v2b@2026-09-22T06:02:28.700376+00:00,9da653163799d56c+ca3b837dd0b3e85c,user,Qwen/Qwen3-4B-Instruct-2507,derived_validated,
54930,at://did:plc:p7kr5ytgm6wo3m3fp5ktasod/app.bsky.feed.post/3muxbvwvgyc2b,did:plc:p7kr5ytgm6wo3m3fp5ktasod,2026-09-07T19:53:11.598000+00:00,bluesky,true,true,false,true,relevant,relevant,irrelevant,llm_v2b>llm_v2c>llm_v2d,llm_v2b@2026-09-22T06:02:28.700376+00:00,9da653163799d56c+ca3b837dd0b3e85c,user,Qwen/Qwen3-4B-Instruct-2507,derived_validated,
55006,at://did:plc:ifi6xqgbojwquosnkvzx3gna/app.bsky.feed.post/3muvz2vg7us2t,did:plc:ifi6xqgbojwquosnkvzx3gna,2026-09-07T07:42:14.405000+00:00,bluesky,true,true,true,true,relevant,relevant,relevant,llm_v2b>llm_v2c>llm_v2d,llm_v2b@2026-09-22T06:02:28.700376+00:00,9da653163799d56c+ca3b837dd0b3e85c,user,Qwen/Qwen3-4B-Instruct-2507,derived_validated,
55026,at://did:plc:n3rxpzelfq724hdqsiapdfyo/app.bsky.feed.post/3muvsr53ftk2l,did:plc:n3rxpzelfq724hdqsiapdfyo,2026-09-07T05:49:24.439000+00:00,bluesky,true,true,false,true,relevant,relevant,irrelevant,llm_v2b>llm_v2c>llm_v2d,llm_v2b@2026-09-22T06:02:28.700376+00:00,9da653163799d56c+ca3b837dd0b3e85c,user,Qwen/Qwen3-4B-Instruct-2507,derived_validated,
55037,at://did:plc:6kv5inxd5x4tuydxlob27f36/app.bsky.feed.post/3muvglmieps2a,did:plc:6kv5inxd5x4tuydxlob27f36,2026-09-07T02:11:34.372000+00:00,bluesky,true,true,true,true,relevant,relevant,relevant,llm_v2b>llm_v2c>llm_v2d,llm_v2b@2026-09-22T06:02:28.700376+00:00,9da653163799d56c+ca3b837dd0b3e85c,user,Qwen/Qwen3-4B-Instruct-2507,derived_validated,
55110,at://did:plc:rtupbv3srpd4dkxagkovpab7/app.bsky.feed.post/3muxo4j7amc2p,did:plc:rtupbv3srpd4dkxagkovpab7,2026-09-07T23:31:37.017000+00:00,bluesky,true,true,true,true,relevant,relevant,relevant,llm_v2b>llm_v2c>llm_v2d,llm_v2b@2026-09-22T06:02:28.700376+00:00,9da653163799d56c+ca3b837dd0b3e85c,user,Qwen/Qwen3-4B-Instruct-2507,derived_validated,
55129,at://did:plc:ud52f3qse4tgs6btrdlibnz3/app.bsky.feed.post/3muxlkxyv6j27,did:plc:ud52f3qse4tgs6btrdlibnz3,2026-09-07T22:46:00.519000+00:00,bluesky,true,true,false,true,relevant,relevant,irrelevant,llm_v2b>llm_v2c>llm_v2d,llm_v2b@2026-09-22T06:02:28.700376+00:00,9da653163799d56c+ca3b837dd0b3e85c,user,Qwen/Qwen3-4B-Instruct-2507,derived_validated,
55165,at://did:plc:g6juvsddprqe4qp6f37aqmgg/app.bsky.feed.post/3muxfqdyekc2o,did:plc:g6juvsddprqe4qp6f37aqmgg,2026-09-07T21:01:38.960000+00:00,bluesky,true,true,false,true,relevant,relevant,irrelevant,llm_v2b>llm_v2c>llm_v2d,llm_v2b@2026-09-22T06:02:28.700376+00:00,9da653163799d56c+ca3b837dd0b3e85c,user,Qwen/Qwen3-4B-Instruct-2507,derived_validated,
55226,at://did:plc:lhqukhuyxxlalydgyao4rk56/app.bsky.feed.post/3mux64j4gx22i,did:plc:lhqukhuyxxlalydgyao4rk56,2026-09-07T18:45:17.060000+00:00,bluesky,true,true,false,true,relevant,relevant,irrelevant,llm_v2b>llm_v2c>llm_v2d,llm_v2b@2026-09-22T06:02:28.700376+00:00,9da653163799d56c+ca3b837dd0b3e85c,user,Qwen/Qwen3-4B-Instruct-2507,derived_validated,
55322,at://did:plc:lirc57u4hu54xlmqfl2holat/app.bsky.feed.post/3muwvelcckt2d,did:plc:lirc57u4hu54xlmqfl2holat,2026-09-07T16:08:44.072000+00:00,bluesky,true,true,true,true,relevant,relevant,relevant,llm_v2b>llm_v2c>llm_v2d,llm_v2b@2026-09-22T06:02:28.700376+00:00,9da653163799d56c+ca3b837dd0b3e85c,user,Qwen/Qwen3-4B-Instruct-2507,derived_validated,
55328,at://did:plc:3dzlsh22j3qywv4f7a3jg6da/app.bsky.feed.post/3muwv3hhdtc2t,did:plc:3dzlsh22j3qywv4f7a3jg6da,2026-09-07T16:03:37.908000+00:00,bluesky,false,false,true,true,irrelevant,irrelevant,relevant,llm_v2b>llm_v2c>llm_v2d,,,,,deterministic_rules,
55329,at://did:plc:3dzlsh22j3qywv4f7a3jg6da/app.bsky.feed.post/3muwv3ciuk22t,did:plc:3dzlsh22j3qywv4f7a3jg6da,2026-09-07T16:03:32.699000+00:00,bluesky,false,false,true,true,irrelevant,irrelevant,relevant,llm_v2b>llm_v2c>llm_v2d,,,,,deterministic_rules,
55333,at://did:plc:lirc57u4hu54xlmqfl2holat/app.bsky.feed.post/3muwulyzg2c25,did:plc:lirc57u4hu54xlmqfl2holat,2026-09-07T15:54:59.595000+00:00,bluesky,true,true,true,true,relevant,relevant,relevant,llm_v2b>llm_v2c>llm_v2d,llm_v2b@2026-09-22T06:02:28.700376+00:00,9da653163799d56c+ca3b837dd0b3e85c,user,Qwen/Qwen3-4B-Instruct-2507,derived_validated,
55396,at://did:plc:q2czn5wddulynsckg2adqcxf/app.bsky.feed.post/3muwpfpasmc2e,did:plc:q2czn5wddulynsckg2adqcxf,2026-09-07T14:21:59.354000+00:00,bluesky,true,true,false,true,relevant,relevant,irrelevant,llm_v2b>llm_v2c>llm_v2d,llm_v2b@2026-09-22T06:02:28.700376+00:00,9da653163799d56c+ca3b837dd0b3e85c,user,Qwen/Qwen3-4B-Instruct-2507,derived_validated,
55478,at://did:plc:x7ruo3dewxqyqznwrloj6vof/app.bsky.feed.post/buvh67qmnrl5t,did:plc:x7ruo3dewxqyqznwrloj6vof,2026-09-07T12:52:32.593000+00:00,bluesky,true,true,false,true,relevant,relevant,irrelevant,llm_v2b>llm_v2c>llm_v2d,llm_v2b@2026-09-22T06:02:28.700376+00:00,9da653163799d56c+ca3b837dd0b3e85c,user,Qwen/Qwen3-4B-Instruct-2507,derived_validated,
55533,at://did:plc:cjjefkdw3oyxan5bqhesasbs/app.bsky.feed.post/3muwdz2xmgs2a,did:plc:cjjefkdw3oyxan5bqhesasbs,2026-09-07T10:58:04.269000+00:00,bluesky,true,true,false,true,relevant,relevant,irrelevant,llm_v2b>llm_v2c>llm_v2d,llm_v2b@2026-09-22T06:02:28.700376+00:00,9da653163799d56c+ca3b837dd0b3e85c,user,Qwen/Qwen3-4B-Instruct-2507,derived_validated,
55687,at://did:plc:thbi54yrqrt4y4izpw6ujvot/app.bsky.feed.post/3muvrezdc3s2v,did:plc:thbi54yrqrt4y4izpw6ujvot,2026-09-07T05:24:44.113000+00:00,bluesky,true,true,false,true,relevant,relevant,irrelevant,llm_v2b>llm_v2c>llm_v2d,llm_v2b@2026-09-22T06:02:28.700376+00:00,9da653163799d56c+ca3b837dd0b3e85c,user,Qwen/Qwen3-4B-Instruct-2507,derived_validated,
55692,at://did:plc:xbno7aypqclh5znw7hkatc4h/app.bsky.feed.post/3muvor7buz223,did:plc:xbno7aypqclh5znw7hkatc4h,2026-09-07T04:37:51.788000+00:00,bluesky,true,true,false,true,relevant,relevant,irrelevant,llm_v2b>llm_v2c>llm_v2d,llm_v2b@2026-09-22T06:02:28.700376+00:00,9da653163799d56c+ca3b837dd0b3e85c,user,Qwen/Qwen3-4B-Instruct-2507,derived_validated,
55807,at://did:plc:3bcgtuzoncyxfk2igdhwofh5/app.bsky.feed.post/3muxnvrvbo62h,did:plc:3bcgtuzoncyxfk2igdhwofh5,2026-09-07T23:27:51.074000+00:00,bluesky,true,true,true,true,relevant,relevant,relevant,llm_v2b>llm_v2c>llm_v2d,llm_v2b@2026-09-22T06:02:28.700376+00:00,9da653163799d56c+ca3b837dd0b3e85c,user,Qwen/Qwen3-4B-Instruct-2507,derived_validated,
56346,at://did:plc:i5a2vsezf56iu2yjtmb7m2tb/app.bsky.feed.post/3muvtvuj2kk2t,did:plc:i5a2vsezf56iu2yjtmb7m2tb,2026-09-07T06:09:56.970000+00:00,bluesky,true,true,true,true,relevant,relevant,relevant,llm_v2b>llm_v2c>llm_v2d,llm_v2b@2026-09-22T06:02:28.700376+00:00,9da653163799d56c+ca3b837dd0b3e85c,user,Qwen/Qwen3-4B-Instruct-2507,derived_validated,
56367,at://did:plc:4xqt7t2zph634drigtdxdmro/app.bsky.feed.post/3muxmvocnxc2n,did:plc:4xqt7t2zph634drigtdxdmro,2026-09-07T23:09:53.752000+00:00,bluesky,true,true,true,true,relevant,relevant,relevant,llm_v2b>llm_v2c>llm_v2d,llm_v2b@2026-09-22T06:02:28.700376+00:00,9da653163799d56c+ca3b837dd0b3e85c,user,Qwen/Qwen3-4B-Instruct-2507,derived_validated,
56406,at://did:plc:le5b7ym7mphxuaaakfrgkfa6/app.bsky.feed.post/3muxarssyps27,did:plc:le5b7ym7mphxuaaakfrgkfa6,2026-09-07T19:32:58.925000+00:00,bluesky,true,true,true,true,relevant,relevant,relevant,llm_v2b>llm_v2c>llm_v2d,llm_v2b@2026-09-22T06:02:28.700376+00:00,9da653163799d56c+ca3b837dd0b3e85c,user,Qwen/Qwen3-4B-Instruct-2507,derived_validated,
56407,at://did:plc:le5b7ym7mphxuaaakfrgkfa6/app.bsky.feed.post/3muxarsflz227,did:plc:le5b7ym7mphxuaaakfrgkfa6,2026-09-07T19:32:58.924000+00:00,bluesky,true,true,true,true,relevant,relevant,relevant,llm_v2b>llm_v2c>llm_v2d,llm_v2b@2026-09-22T06:02:28.700376+00:00,9da653163799d56c+ca3b837dd0b3e85c,user,Qwen/Qwen3-4B-Instruct-2507,derived_validated,
56651,at://did:plc:epk56lgdb4l7h2c5ltpjir4v/app.bsky.feed.post/3muwqtq42sk2g,did:plc:epk56lgdb4l7h2c5ltpjir4v,2026-09-07T14:47:43.755000+00:00,bluesky,true,true,false,true,relevant,relevant,irrelevant,llm_v2b>llm_v2c>llm_v2d,llm_v2b@2026-09-22T06:02:28.700376+00:00,9da653163799d56c+ca3b837dd0b3e85c,user,Qwen/Qwen3-4B-Instruct-2507,derived_validated,
56690,at://did:plc:fbp4c7s7ksiie2gtaies6iev/app.bsky.feed.post/3muvcmvglrc2r,did:plc:fbp4c7s7ksiie2gtaies6iev,2026-09-07T01:00:42.337000+00:00,bluesky,false,false,true,true,irrelevant,irrelevant,relevant,llm_v2b>llm_v2c>llm_v2d,,,,,deterministic_rules,
56850,at://did:plc:yxapxhsxxcfsg2dvhrakxipc/app.bsky.feed.post/3muwdwpajes2h,did:plc:yxapxhsxxcfsg2dvhrakxipc,2026-09-07T10:56:44.872000+00:00,bluesky,true,true,false,true,relevant,relevant,irrelevant,llm_v2b>llm_v2c>llm_v2d,llm_v2b@2026-09-22T06:02:28.700376+00:00,9da653163799d56c+ca3b837dd0b3e85c,user,Qwen/Qwen3-4B-Instruct-2507,derived_validated,
56861,at://did:plc:ifi6xqgbojwquosnkvzx3gna/app.bsky.feed.post/3muvyiy664c2b,did:plc:ifi6xqgbojwquosnkvzx3gna,2026-09-07T07:32:13.307000+00:00,bluesky,true,true,false,true,relevant,relevant,irrelevant,llm_v2b>llm_v2c>llm_v2d,llm_v2b@2026-09-22T06:02:28.700376+00:00,9da653163799d56c+ca3b837dd0b3e85c,user,Qwen/Qwen3-4B-Instruct-2507,derived_validated,
56882,at://did:plc:kfk42qurfkcmglewpm5xnzon/app.bsky.feed.post/3mux5ocrrnc2r,did:plc:kfk42qurfkcmglewpm5xnzon,2026-09-07T18:37:20.654000+00:00,bluesky,true,true,true,true,relevant,relevant,relevant,llm_v2b>llm_v2c>llm_v2d,llm_v2b@2026-09-22T06:02:28.700376+00:00,9da653163799d56c+ca3b837dd0b3e85c,user,Qwen/Qwen3-4B-Instruct-2507,derived_validated,
56933,at://did:plc:nnkakrka4ra5bagmtsqhnlyj/app.bsky.feed.post/3muxfoebg6u22,did:plc:nnkakrka4ra5bagmtsqhnlyj,2026-09-07T21:00:31.555359+00:00,bluesky,true,true,false,true,relevant,relevant,irrelevant,llm_v2b>llm_v2c>llm_v2d,llm_v2b@2026-09-22T06:02:28.700376+00:00,9da653163799d56c+ca3b837dd0b3e85c,user,Qwen/Qwen3-4B-Instruct-2507,derived_validated,
57091,at://did:plc:qv4cel4jrf5qqzfq6ddvp6yv/app.bsky.feed.post/3muw7nsztv72i,did:plc:qv4cel4jrf5qqzfq6ddvp6yv,2026-09-07T09:40:10+00:00,bluesky,true,true,false,true,relevant,relevant,irrelevant,llm_v2b>llm_v2c>llm_v2d,llm_v2b@2026-09-22T06:02:28.700376+00:00,9da653163799d56c+ca3b837dd0b3e85c,user,Qwen/Qwen3-4B-Instruct-2507,derived_validated,
57092,at://did:plc:qv4cel4jrf5qqzfq6ddvp6yv/app.bsky.feed.post/3muw7nrssnt2a,did:plc:qv4cel4jrf5qqzfq6ddvp6yv,2026-09-07T09:40:08+00:00,bluesky,true,true,false,true,relevant,relevant,irrelevant,llm_v2b>llm_v2c>llm_v2d,llm_v2b@2026-09-22T06:02:28.700376+00:00,9da653163799d56c+ca3b837dd0b3e85c,user,Qwen/Qwen3-4B-Instruct-2507,derived_validated,
57142,at://did:plc:hufjjwwkxxsf5ztkce2ircwo/app.bsky.feed.post/3muvtapkdgy2f,did:plc:hufjjwwkxxsf5ztkce2ircwo,2026-09-07T05:58:06.675000+00:00,bluesky,true,true,false,true,relevant,relevant,irrelevant,llm_v2b>llm_v2c>llm_v2d,llm_v2b@2026-09-22T06:02:28.700376+00:00,9da653163799d56c+ca3b837dd0b3e85c,user,Qwen/Qwen3-4B-Instruct-2507,derived_validated,
57169,at://did:plc:fyitqypzz6qaax7ve46hsw52/app.bsky.feed.post/3muvfi44dz626,did:plc:fyitqypzz6qaax7ve46hsw52,2026-09-07T01:51:41+00:00,bluesky,true,true,false,true,relevant,relevant,irrelevant,llm_v2b>llm_v2c>llm_v2d,llm_v2b@2026-09-22T06:02:28.700376+00:00,9da653163799d56c+ca3b837dd0b3e85c,user,Qwen/Qwen3-4B-Instruct-2507,derived_validated,
57218,at://did:plc:ntxklgzhav3ilrmci2it5dux/app.bsky.feed.post/3muw5nexzdp2v,did:plc:ntxklgzhav3ilrmci2it5dux,2026-09-07T09:04:09.416000+00:00,bluesky,true,true,false,true,relevant,relevant,irrelevant,llm_v2b>llm_v2c>llm_v2d,llm_v2b@2026-09-22T06:02:28.700376+00:00,9da653163799d56c+ca3b837dd0b3e85c,user,Qwen/Qwen3-4B-Instruct-2507,derived_validated,
57320,at://did:plc:ppblad4zr4ogqkgdff7asa6l/app.bsky.feed.post/3muxnzr72zg2w,did:plc:ppblad4zr4ogqkgdff7asa6l,2026-09-07T23:30:04.642434+00:00,bluesky,true,true,false,true,relevant,relevant,irrelevant,llm_v2b>llm_v2c>llm_v2d,llm_v2b@2026-09-22T06:02:28.700376+00:00,9da653163799d56c+ca3b837dd0b3e85c,user,Qwen/Qwen3-4B-Instruct-2507,derived_validated,
57324,at://did:plc:aumopthhofnu4ji2bnem52vk/app.bsky.feed.post/3mux2qx26bs2t,did:plc:aumopthhofnu4ji2bnem52vk,2026-09-07T17:45:07.787000+00:00,bluesky,true,true,false,true,relevant,relevant,irrelevant,llm_v2b>llm_v2c>llm_v2d,llm_v2b@2026-09-22T06:02:28.700376+00:00,9da653163799d56c+ca3b837dd0b3e85c,user,Qwen/Qwen3-4B-Instruct-2507,derived_validated,
57332,at://did:plc:y3w6xbhp4i7fcdtyhqjy7bgc/app.bsky.feed.post/3muwqmf4a2225,did:plc:y3w6xbhp4i7fcdtyhqjy7bgc,2026-09-07T14:43:37.322000+00:00,bluesky,true,true,false,true,relevant,relevant,irrelevant,llm_v2b>llm_v2c>llm_v2d,llm_v2b@2026-09-22T06:02:28.700376+00:00,9da653163799d56c+ca3b837dd0b3e85c,user,Qwen/Qwen3-4B-Instruct-2507,derived_validated,
57341,at://did:plc:c7boxmqpjv4wrutpuocir7ss/app.bsky.feed.post/3muwlgayrs32q,did:plc:c7boxmqpjv4wrutpuocir7ss,2026-09-07T13:10:42.934744+00:00,bluesky,true,true,false,true,relevant,relevant,irrelevant,llm_v2b>llm_v2c>llm_v2d,llm_v2b@2026-09-22T06:02:28.700376+00:00,9da653163799d56c+ca3b837dd0b3e85c,user,Qwen/Qwen3-4B-Instruct-2507,derived_validated,
57352,at://did:plc:nho2a45cwlyzqr2lcibjfryj/app.bsky.feed.post/3muw72hmv7i26,did:plc:nho2a45cwlyzqr2lcibjfryj,2026-09-07T09:29:20.298972+00:00,bluesky,true,true,false,true,relevant,relevant,irrelevant,llm_v2b>llm_v2c>llm_v2d,llm_v2b@2026-09-22T06:02:28.700376+00:00,9da653163799d56c+ca3b837dd0b3e85c,user,Qwen/Qwen3-4B-Instruct-2507,derived_validated,
57360,at://did:plc:w64suw7wcebyn5uduk5g2yzx/app.bsky.feed.post/3muvwph7pey2s,did:plc:w64suw7wcebyn5uduk5g2yzx,2026-09-07T07:00:02.477000+00:00,bluesky,true,true,false,true,relevant,relevant,irrelevant,llm_v2b>llm_v2c>llm_v2d,llm_v2b@2026-09-22T06:02:28.700376+00:00,9da653163799d56c+ca3b837dd0b3e85c,user,Qwen/Qwen3-4B-Instruct-2507,derived_validated,
57370,at://did:plc:xj5hizjjlxpgcvnn3lp47s2b/app.bsky.feed.post/3muxa5twttc2z,did:plc:xj5hizjjlxpgcvnn3lp47s2b,2026-09-07T19:21:49.450000+00:00,bluesky,true,true,false,true,relevant,relevant,irrelevant,llm_v2b>llm_v2c>llm_v2d,llm_v2b@2026-09-22T06:02:28.700376+00:00,9da653163799d56c+ca3b837dd0b3e85c,user,Qwen/Qwen3-4B-Instruct-2507,derived_validated,
57373,at://did:plc:klslxwde7uvqsjll7fvemcoc/app.bsky.feed.post/3mux4muadec23,did:plc:klslxwde7uvqsjll7fvemcoc,2026-09-07T18:18:38.101000+00:00,bluesky,true,true,false,true,relevant,relevant,irrelevant,llm_v2b>llm_v2c>llm_v2d,llm_v2b@2026-09-22T06:02:28.700376+00:00,9da653163799d56c+ca3b837dd0b3e85c,user,Qwen/Qwen3-4B-Instruct-2507,derived_validated,
57377,at://did:plc:vevngu5t7a2zqvdftysxv26d/app.bsky.feed.post/3muwknohipk2g,did:plc:vevngu5t7a2zqvdftysxv26d,2026-09-07T12:56:58.255000+00:00,bluesky,true,true,false,true,relevant,relevant,irrelevant,llm_v2b>llm_v2c>llm_v2d,llm_v2b@2026-09-22T06:02:28.700376+00:00,9da653163799d56c+ca3b837dd0b3e85c,user,Qwen/Qwen3-4B-Instruct-2507,derived_validated,
57391,at://did:plc:tuwg4bd73p5m7jrrmjhl2jix/app.bsky.feed.post/3mux7e6nxoj2b,did:plc:tuwg4bd73p5m7jrrmjhl2jix,2026-09-07T19:07:28.124000+00:00,bluesky,true,true,false,true,relevant,relevant,irrelevant,llm_v2b>llm_v2c>llm_v2d,llm_v2b@2026-09-22T06:02:28.700376+00:00,9da653163799d56c+ca3b837dd0b3e85c,user,Qwen/Qwen3-4B-Instruct-2507,derived_validated,
57396,at://did:plc:xhye77kvlv7vddwpapebsljj/app.bsky.feed.post/3muwtdhcsp72f,did:plc:xhye77kvlv7vddwpapebsljj,2026-09-07T15:32:18.660000+00:00,bluesky,true,true,false,true,relevant,relevant,irrelevant,llm_v2b>llm_v2c>llm_v2d,llm_v2b@2026-09-22T06:02:28.700376+00:00,9da653163799d56c+ca3b837dd0b3e85c,user,Qwen/Qwen3-4B-Instruct-2507,derived_validated,
57421,at://did:plc:5kubaprelrb7ryzpyq6bri6b/app.bsky.feed.post/3muw3juyq4c23,did:plc:5kubaprelrb7ryzpyq6bri6b,2026-09-07T08:26:24.765000+00:00,bluesky,true,true,false,true,relevant,relevant,irrelevant,llm_v2b>llm_v2c>llm_v2d,llm_v2b@2026-09-22T06:02:28.700376+00:00,9da653163799d56c+ca3b837dd0b3e85c,user,Qwen/Qwen3-4B-Instruct-2507,derived_validated,
57460,at://did:plc:u6celkmubfsmbus5m3aqcrla/app.bsky.feed.post/3muzw54s3mr2q,did:plc:u6celkmubfsmbus5m3aqcrla,2026-09-08T21:00:26+00:00,bluesky,true,true,true,true,relevant,relevant,relevant,llm_v2b>llm_v2c>llm_v2d,llm_v2b@2026-09-22T06:02:28.700376+00:00,9da653163799d56c+ca3b837dd0b3e85c,user,Qwen/Qwen3-4B-Instruct-2507,derived_validated,
57515,at://did:plc:7h7srlskyboefvfqmbgy2wax/app.bsky.feed.post/3muzpjh57m42e,did:plc:7h7srlskyboefvfqmbgy2wax,2026-09-08T19:02:02+00:00,bluesky,true,true,true,true,relevant,relevant,relevant,llm_v2b>llm_v2c>llm_v2d,llm_v2b@2026-09-22T06:02:28.700376+00:00,9da653163799d56c+ca3b837dd0b3e85c,user,Qwen/Qwen3-4B-Instruct-2507,derived_validated,
57521,at://did:plc:hh3brnksirhma2rymwtpnp5w/app.bsky.feed.post/3muzolrsine2n,did:plc:hh3brnksirhma2rymwtpnp5w,2026-09-08T18:45:28.602960+00:00,bluesky,true,true,false,true,relevant,relevant,irrelevant,llm_v2b>llm_v2c>llm_v2d,llm_v2b@2026-09-22T06:02:28.700376+00:00,9da653163799d56c+ca3b837dd0b3e85c,user,Qwen/Qwen3-4B-Instruct-2507,derived_validated,
57601,at://did:plc:alixtpai3njf57tsftog4dal/app.bsky.feed.post/3muz2tp2k4y27,did:plc:alixtpai3njf57tsftog4dal,2026-09-08T12:51:59.016611+00:00,bluesky,true,true,false,true,relevant,relevant,irrelevant,llm_v2b>llm_v2c>llm_v2d,llm_v2b@2026-09-22T06:02:28.700376+00:00,9da653163799d56c+ca3b837dd0b3e85c,user,Qwen/Qwen3-4B-Instruct-2507,derived_validated,
57617,at://did:plc:2xqdf2n4zpuohdaecdgxcddh/app.bsky.feed.post/3muyuftskss2l,did:plc:2xqdf2n4zpuohdaecdgxcddh,2026-09-08T10:56:52.319000+00:00,bluesky,true,true,false,true,relevant,relevant,irrelevant,llm_v2b>llm_v2c>llm_v2d,llm_v2b@2026-09-22T06:02:28.700376+00:00,9da653163799d56c+ca3b837dd0b3e85c,user,Qwen/Qwen3-4B-Instruct-2507,derived_validated,
57630,at://did:plc:2ofvkralnuuhvpvv5dhfgmoh/app.bsky.feed.post/3muykpc7eyy23,did:plc:2ofvkralnuuhvpvv5dhfgmoh,2026-09-08T08:03:11.883694+00:00,bluesky,true,true,false,true,relevant,relevant,irrelevant,llm_v2b>llm_v2c>llm_v2d,llm_v2b@2026-09-22T06:02:28.700376+00:00,9da653163799d56c+ca3b837dd0b3e85c,user,Qwen/Qwen3-4B-Instruct-2507,derived_validated,
57640,at://did:plc:u5d54hkw4ysuqtuvcj6cmsin/app.bsky.feed.post/3muyhztooy42x,did:plc:u5d54hkw4ysuqtuvcj6cmsin,2026-09-08T07:15:24.560763+00:00,bluesky,true,true,true,true,relevant,relevant,relevant,llm_v2b>llm_v2c>llm_v2d,llm_v2b@2026-09-22T06:02:28.700376+00:00,9da653163799d56c+ca3b837dd0b3e85c,user,Qwen/Qwen3-4B-Instruct-2507,derived_validated,
57642,at://did:plc:u5d54hkw4ysuqtuvcj6cmsin/app.bsky.feed.post/3muyhr7gbbg25,did:plc:u5d54hkw4ysuqtuvcj6cmsin,2026-09-08T07:10:34.895278+00:00,bluesky,true,true,true,true,relevant,relevant,relevant,llm_v2b>llm_v2c>llm_v2d,llm_v2b@2026-09-22T06:02:28.700376+00:00,9da653163799d56c+ca3b837dd0b3e85c,user,Qwen/Qwen3-4B-Instruct-2507,derived_validated,
57643,at://did:plc:u5d54hkw4ysuqtuvcj6cmsin/app.bsky.feed.post/3muyhr6fyjl2l,did:plc:u5d54hkw4ysuqtuvcj6cmsin,2026-09-08T07:10:33.830307+00:00,bluesky,true,true,true,true,relevant,relevant,relevant,llm_v2b>llm_v2c>llm_v2d,llm_v2b@2026-09-22T06:02:28.700376+00:00,9da653163799d56c+ca3b837dd0b3e85c,user,Qwen/Qwen3-4B-Instruct-2507,derived_validated,
57665,at://did:plc:mgnesxvhndfnfsbb6uam47zz/app.bsky.feed.post/3muyamehd242y,did:plc:mgnesxvhndfnfsbb6uam47zz,2026-09-08T05:02:36+00:00,bluesky,true,true,false,true,relevant,relevant,irrelevant,llm_v2b>llm_v2c>llm_v2d,llm_v2b@2026-09-22T06:02:28.700376+00:00,9da653163799d56c+ca3b837dd0b3e85c,user,Qwen/Qwen3-4B-Instruct-2507,derived_validated,
57679,at://did:plc:i5a2vsezf56iu2yjtmb7m2tb/app.bsky.feed.post/3muxtejycrs2i,did:plc:i5a2vsezf56iu2yjtmb7m2tb,2026-09-08T01:05:34.987000+00:00,bluesky,true,true,true,true,relevant,relevant,relevant,llm_v2b>llm_v2c>llm_v2d,llm_v2b@2026-09-22T06:02:28.700376+00:00,9da653163799d56c+ca3b837dd0b3e85c,user,Qwen/Qwen3-4B-Instruct-2507,derived_validated,
57784,at://did:plc:geidqukzen75knciqkq77vgq/app.bsky.feed.post/3muz5rgfgex2p,did:plc:geidqukzen75knciqkq77vgq,2026-09-08T13:44:24.549948+00:00,bluesky,true,true,false,true,relevant,relevant,irrelevant,llm_v2b>llm_v2c>llm_v2d,llm_v2b@2026-09-22T06:02:28.700376+00:00,9da653163799d56c+ca3b837dd0b3e85c,user,Qwen/Qwen3-4B-Instruct-2507,derived_validated,
57810,at://did:plc:mri4qfwjhti5j4c3ob5vtudy/app.bsky.feed.post/3muyyn2kwdc2i,did:plc:mri4qfwjhti5j4c3ob5vtudy,2026-09-08T12:12:29.257000+00:00,bluesky,true,true,false,true,relevant,relevant,irrelevant,llm_v2b>llm_v2c>llm_v2d,llm_v2b@2026-09-22T06:02:28.700376+00:00,9da653163799d56c+ca3b837dd0b3e85c,user,Qwen/Qwen3-4B-Instruct-2507,derived_validated,
57969,at://did:plc:knytkb52cza74zx2ghajtg7s/app.bsky.feed.post/3muzffjf2g62b,did:plc:knytkb52cza74zx2ghajtg7s,2026-09-08T16:00:54.989000+00:00,bluesky,true,true,false,true,relevant,relevant,irrelevant,llm_v2b>llm_v2c>llm_v2d,llm_v2b@2026-09-22T06:02:28.700376+00:00,9da653163799d56c+ca3b837dd0b3e85c,user,Qwen/Qwen3-4B-Instruct-2507,derived_validated,
58027,at://did:plc:7h3fm47wuzyl2njwxsrnjt2p/app.bsky.feed.post/3muygzflzs22r,did:plc:7h3fm47wuzyl2njwxsrnjt2p,2026-09-08T06:57:16.113000+00:00,bluesky,true,true,true,true,relevant,relevant,relevant,llm_v2b>llm_v2c>llm_v2d,llm_v2b@2026-09-22T06:02:28.700376+00:00,9da653163799d56c+ca3b837dd0b3e85c,user,Qwen/Qwen3-4B-Instruct-2507,derived_validated,
58042,at://did:plc:luqklzbsnbqr37mcgvnesvi7/app.bsky.feed.post/3muxxunqahd2c,did:plc:luqklzbsnbqr37mcgvnesvi7,2026-09-08T02:27:13.127000+00:00,bluesky,true,true,false,true,relevant,relevant,irrelevant,llm_v2b>llm_v2c>llm_v2d,llm_v2b@2026-09-22T06:02:28.700376+00:00,9da653163799d56c+ca3b837dd0b3e85c,user,Qwen/Qwen3-4B-Instruct-2507,derived_validated,
58059,at://did:plc:jrk2uqi6ipq5zpt73ut5yo5x/app.bsky.feed.post/3muzrvawgxs2e,did:plc:jrk2uqi6ipq5zpt73ut5yo5x,2026-09-08T19:44:27.907000+00:00,bluesky,true,true,false,true,relevant,relevant,irrelevant,llm_v2b>llm_v2c>llm_v2d,llm_v2b@2026-09-22T06:02:28.700376+00:00,9da653163799d56c+ca3b837dd0b3e85c,user,Qwen/Qwen3-4B-Instruct-2507,derived_validated,
58087,at://did:plc:l7jgzsmm7rlsmenoergvnuxq/app.bsky.feed.post/3muzecuscyq2p,did:plc:l7jgzsmm7rlsmenoergvnuxq,2026-09-08T15:41:30+00:00,bluesky,true,true,false,true,relevant,relevant,irrelevant,llm_v2b>llm_v2c>llm_v2d,llm_v2b@2026-09-22T06:02:28.700376+00:00,9da653163799d56c+ca3b837dd0b3e85c,user,Qwen/Qwen3-4B-Instruct-2507,derived_validated,
58095,at://did:plc:lzy35mvnif6fmbevsc2kxewf/app.bsky.feed.post/3muz5vyzs2k2u,did:plc:lzy35mvnif6fmbevsc2kxewf,2026-09-08T13:46:58.347000+00:00,bluesky,true,true,false,true,relevant,relevant,irrelevant,llm_v2b>llm_v2c>llm_v2d,llm_v2b@2026-09-22T06:02:28.700376+00:00,9da653163799d56c+ca3b837dd0b3e85c,user,Qwen/Qwen3-4B-Instruct-2507,derived_validated,
58104,at://did:plc:fpdujjznfjvb67nkvustuzwz/app.bsky.feed.post/3muz2f73h5c2p,did:plc:fpdujjznfjvb67nkvustuzwz,2026-09-08T12:43:53.042000+00:00,bluesky,true,true,false,true,relevant,relevant,irrelevant,llm_v2b>llm_v2c>llm_v2d,llm_v2b@2026-09-22T06:02:28.700376+00:00,9da653163799d56c+ca3b837dd0b3e85c,user,Qwen/Qwen3-4B-Instruct-2507,derived_validated,
58107,at://did:plc:atlkjg42q45quxehr5m7hcmc/app.bsky.feed.post/3muz23matr22r,did:plc:atlkjg42q45quxehr5m7hcmc,2026-09-08T12:38:30+00:00,bluesky,true,true,false,true,relevant,relevant,irrelevant,llm_v2b>llm_v2c>llm_v2d,llm_v2b@2026-09-22T06:02:28.700376+00:00,9da653163799d56c+ca3b837dd0b3e85c,user,Qwen/Qwen3-4B-Instruct-2507,derived_validated,
58209,at://did:plc:aij5czpxczlju25tmekjzcaj/app.bsky.feed.post/3muzxd5uync2a,did:plc:aij5czpxczlju25tmekjzcaj,2026-09-08T21:21:43.184000+00:00,bluesky,true,true,false,true,relevant,relevant,irrelevant,llm_v2b>llm_v2c>llm_v2d,llm_v2b@2026-09-22T06:02:28.700376+00:00,9da653163799d56c+ca3b837dd0b3e85c,user,Qwen/Qwen3-4B-Instruct-2507,derived_validated,
58216,at://did:plc:dpmwlesjodhle7ss5227yvvg/app.bsky.feed.post/3muzx2ffhfr27,did:plc:dpmwlesjodhle7ss5227yvvg,2026-09-08T21:16:47+00:00,bluesky,false,false,true,true,irrelevant,irrelevant,relevant,llm_v2b>llm_v2c>llm_v2d,,,,,deterministic_rules,
58237,at://did:plc:nrxglljv7jqagwqawmxf7sv5/app.bsky.feed.post/3muzvdqa4pr2k,did:plc:nrxglljv7jqagwqawmxf7sv5,2026-09-08T20:46:14.514000+00:00,bluesky,false,false,true,true,irrelevant,irrelevant,relevant,llm_v2b>llm_v2c>llm_v2d,,,,,deterministic_rules,
58317,at://did:plc:7k5frhrtus5fsvvilpf3hq74/app.bsky.feed.post/3muzswti6ps27,did:plc:7k5frhrtus5fsvvilpf3hq74,2026-09-08T20:03:14.650000+00:00,bluesky,true,true,false,true,relevant,relevant,irrelevant,llm_v2b>llm_v2c>llm_v2d,llm_v2b@2026-09-22T06:02:28.700376+00:00,9da653163799d56c+ca3b837dd0b3e85c,user,Qwen/Qwen3-4B-Instruct-2507,derived_validated,
58319,at://did:plc:3dzlsh22j3qywv4f7a3jg6da/app.bsky.feed.post/3muzsua5ux62m,did:plc:3dzlsh22j3qywv4f7a3jg6da,2026-09-08T20:01:47.100000+00:00,bluesky,true,true,true,true,relevant,relevant,relevant,llm_v2b>llm_v2c>llm_v2d,llm_v2b@2026-09-22T06:02:28.700376+00:00,9da653163799d56c+ca3b837dd0b3e85c,user,Qwen/Qwen3-4B-Instruct-2507,derived_validated,
58320,at://did:plc:uno3qceamt7rtxm3vbpux36c/app.bsky.feed.post/3muzsu2fmpr2m,did:plc:uno3qceamt7rtxm3vbpux36c,2026-09-08T20:01:41.032000+00:00,bluesky,true,true,false,true,relevant,relevant,irrelevant,llm_v2b>llm_v2c>llm_v2d,llm_v2b@2026-09-22T06:02:28.700376+00:00,9da653163799d56c+ca3b837dd0b3e85c,user,Qwen/Qwen3-4B-Instruct-2507,derived_validated,
58330,at://did:plc:75tia22pokafff6dqzunqf3g/app.bsky.feed.post/3muzsetzuhl42,did:plc:75tia22pokafff6dqzunqf3g,2026-09-08T19:53:09+00:00,bluesky,true,true,false,true,relevant,relevant,irrelevant,llm_v2b>llm_v2c>llm_v2d,llm_v2b@2026-09-22T06:02:28.700376+00:00,9da653163799d56c+ca3b837dd0b3e85c,user,Qwen/Qwen3-4B-Instruct-2507,derived_validated,
58384,at://did:plc:fyitqypzz6qaax7ve46hsw52/app.bsky.feed.post/3muzpnjeabu24,did:plc:fyitqypzz6qaax7ve46hsw52,2026-09-08T19:04:19+00:00,bluesky,true,true,false,true,relevant,relevant,irrelevant,llm_v2b>llm_v2c>llm_v2d,llm_v2b@2026-09-22T06:02:28.700376+00:00,9da653163799d56c+ca3b837dd0b3e85c,user,Qwen/Qwen3-4B-Instruct-2507,derived_validated,
58393,at://did:plc:xepa54myfvo5pqr3iuh3mxnm/app.bsky.feed.post/3muzopmxid222,did:plc:xepa54myfvo5pqr3iuh3mxnm,2026-09-08T18:47:37.971000+00:00,bluesky,true,true,false,true,relevant,relevant,irrelevant,llm_v2b>llm_v2c>llm_v2d,llm_v2b@2026-09-22T06:02:28.700376+00:00,9da653163799d56c+ca3b837dd0b3e85c,user,Qwen/Qwen3-4B-Instruct-2507,derived_validated,
58415,at://did:plc:i5dqdukszzseignpl4uv7bz6/app.bsky.feed.post/3muznghc4dc25,did:plc:i5dqdukszzseignpl4uv7bz6,2026-09-08T18:24:36.291000+00:00,bluesky,true,true,true,true,relevant,relevant,relevant,llm_v2b>llm_v2c>llm_v2d,llm_v2b@2026-09-22T06:02:28.700376+00:00,9da653163799d56c+ca3b837dd0b3e85c,user,Qwen/Qwen3-4B-Instruct-2507,derived_validated,
58474,at://did:plc:lirc57u4hu54xlmqfl2holat/app.bsky.feed.post/3muzjivag6b2i,did:plc:lirc57u4hu54xlmqfl2holat,2026-09-08T17:14:22.084000+00:00,bluesky,true,true,true,true,relevant,relevant,relevant,llm_v2b>llm_v2c>llm_v2d,llm_v2b@2026-09-22T06:02:28.700376+00:00,9da653163799d56c+ca3b837dd0b3e85c,user,Qwen/Qwen3-4B-Instruct-2507,derived_validated,
58482,at://did:plc:lirc57u4hu54xlmqfl2holat/app.bsky.feed.post/3muzj6l6mb22b,did:plc:lirc57u4hu54xlmqfl2holat,2026-09-08T17:08:35.151000+00:00,bluesky,true,true,true,true,relevant,relevant,relevant,llm_v2b>llm_v2c>llm_v2d,llm_v2b@2026-09-22T06:02:28.700376+00:00,9da653163799d56c+ca3b837dd0b3e85c,user,Qwen/Qwen3-4B-Instruct-2507,derived_validated,
58516,at://did:plc:tm3vhcyxp2blwyb6ufiguoh3/app.bsky.feed.post/3muzhaysaok2c,did:plc:tm3vhcyxp2blwyb6ufiguoh3,2026-09-08T16:34:10.874000+00:00,bluesky,true,true,false,true,relevant,relevant,irrelevant,llm_v2b>llm_v2c>llm_v2d,llm_v2b@2026-09-22T06:02:28.700376+00:00,9da653163799d56c+ca3b837dd0b3e85c,user,Qwen/Qwen3-4B-Instruct-2507,derived_validated,
58537,at://did:plc:v4hiwvwpi65pwtzslsox56t3/app.bsky.feed.post/3muzg73qjp62p,did:plc:v4hiwvwpi65pwtzslsox56t3,2026-09-08T16:15:13.089000+00:00,bluesky,true,true,false,true,relevant,relevant,irrelevant,llm_v2b>llm_v2c>llm_v2d,llm_v2b@2026-09-22T06:02:28.700376+00:00,9da653163799d56c+ca3b837dd0b3e85c,user,Qwen/Qwen3-4B-Instruct-2507,derived_validated,
58553,at://did:plc:3dzlsh22j3qywv4f7a3jg6da/app.bsky.feed.post/3muzflkqkg222,did:plc:3dzlsh22j3qywv4f7a3jg6da,2026-09-08T16:04:17.445000+00:00,bluesky,false,false,true,true,irrelevant,irrelevant,relevant,llm_v2b>llm_v2c>llm_v2d,,,,,deterministic_rules,
58565,at://did:plc:kbzotn4ippvrqllcitxglgm2/app.bsky.feed.post/3muzf65irgl2a,did:plc:kbzotn4ippvrqllcitxglgm2,2026-09-08T15:56:47.625000+00:00,bluesky,true,true,false,true,relevant,relevant,irrelevant,llm_v2b>llm_v2c>llm_v2d,llm_v2b@2026-09-22T06:02:28.700376+00:00,9da653163799d56c+ca3b837dd0b3e85c,user,Qwen/Qwen3-4B-Instruct-2507,derived_validated,
58587,at://did:plc:mri4qfwjhti5j4c3ob5vtudy/app.bsky.feed.post/3muzdgue2lk2m,did:plc:mri4qfwjhti5j4c3ob5vtudy,2026-09-08T15:25:52.575000+00:00,bluesky,true,true,false,true,relevant,relevant,irrelevant,llm_v2b>llm_v2c>llm_v2d,llm_v2b@2026-09-22T06:02:28.700376+00:00,9da653163799d56c+ca3b837dd0b3e85c,user,Qwen/Qwen3-4B-Instruct-2507,derived_validated,
58715,at://did:plc:degqwgs2yxfeldvvthwdykp2/app.bsky.feed.post/3muz3hk5n6h2n,did:plc:degqwgs2yxfeldvvthwdykp2,2026-09-08T13:03:05.254591+00:00,bluesky,true,true,false,true,relevant,relevant,irrelevant,llm_v2b>llm_v2c>llm_v2d,llm_v2b@2026-09-22T06:02:28.700376+00:00,9da653163799d56c+ca3b837dd0b3e85c,user,Qwen/Qwen3-4B-Instruct-2507,derived_validated,
58719,at://did:plc:lhwnsrr7fi2q6twr4ymdszdj/app.bsky.feed.post/3muz3fd2tgz27,did:plc:lhwnsrr7fi2q6twr4ymdszdj,2026-09-08T13:01:49.960000+00:00,bluesky,true,true,false,true,relevant,relevant,irrelevant,llm_v2b>llm_v2c>llm_v2d,llm_v2b@2026-09-22T06:02:28.700376+00:00,9da653163799d56c+ca3b837dd0b3e85c,user,Qwen/Qwen3-4B-Instruct-2507,derived_validated,
58722,at://did:plc:553eofo6hvuxcsxo7qfidxjs/app.bsky.feed.post/3muz3dyzlcm2y,did:plc:553eofo6hvuxcsxo7qfidxjs,2026-09-08T13:01:06.825000+00:00,bluesky,true,true,false,true,relevant,relevant,irrelevant,llm_v2b>llm_v2c>llm_v2d,llm_v2b@2026-09-22T06:02:28.700376+00:00,9da653163799d56c+ca3b837dd0b3e85c,user,Qwen/Qwen3-4B-Instruct-2507,derived_validated,
58780,at://did:plc:tgufamofsglhlei4fcinsysg/app.bsky.feed.post/3muyxfu5yks2p,did:plc:tgufamofsglhlei4fcinsysg,2026-09-08T11:50:33.908000+00:00,bluesky,true,true,false,true,relevant,relevant,irrelevant,llm_v2b>llm_v2c>llm_v2d,llm_v2b@2026-09-22T06:02:28.700376+00:00,9da653163799d56c+ca3b837dd0b3e85c,user,Qwen/Qwen3-4B-Instruct-2507,derived_validated,
58817,at://did:plc:hy4he4arap72ak2n74gx73dx/app.bsky.feed.post/3muyuhibbkn23,did:plc:hy4he4arap72ak2n74gx73dx,2026-09-08T10:57:47.151000+00:00,bluesky,true,true,false,true,relevant,relevant,irrelevant,llm_v2b>llm_v2c>llm_v2d,llm_v2b@2026-09-22T06:02:28.700376+00:00,9da653163799d56c+ca3b837dd0b3e85c,user,Qwen/Qwen3-4B-Instruct-2507,derived_validated,
58851,at://did:plc:jkh2hpmhw5y4ab2yxufqqmka/app.bsky.feed.post/3muyrmti3r225,did:plc:jkh2hpmhw5y4ab2yxufqqmka,2026-09-08T10:07:05.261000+00:00,bluesky,true,true,false,true,relevant,relevant,irrelevant,llm_v2b>llm_v2c>llm_v2d,llm_v2b@2026-09-22T06:02:28.700376+00:00,9da653163799d56c+ca3b837dd0b3e85c,user,Qwen/Qwen3-4B-Instruct-2507,derived_validated,
58860,at://did:plc:hc2qbtmtxsp6jdkayw7sfecf/app.bsky.feed.post/3muyrdl5v2u2f,did:plc:hc2qbtmtxsp6jdkayw7sfecf,2026-09-08T10:01:52.979000+00:00,bluesky,true,true,false,true,relevant,relevant,irrelevant,llm_v2b>llm_v2c>llm_v2d,llm_v2b@2026-09-22T06:02:28.700376+00:00,9da653163799d56c+ca3b837dd0b3e85c,user,Qwen/Qwen3-4B-Instruct-2507,derived_validated,
58893,at://did:plc:keomejy2o7f7jqgix3hjvdeh/app.bsky.feed.post/3muyp4h4mlk2w,did:plc:keomejy2o7f7jqgix3hjvdeh,2026-09-08T09:22:08.318000+00:00,bluesky,true,true,false,true,relevant,relevant,irrelevant,llm_v2b>llm_v2c>llm_v2d,llm_v2b@2026-09-22T06:02:28.700376+00:00,9da653163799d56c+ca3b837dd0b3e85c,user,Qwen/Qwen3-4B-Instruct-2507,derived_validated,
58943,at://did:plc:illb4bchgxl7x6eak5fuo6fi/app.bsky.feed.post/3muylgpvgrx2f,did:plc:illb4bchgxl7x6eak5fuo6fi,2026-09-08T08:16:16+00:00,bluesky,true,true,false,true,relevant,relevant,irrelevant,llm_v2b>llm_v2c>llm_v2d,llm_v2b@2026-09-22T06:02:28.700376+00:00,9da653163799d56c+ca3b837dd0b3e85c,user,Qwen/Qwen3-4B-Instruct-2507,derived_validated,
59025,at://did:plc:7s4o3tuufxok4rzusbmcquc7/app.bsky.feed.post/3muya5ftaja2p,did:plc:7s4o3tuufxok4rzusbmcquc7,2026-09-08T04:54:14+00:00,bluesky,true,true,false,true,relevant,relevant,irrelevant,llm_v2b>llm_v2c>llm_v2d,llm_v2b@2026-09-22T06:02:28.700376+00:00,9da653163799d56c+ca3b837dd0b3e85c,user,Qwen/Qwen3-4B-Instruct-2507,derived_validated,
59051,at://did:plc:6mp273np4so7urnhv77ifnwo/app.bsky.feed.post/3muy4kmrghu2o,did:plc:6mp273np4so7urnhv77ifnwo,2026-09-08T03:50:02.836035+00:00,bluesky,true,true,false,true,relevant,relevant,irrelevant,llm_v2b>llm_v2c>llm_v2d,llm_v2b@2026-09-22T06:02:28.700376+00:00,9da653163799d56c+ca3b837dd0b3e85c,user,Qwen/Qwen3-4B-Instruct-2507,derived_validated,
59151,at://did:plc:did5psctmmw4j4xlxu64uvzq/app.bsky.feed.post/3muzsbaetcs2w,did:plc:did5psctmmw4j4xlxu64uvzq,2026-09-08T19:51:09.983000+00:00,bluesky,false,false,true,true,irrelevant,irrelevant,relevant,llm_v2b>llm_v2c>llm_v2d,,,,,deterministic_rules,
59222,at://did:plc:vshy5cdxtwlfaljivehqqzq4/app.bsky.feed.post/3mv23zgftck2p,did:plc:vshy5cdxtwlfaljivehqqzq4,2026-09-08T22:45:45.287000+00:00,bluesky,true,true,true,true,relevant,relevant,relevant,llm_v2b>llm_v2c>llm_v2d,llm_v2b@2026-09-22T06:02:28.700376+00:00,9da653163799d56c+ca3b837dd0b3e85c,user,Qwen/Qwen3-4B-Instruct-2507,derived_validated,
60083,at://did:plc:4xqt7t2zph634drigtdxdmro/app.bsky.feed.post/3muzetxs5ls2d,did:plc:4xqt7t2zph634drigtdxdmro,2026-09-08T15:51:06.131000+00:00,bluesky,true,true,true,true,relevant,relevant,relevant,llm_v2b>llm_v2c>llm_v2d,llm_v2b@2026-09-22T06:02:28.700376+00:00,9da653163799d56c+ca3b837dd0b3e85c,user,Qwen/Qwen3-4B-Instruct-2507,derived_validated,
60084,at://did:plc:adkbqisqexczbemcgarpzsha/app.bsky.feed.post/3muzehjh7as2k,did:plc:adkbqisqexczbemcgarpzsha,2026-09-08T15:44:08.440000+00:00,bluesky,true,true,false,true,relevant,relevant,irrelevant,llm_v2b>llm_v2c>llm_v2d,llm_v2b@2026-09-22T06:02:28.700376+00:00,9da653163799d56c+ca3b837dd0b3e85c,user,Qwen/Qwen3-4B-Instruct-2507,derived_validated,
60172,at://did:plc:k7tetxeasuvc6o6oqew6yhpb/app.bsky.feed.post/3muym7ifyeq2e,did:plc:k7tetxeasuvc6o6oqew6yhpb,2026-09-08T08:30:08.898000+00:00,bluesky,true,true,false,true,relevant,relevant,irrelevant,llm_v2b>llm_v2c>llm_v2d,llm_v2b@2026-09-22T06:02:28.700376+00:00,9da653163799d56c+ca3b837dd0b3e85c,user,Qwen/Qwen3-4B-Instruct-2507,derived_validated,
60269,at://did:plc:wd23ycs3nif2oshhl3i6vwkd/app.bsky.feed.post/3muz2fn2pnc2v,did:plc:wd23ycs3nif2oshhl3i6vwkd,2026-09-08T12:44:07.697000+00:00,bluesky,true,true,false,true,relevant,relevant,irrelevant,llm_v2b>llm_v2c>llm_v2d,llm_v2b@2026-09-22T06:02:28.700376+00:00,9da653163799d56c+ca3b837dd0b3e85c,user,Qwen/Qwen3-4B-Instruct-2507,derived_validated,
60444,at://did:plc:t56l3fe5w75kw74oq2sd3r32/app.bsky.feed.post/3muzbxg7jgs2j,did:plc:t56l3fe5w75kw74oq2sd3r32,2026-09-08T14:59:20.688000+00:00,bluesky,true,true,false,true,relevant,relevant,irrelevant,llm_v2b>llm_v2c>llm_v2d,llm_v2b@2026-09-22T06:02:28.700376+00:00,9da653163799d56c+ca3b837dd0b3e85c,user,Qwen/Qwen3-4B-Instruct-2507,derived_validated,
60503,at://did:plc:rxwdcydrr3v2u4bner7ks7or/app.bsky.feed.post/3muzajktvec27,did:plc:rxwdcydrr3v2u4bner7ks7or,2026-09-08T14:33:42.045000+00:00,bluesky,true,true,true,true,relevant,relevant,relevant,llm_v2b>llm_v2c>llm_v2d,llm_v2b@2026-09-22T06:02:28.700376+00:00,9da653163799d56c+ca3b837dd0b3e85c,user,Qwen/Qwen3-4B-Instruct-2507,derived_validated,
60531,at://did:plc:a3ao5kas7dyi5ooog5saz2ko/app.bsky.feed.post/3mv23vlnbsx2x,did:plc:a3ao5kas7dyi5ooog5saz2ko,2026-09-08T22:43:36.478000+00:00,bluesky,true,true,false,true,relevant,relevant,irrelevant,llm_v2b>llm_v2c>llm_v2d,llm_v2b@2026-09-22T06:02:28.700376+00:00,9da653163799d56c+ca3b837dd0b3e85c,user,Qwen/Qwen3-4B-Instruct-2507,derived_validated,
60532,at://did:plc:a3ao5kas7dyi5ooog5saz2ko/app.bsky.feed.post/3mv23vl522k2c,did:plc:a3ao5kas7dyi5ooog5saz2ko,2026-09-08T22:43:35.947000+00:00,bluesky,true,true,false,true,relevant,relevant,irrelevant,llm_v2b>llm_v2c>llm_v2d,llm_v2b@2026-09-22T06:02:28.700376+00:00,9da653163799d56c+ca3b837dd0b3e85c,user,Qwen/Qwen3-4B-Instruct-2507,derived_validated,
60533,at://did:plc:a3ao5kas7dyi5ooog5saz2ko/app.bsky.feed.post/3mv23vkddkz2v,did:plc:a3ao5kas7dyi5ooog5saz2ko,2026-09-08T22:43:35.104000+00:00,bluesky,true,true,false,true,relevant,relevant,irrelevant,llm_v2b>llm_v2c>llm_v2d,llm_v2b@2026-09-22T06:02:28.700376+00:00,9da653163799d56c+ca3b837dd0b3e85c,user,Qwen/Qwen3-4B-Instruct-2507,derived_validated,
60669,at://did:plc:zhe53h7ajlloep2oso5pqxzj/app.bsky.feed.post/3muzsr7utbc2t,did:plc:zhe53h7ajlloep2oso5pqxzj,2026-09-08T20:00:02+00:00,bluesky,true,true,false,true,relevant,relevant,irrelevant,llm_v2b>llm_v2c>llm_v2d,llm_v2b@2026-09-22T06:02:28.700376+00:00,9da653163799d56c+ca3b837dd0b3e85c,user,Qwen/Qwen3-4B-Instruct-2507,derived_validated,
60700,at://did:plc:dn242yln2biooe6qkd237tqd/app.bsky.feed.post/3muzq4ctgp62s,did:plc:dn242yln2biooe6qkd237tqd,2026-09-08T19:12:37.088000+00:00,bluesky,true,true,false,true,relevant,relevant,irrelevant,llm_v2b>llm_v2c>llm_v2d,llm_v2b@2026-09-22T06:02:28.700376+00:00,9da653163799d56c+ca3b837dd0b3e85c,user,Qwen/Qwen3-4B-Instruct-2507,derived_validated,
60719,at://did:plc:dyzbakrpj25wudow7x43wmm6/app.bsky.feed.post/3muzonm45ls2t,did:plc:dyzbakrpj25wudow7x43wmm6,2026-09-08T18:46:29.774000+00:00,bluesky,true,true,false,true,relevant,relevant,irrelevant,llm_v2b>llm_v2c>llm_v2d,llm_v2b@2026-09-22T06:02:28.700376+00:00,9da653163799d56c+ca3b837dd0b3e85c,user,Qwen/Qwen3-4B-Instruct-2507,derived_validated,
60784,at://did:plc:zhe53h7ajlloep2oso5pqxzj/app.bsky.feed.post/3muzfvwoeu62j,did:plc:zhe53h7ajlloep2oso5pqxzj,2026-09-08T16:10:01+00:00,bluesky,true,true,false,true,relevant,relevant,irrelevant,llm_v2b>llm_v2c>llm_v2d,llm_v2b@2026-09-22T06:02:28.700376+00:00,9da653163799d56c+ca3b837dd0b3e85c,user,Qwen/Qwen3-4B-Instruct-2507,derived_validated,
60785,at://did:plc:zhe53h7ajlloep2oso5pqxzj/app.bsky.feed.post/3muzfvusbze2b,did:plc:zhe53h7ajlloep2oso5pqxzj,2026-09-08T16:10:01+00:00,bluesky,true,true,false,true,relevant,relevant,irrelevant,llm_v2b>llm_v2c>llm_v2d,llm_v2b@2026-09-22T06:02:28.700376+00:00,9da653163799d56c+ca3b837dd0b3e85c,user,Qwen/Qwen3-4B-Instruct-2507,derived_validated,
60800,at://did:plc:dn242yln2biooe6qkd237tqd/app.bsky.feed.post/3muzffe4jim2h,did:plc:dn242yln2biooe6qkd237tqd,2026-09-08T16:00:49.440000+00:00,bluesky,true,true,false,true,relevant,relevant,irrelevant,llm_v2b>llm_v2c>llm_v2d,llm_v2b@2026-09-22T06:02:28.700376+00:00,9da653163799d56c+ca3b837dd0b3e85c,user,Qwen/Qwen3-4B-Instruct-2507,derived_validated,
60942,at://did:plc:zhe53h7ajlloep2oso5pqxzj/app.bsky.feed.post/3muyrabjc2w2b,did:plc:zhe53h7ajlloep2oso5pqxzj,2026-09-08T10:00:01+00:00,bluesky,true,true,false,true,relevant,relevant,irrelevant,llm_v2b>llm_v2c>llm_v2d,llm_v2b@2026-09-22T06:02:28.700376+00:00,9da653163799d56c+ca3b837dd0b3e85c,user,Qwen/Qwen3-4B-Instruct-2507,derived_validated,
60959,at://did:plc:zhe53h7ajlloep2oso5pqxzj/app.bsky.feed.post/3muymratkn32t,did:plc:zhe53h7ajlloep2oso5pqxzj,2026-09-08T08:40:01+00:00,bluesky,true,true,false,true,relevant,relevant,irrelevant,llm_v2b>llm_v2c>llm_v2d,llm_v2b@2026-09-22T06:02:28.700376+00:00,9da653163799d56c+ca3b837dd0b3e85c,user,Qwen/Qwen3-4B-Instruct-2507,derived_validated,
61009,at://did:plc:6mp273np4so7urnhv77ifnwo/app.bsky.feed.post/3muy3gtljwl2l,did:plc:6mp273np4so7urnhv77ifnwo,2026-09-08T03:30:02.012757+00:00,bluesky,true,true,false,true,relevant,relevant,irrelevant,llm_v2b>llm_v2c>llm_v2d,llm_v2b@2026-09-22T06:02:28.700376+00:00,9da653163799d56c+ca3b837dd0b3e85c,user,Qwen/Qwen3-4B-Instruct-2507,derived_validated,
61099,at://did:plc:iofyvdnhthbohl7vl6kpwngr/app.bsky.feed.post/3muzzrtu5w22v,did:plc:iofyvdnhthbohl7vl6kpwngr,2026-09-08T22:05:43.473000+00:00,bluesky,true,true,false,true,relevant,relevant,irrelevant,llm_v2b>llm_v2c>llm_v2d,llm_v2b@2026-09-22T06:02:28.700376+00:00,9da653163799d56c+ca3b837dd0b3e85c,user,Qwen/Qwen3-4B-Instruct-2507,derived_validated,
61118,at://did:plc:sj7x2xctlsf6pilv4chfnz3t/app.bsky.feed.post/3muzdc2k3e323,did:plc:sj7x2xctlsf6pilv4chfnz3t,2026-09-08T15:23:10.709000+00:00,bluesky,true,true,false,true,relevant,relevant,irrelevant,llm_v2b>llm_v2c>llm_v2d,llm_v2b@2026-09-22T06:02:28.700376+00:00,9da653163799d56c+ca3b837dd0b3e85c,user,Qwen/Qwen3-4B-Instruct-2507,derived_validated,
61248,at://did:plc:42on2vfvhmpopylwukl6kpni/app.bsky.feed.post/3muyxchd7ds2c,did:plc:42on2vfvhmpopylwukl6kpni,2026-09-08T11:48:39.796000+00:00,bluesky,true,true,false,true,relevant,relevant,irrelevant,llm_v2b>llm_v2c>llm_v2d,llm_v2b@2026-09-22T06:02:28.700376+00:00,9da653163799d56c+ca3b837dd0b3e85c,user,Qwen/Qwen3-4B-Instruct-2507,derived_validated,
61249,at://did:plc:ltx2uimpnkqjmjf6i72jlw57/app.bsky.feed.post/3muyvpaftfc2d,did:plc:ltx2uimpnkqjmjf6i72jlw57,2026-09-08T11:20:01.265000+00:00,bluesky,true,true,true,true,relevant,relevant,relevant,llm_v2b>llm_v2c>llm_v2d,llm_v2b@2026-09-22T06:02:28.700376+00:00,9da653163799d56c+ca3b837dd0b3e85c,user,Qwen/Qwen3-4B-Instruct-2507,derived_validated,
61253,at://did:plc:k3voysvv7lqtujnuulvslxfb/app.bsky.feed.post/3mvw6l2r74lq2,did:plc:k3voysvv7lqtujnuulvslxfb,2026-09-20T02:46:45.987000+00:00,bluesky,true,true,true,true,relevant,relevant,relevant,llm_v2b>llm_v2c>llm_v2d,llm_v2b@2026-09-22T06:02:28.700376+00:00,9da653163799d56c+ca3b837dd0b3e85c,user,Qwen/Qwen3-4B-Instruct-2507,derived_validated,
61254,at://did:plc:x7ruo3dewxqyqznwrloj6vof/app.bsky.feed.post/iagjudmmm3rev,did:plc:x7ruo3dewxqyqznwrloj6vof,2026-09-08T10:37:33.522000+00:00,bluesky,true,true,false,true,relevant,relevant,irrelevant,llm_v2b>llm_v2c>llm_v2d,llm_v2b@2026-09-22T06:02:28.700376+00:00,9da653163799d56c+ca3b837dd0b3e85c,user,Qwen/Qwen3-4B-Instruct-2507,derived_validated,
61257,at://did:plc:5kubaprelrb7ryzpyq6bri6b/app.bsky.feed.post/3muyqqk3uxk2y,did:plc:5kubaprelrb7ryzpyq6bri6b,2026-09-08T09:51:16.271000+00:00,bluesky,true,true,false,true,relevant,relevant,irrelevant,llm_v2b>llm_v2c>llm_v2d,llm_v2b@2026-09-22T06:02:28.700376+00:00,9da653163799d56c+ca3b837dd0b3e85c,user,Qwen/Qwen3-4B-Instruct-2507,derived_validated,
61258,at://did:plc:qunibdkghbvronvhdzmuvcvo/app.bsky.feed.post/3muyohx23hb2x,did:plc:qunibdkghbvronvhdzmuvcvo,2026-09-08T09:10:39.473081+00:00,bluesky,true,true,false,true,relevant,relevant,irrelevant,llm_v2b>llm_v2c>llm_v2d,llm_v2b@2026-09-22T06:02:28.700376+00:00,9da653163799d56c+ca3b837dd0b3e85c,user,Qwen/Qwen3-4B-Instruct-2507,derived_validated,
61261,at://did:plc:o4gygiehiqr7hcpyicprn6w4/app.bsky.feed.post/3muymopkle62w,did:plc:o4gygiehiqr7hcpyicprn6w4,2026-09-08T08:38:39+00:00,bluesky,true,true,false,true,relevant,relevant,irrelevant,llm_v2b>llm_v2c>llm_v2d,llm_v2b@2026-09-22T06:02:28.700376+00:00,9da653163799d56c+ca3b837dd0b3e85c,user,Qwen/Qwen3-4B-Instruct-2507,derived_validated,
61264,at://did:plc:xyfby6or3234u5bf2xqxzzbs/app.bsky.feed.post/3muyle7ewnk2a,did:plc:xyfby6or3234u5bf2xqxzzbs,2026-09-08T08:14:53.667000+00:00,bluesky,true,true,false,true,relevant,relevant,irrelevant,llm_v2b>llm_v2c>llm_v2d,llm_v2b@2026-09-22T06:02:28.700376+00:00,9da653163799d56c+ca3b837dd0b3e85c,user,Qwen/Qwen3-4B-Instruct-2507,derived_validated,
61305,at://did:plc:7xnzfatinqrgutspserpnd3u/app.bsky.feed.post/3muzdmqr6z7p2,did:plc:7xnzfatinqrgutspserpnd3u,2026-09-08T15:29:07+00:00,bluesky,true,true,false,true,relevant,relevant,irrelevant,llm_v2b>llm_v2c>llm_v2d,llm_v2b@2026-09-22T06:02:28.700376+00:00,9da653163799d56c+ca3b837dd0b3e85c,user,Qwen/Qwen3-4B-Instruct-2507,derived_validated,
61317,at://did:plc:kzmukwaf72iwepygposicgt3/app.bsky.feed.post/3muzc67kgpn2h,did:plc:kzmukwaf72iwepygposicgt3,2026-09-08T14:10:38+00:00,bluesky,true,true,false,true,relevant,relevant,irrelevant,llm_v2b>llm_v2c>llm_v2d,llm_v2b@2026-09-22T06:02:28.700376+00:00,9da653163799d56c+ca3b837dd0b3e85c,user,Qwen/Qwen3-4B-Instruct-2507,derived_validated,
61321,at://did:plc:kzmukwaf72iwepygposicgt3/app.bsky.feed.post/3muz4oqfyam2l,did:plc:kzmukwaf72iwepygposicgt3,2026-09-08T12:59:02+00:00,bluesky,true,true,false,true,relevant,relevant,irrelevant,llm_v2b>llm_v2c>llm_v2d,llm_v2b@2026-09-22T06:02:28.700376+00:00,9da653163799d56c+ca3b837dd0b3e85c,user,Qwen/Qwen3-4B-Instruct-2507,derived_validated,
61338,at://did:plc:5kubaprelrb7ryzpyq6bri6b/app.bsky.feed.post/3muysectfzs2y,did:plc:5kubaprelrb7ryzpyq6bri6b,2026-09-08T10:20:13.483000+00:00,bluesky,true,true,false,true,relevant,relevant,irrelevant,llm_v2b>llm_v2c>llm_v2d,llm_v2b@2026-09-22T06:02:28.700376+00:00,9da653163799d56c+ca3b837dd0b3e85c,user,Qwen/Qwen3-4B-Instruct-2507,derived_validated,
61342,at://did:plc:zftvoircx65pyhni4fn4k6mj/app.bsky.feed.post/3muypfoikij2w,did:plc:zftvoircx65pyhni4fn4k6mj,2026-09-08T09:26:22.841000+00:00,bluesky,true,true,false,true,relevant,relevant,irrelevant,llm_v2b>llm_v2c>llm_v2d,llm_v2b@2026-09-22T06:02:28.700376+00:00,9da653163799d56c+ca3b837dd0b3e85c,user,Qwen/Qwen3-4B-Instruct-2507,derived_validated,
61349,at://did:plc:kzmukwaf72iwepygposicgt3/app.bsky.feed.post/3muybqgrfgu24,did:plc:kzmukwaf72iwepygposicgt3,2026-09-08T05:11:41+00:00,bluesky,true,true,false,true,relevant,relevant,irrelevant,llm_v2b>llm_v2c>llm_v2d,llm_v2b@2026-09-22T06:02:28.700376+00:00,9da653163799d56c+ca3b837dd0b3e85c,user,Qwen/Qwen3-4B-Instruct-2507,derived_validated,
61362,at://did:plc:7h7srlskyboefvfqmbgy2wax/app.bsky.feed.post/3mv4nfn3pbk22,did:plc:7h7srlskyboefvfqmbgy2wax,2026-09-09T23:02:06+00:00,bluesky,true,true,true,true,relevant,relevant,relevant,llm_v2b>llm_v2c>llm_v2d,llm_v2b@2026-09-22T06:02:28.700376+00:00,9da653163799d56c+ca3b837dd0b3e85c,user,Qwen/Qwen3-4B-Instruct-2507,derived_validated,
61369,at://did:plc:gf2kf7hzq524kg3v5esrvtzi/app.bsky.feed.post/3mv4khs6yik2w,did:plc:gf2kf7hzq524kg3v5esrvtzi,2026-09-09T22:09:38.902000+00:00,bluesky,true,true,false,true,relevant,relevant,irrelevant,llm_v2b>llm_v2c>llm_v2d,llm_v2b@2026-09-22T06:02:28.700376+00:00,9da653163799d56c+ca3b837dd0b3e85c,user,Qwen/Qwen3-4B-Instruct-2507,derived_validated,
61371,at://did:plc:hh3brnksirhma2rymwtpnp5w/app.bsky.feed.post/3mv4kg5x2tf2r,did:plc:hh3brnksirhma2rymwtpnp5w,2026-09-09T22:08:44.253046+00:00,bluesky,true,true,true,true,relevant,relevant,relevant,llm_v2b>llm_v2c>llm_v2d,llm_v2b@2026-09-22T06:02:28.700376+00:00,9da653163799d56c+ca3b837dd0b3e85c,user,Qwen/Qwen3-4B-Instruct-2507,derived_validated,
61375,at://did:plc:u5d54hkw4ysuqtuvcj6cmsin/app.bsky.feed.post/3mv4itp2rv52l,did:plc:u5d54hkw4ysuqtuvcj6cmsin,2026-09-09T21:40:31.046676+00:00,bluesky,true,true,true,true,relevant,relevant,relevant,llm_v2b>llm_v2c>llm_v2d,llm_v2b@2026-09-22T06:02:28.700376+00:00,9da653163799d56c+ca3b837dd0b3e85c,user,Qwen/Qwen3-4B-Instruct-2507,derived_validated,
61407,at://did:plc:i5a2vsezf56iu2yjtmb7m2tb/app.bsky.feed.post/3mv46a5o7nc2h,did:plc:i5a2vsezf56iu2yjtmb7m2tb,2026-09-09T18:30:37.969000+00:00,bluesky,true,true,true,true,relevant,relevant,relevant,llm_v2b>llm_v2c>llm_v2d,llm_v2b@2026-09-22T06:02:28.700376+00:00,9da653163799d56c+ca3b837dd0b3e85c,user,Qwen/Qwen3-4B-Instruct-2507,derived_validated,
61448,at://did:plc:5cjtlwhckfhm5oidxvvqxsrz/app.bsky.feed.post/3mv3wy3344q2i,did:plc:5cjtlwhckfhm5oidxvvqxsrz,2026-09-09T16:20:50.323422+00:00,bluesky,true,true,true,true,relevant,relevant,relevant,llm_v2b>llm_v2c>llm_v2d,llm_v2b@2026-09-22T06:02:28.700376+00:00,9da653163799d56c+ca3b837dd0b3e85c,user,Qwen/Qwen3-4B-Instruct-2507,derived_validated,
61501,at://did:plc:sj7x2xctlsf6pilv4chfnz3t/app.bsky.feed.post/3mv3qzjh5wj2u,did:plc:sj7x2xctlsf6pilv4chfnz3t,2026-09-09T14:34:16.280000+00:00,bluesky,true,true,false,true,relevant,relevant,irrelevant,llm_v2b>llm_v2c>llm_v2d,llm_v2b@2026-09-22T06:02:28.700376+00:00,9da653163799d56c+ca3b837dd0b3e85c,user,Qwen/Qwen3-4B-Instruct-2507,derived_validated,
61530,at://did:plc:u6celkmubfsmbus5m3aqcrla/app.bsky.feed.post/3mv3kwtuy542x,did:plc:u6celkmubfsmbus5m3aqcrla,2026-09-09T12:45:24+00:00,bluesky,true,true,true,true,relevant,relevant,relevant,llm_v2b>llm_v2c>llm_v2d,llm_v2b@2026-09-22T06:02:28.700376+00:00,9da653163799d56c+ca3b837dd0b3e85c,user,Qwen/Qwen3-4B-Instruct-2507,derived_validated,
61534,at://did:plc:u6celkmubfsmbus5m3aqcrla/app.bsky.feed.post/3mv3k3xotqp23,did:plc:u6celkmubfsmbus5m3aqcrla,2026-09-09T12:30:22+00:00,bluesky,true,true,true,true,relevant,relevant,relevant,llm_v2b>llm_v2c>llm_v2d,llm_v2b@2026-09-22T06:02:28.700376+00:00,9da653163799d56c+ca3b837dd0b3e85c,user,Qwen/Qwen3-4B-Instruct-2507,derived_validated,
61547,at://did:plc:7h7srlskyboefvfqmbgy2wax/app.bsky.feed.post/3mv3f667u4f2r,did:plc:7h7srlskyboefvfqmbgy2wax,2026-09-09T11:02:06+00:00,bluesky,true,true,true,true,relevant,relevant,relevant,llm_v2b>llm_v2c>llm_v2d,llm_v2b@2026-09-22T06:02:28.700376+00:00,9da653163799d56c+ca3b837dd0b3e85c,user,Qwen/Qwen3-4B-Instruct-2507,derived_validated,
61548,at://did:plc:7h7srlskyboefvfqmbgy2wax/app.bsky.feed.post/3mv3f57xygn2r,did:plc:7h7srlskyboefvfqmbgy2wax,2026-09-09T11:01:34+00:00,bluesky,true,true,true,true,relevant,relevant,relevant,llm_v2b>llm_v2c>llm_v2d,llm_v2b@2026-09-22T06:02:28.700376+00:00,9da653163799d56c+ca3b837dd0b3e85c,user,Qwen/Qwen3-4B-Instruct-2507,derived_validated,
61549,at://did:plc:7h7srlskyboefvfqmbgy2wax/app.bsky.feed.post/3mv3f4jrekd22,did:plc:7h7srlskyboefvfqmbgy2wax,2026-09-09T11:01:11+00:00,bluesky,true,true,true,true,relevant,relevant,relevant,llm_v2b>llm_v2c>llm_v2d,llm_v2b@2026-09-22T06:02:28.700376+00:00,9da653163799d56c+ca3b837dd0b3e85c,user,Qwen/Qwen3-4B-Instruct-2507,derived_validated,
61565,at://did:plc:5cjtlwhckfhm5oidxvvqxsrz/app.bsky.feed.post/3mv3dmtcmld26,did:plc:5cjtlwhckfhm5oidxvvqxsrz,2026-09-09T10:34:31.980295+00:00,bluesky,true,true,false,true,relevant,relevant,irrelevant,llm_v2b>llm_v2c>llm_v2d,llm_v2b@2026-09-22T06:02:28.700376+00:00,9da653163799d56c+ca3b837dd0b3e85c,user,Qwen/Qwen3-4B-Instruct-2507,derived_validated,
61569,at://did:plc:hh3brnksirhma2rymwtpnp5w/app.bsky.feed.post/3mv3cdnpvdz24,did:plc:hh3brnksirhma2rymwtpnp5w,2026-09-09T10:11:30.461633+00:00,bluesky,true,true,false,true,relevant,relevant,irrelevant,llm_v2b>llm_v2c>llm_v2d,llm_v2b@2026-09-22T06:02:28.700376+00:00,9da653163799d56c+ca3b837dd0b3e85c,user,Qwen/Qwen3-4B-Instruct-2507,derived_validated,
61570,at://did:plc:hh3brnksirhma2rymwtpnp5w/app.bsky.feed.post/3mv3cdbivln2g,did:plc:hh3brnksirhma2rymwtpnp5w,2026-09-09T10:11:17.638494+00:00,bluesky,true,true,false,true,relevant,relevant,irrelevant,llm_v2b>llm_v2c>llm_v2d,llm_v2b@2026-09-22T06:02:28.700376+00:00,9da653163799d56c+ca3b837dd0b3e85c,user,Qwen/Qwen3-4B-Instruct-2507,derived_validated,
61571,at://did:plc:hh3brnksirhma2rymwtpnp5w/app.bsky.feed.post/3mv3cctkkgs2z,did:plc:hh3brnksirhma2rymwtpnp5w,2026-09-09T10:11:03.028571+00:00,bluesky,true,true,false,true,relevant,relevant,irrelevant,llm_v2b>llm_v2c>llm_v2d,llm_v2b@2026-09-22T06:02:28.700376+00:00,9da653163799d56c+ca3b837dd0b3e85c,user,Qwen/Qwen3-4B-Instruct-2507,derived_validated,
61642,at://did:plc:u5d54hkw4ysuqtuvcj6cmsin/app.bsky.feed.post/3mv32zfiwdo2a,did:plc:u5d54hkw4ysuqtuvcj6cmsin,2026-09-09T08:00:30.249818+00:00,bluesky,true,true,true,true,relevant,relevant,relevant,llm_v2b>llm_v2c>llm_v2d,llm_v2b@2026-09-22T06:02:28.700376+00:00,9da653163799d56c+ca3b837dd0b3e85c,user,Qwen/Qwen3-4B-Instruct-2507,derived_validated,
61731,at://did:plc:x3eatm7ewml3k5jznej4lvsm/app.bsky.feed.post/3mv4dykuzgs27,did:plc:x3eatm7ewml3k5jznej4lvsm,2026-09-09T20:13:45.837000+00:00,bluesky,true,true,false,true,relevant,relevant,irrelevant,llm_v2b>llm_v2c>llm_v2d,llm_v2b@2026-09-22T06:02:28.700376+00:00,9da653163799d56c+ca3b837dd0b3e85c,user,Qwen/Qwen3-4B-Instruct-2507,derived_validated,
61747,at://did:plc:xnorkq6rie4u4a5ypwhtl6fw/app.bsky.feed.post/3mv47tqkqdk2r,did:plc:xnorkq6rie4u4a5ypwhtl6fw,2026-09-09T18:59:29.043000+00:00,bluesky,true,true,false,true,relevant,relevant,irrelevant,llm_v2b>llm_v2c>llm_v2d,llm_v2b@2026-09-22T06:02:28.700376+00:00,9da653163799d56c+ca3b837dd0b3e85c,user,Qwen/Qwen3-4B-Instruct-2507,derived_validated,
61756,at://did:plc:2fc6xocrdnswu53u5mq4udds/app.bsky.feed.post/3mv45vlqbqk2p,did:plc:2fc6xocrdnswu53u5mq4udds,2026-09-09T18:24:43.616000+00:00,bluesky,true,true,false,true,relevant,relevant,irrelevant,llm_v2b>llm_v2c>llm_v2d,llm_v2b@2026-09-22T06:02:28.700376+00:00,9da653163799d56c+ca3b837dd0b3e85c,user,Qwen/Qwen3-4B-Instruct-2507,derived_validated,
61932,at://did:plc:a3ul5q5rkrk4im4sesowx4b3/app.bsky.feed.post/3mv2ijfx7cd2t,did:plc:a3ul5q5rkrk4im4sesowx4b3,2026-09-09T02:29:26+00:00,bluesky,true,true,false,true,relevant,relevant,irrelevant,llm_v2b>llm_v2c>llm_v2d,llm_v2b@2026-09-22T06:02:28.700376+00:00,9da653163799d56c+ca3b837dd0b3e85c,user,Qwen/Qwen3-4B-Instruct-2507,derived_validated,
62021,at://did:plc:434ovkdx2pmlidpiyngzm326/app.bsky.feed.post/3mv3wwybcrq2w,did:plc:434ovkdx2pmlidpiyngzm326,2026-09-09T16:20:13+00:00,bluesky,true,true,false,true,relevant,relevant,irrelevant,llm_v2b>llm_v2c>llm_v2d,llm_v2b@2026-09-22T06:02:28.700376+00:00,9da653163799d56c+ca3b837dd0b3e85c,user,Qwen/Qwen3-4B-Instruct-2507,derived_validated,
62022,at://did:plc:hxkr7b6rc5iw323amryfslbm/app.bsky.feed.post/3mv3wwuqke72d,did:plc:hxkr7b6rc5iw323amryfslbm,2026-09-09T16:20:10+00:00,bluesky,true,true,false,true,relevant,relevant,irrelevant,llm_v2b>llm_v2c>llm_v2d,llm_v2b@2026-09-22T06:02:28.700376+00:00,9da653163799d56c+ca3b837dd0b3e85c,user,Qwen/Qwen3-4B-Instruct-2507,derived_validated,
62037,at://did:plc:sj7x2xctlsf6pilv4chfnz3t/app.bsky.feed.post/3mv3qz62bqm2f,did:plc:sj7x2xctlsf6pilv4chfnz3t,2026-09-09T14:34:04.330000+00:00,bluesky,true,true,false,true,relevant,relevant,irrelevant,llm_v2b>llm_v2c>llm_v2d,llm_v2b@2026-09-22T06:02:28.700376+00:00,9da653163799d56c+ca3b837dd0b3e85c,user,Qwen/Qwen3-4B-Instruct-2507,derived_validated,
62051,at://did:plc:tn76mfzhfevl6lnz6nnrg4h3/app.bsky.feed.post/3mv3grxnwg52v,did:plc:tn76mfzhfevl6lnz6nnrg4h3,2026-09-09T11:31:05+00:00,bluesky,true,true,false,true,relevant,relevant,irrelevant,llm_v2b>llm_v2c>llm_v2d,llm_v2b@2026-09-22T06:02:28.700376+00:00,9da653163799d56c+ca3b837dd0b3e85c,user,Qwen/Qwen3-4B-Instruct-2507,derived_validated,
63918,at://did:plc:bnk5d72upa2mfzwglo6ynbs3/app.bsky.feed.post/3mv4qhcnd4s2a,did:plc:bnk5d72upa2mfzwglo6ynbs3,2026-09-09T23:56:45.362714+00:00,bluesky,true,true,true,true,relevant,relevant,relevant,llm_v2b>llm_v2c>llm_v2d,llm_v2b@2026-09-22T06:02:28.700376+00:00,9da653163799d56c+ca3b837dd0b3e85c,user,Qwen/Qwen3-4B-Instruct-2507,derived_validated,
63952,at://did:plc:eto6t7rpubrs7rfjbpk47ji6/app.bsky.feed.post/3mv4mbopdsh2b,did:plc:eto6t7rpubrs7rfjbpk47ji6,2026-09-09T22:42:00.542000+00:00,bluesky,true,true,false,true,relevant,relevant,irrelevant,llm_v2b>llm_v2c>llm_v2d,llm_v2b@2026-09-22T06:02:28.700376+00:00,9da653163799d56c+ca3b837dd0b3e85c,user,Qwen/Qwen3-4B-Instruct-2507,derived_validated,
63972,at://did:plc:lirc57u4hu54xlmqfl2holat/app.bsky.feed.post/3mv4kbi7d7k2n,did:plc:lirc57u4hu54xlmqfl2holat,2026-09-09T22:06:07.431000+00:00,bluesky,true,true,true,true,relevant,relevant,relevant,llm_v2b>llm_v2c>llm_v2d,llm_v2b@2026-09-22T06:02:28.700376+00:00,9da653163799d56c+ca3b837dd0b3e85c,user,Qwen/Qwen3-4B-Instruct-2507,derived_validated,
63976,at://did:plc:lirc57u4hu54xlmqfl2holat/app.bsky.feed.post/3mv4k63qgkl2f,did:plc:lirc57u4hu54xlmqfl2holat,2026-09-09T22:04:13.694000+00:00,bluesky,true,true,true,true,relevant,relevant,relevant,llm_v2b>llm_v2c>llm_v2d,llm_v2b@2026-09-22T06:02:28.700376+00:00,9da653163799d56c+ca3b837dd0b3e85c,user,Qwen/Qwen3-4B-Instruct-2507,derived_validated,
63981,at://did:plc:mri4qfwjhti5j4c3ob5vtudy/app.bsky.feed.post/3mv4jxphkfc2l,did:plc:mri4qfwjhti5j4c3ob5vtudy,2026-09-09T22:00:39.538000+00:00,bluesky,true,true,false,true,relevant,relevant,irrelevant,llm_v2b>llm_v2c>llm_v2d,llm_v2b@2026-09-22T06:02:28.700376+00:00,9da653163799d56c+ca3b837dd0b3e85c,user,Qwen/Qwen3-4B-Instruct-2507,derived_validated,
63983,at://did:plc:pcievrygrnjjg5ni7mjfgctb/app.bsky.feed.post/3mv4jwwyfts25,did:plc:pcievrygrnjjg5ni7mjfgctb,2026-09-09T22:00:13.816000+00:00,bluesky,true,true,false,true,relevant,relevant,irrelevant,llm_v2b>llm_v2c>llm_v2d,llm_v2b@2026-09-22T06:02:28.700376+00:00,9da653163799d56c+ca3b837dd0b3e85c,user,Qwen/Qwen3-4B-Instruct-2507,derived_validated,
63999,at://did:plc:k2zvjffnqht6tug3pzbumvyg/app.bsky.feed.post/3mv4ibzet2k2v,did:plc:k2zvjffnqht6tug3pzbumvyg,2026-09-09T21:30:37.995000+00:00,bluesky,true,true,false,true,relevant,relevant,irrelevant,llm_v2b>llm_v2c>llm_v2d,llm_v2b@2026-09-22T06:02:28.700376+00:00,9da653163799d56c+ca3b837dd0b3e85c,user,Qwen/Qwen3-4B-Instruct-2507,derived_validated,
64003,at://did:plc:dadt6dec4yeubu25qgokscvl/app.bsky.feed.post/3mv4hvoy5lc2r,did:plc:dadt6dec4yeubu25qgokscvl,2026-09-09T21:23:44+00:00,bluesky,true,true,false,true,relevant,relevant,irrelevant,llm_v2b>llm_v2c>llm_v2d,llm_v2b@2026-09-22T06:02:28.700376+00:00,9da653163799d56c+ca3b837dd0b3e85c,user,Qwen/Qwen3-4B-Instruct-2507,derived_validated,
64007,at://did:plc:pdvjdejvjinix4lnt4sgzg7r/app.bsky.feed.post/3mv4hlygl6c2z,did:plc:pdvjdejvjinix4lnt4sgzg7r,2026-09-09T21:18:17+00:00,bluesky,false,false,true,true,irrelevant,irrelevant,relevant,llm_v2b>llm_v2c>llm_v2d,,,,,deterministic_rules,
64022,at://did:plc:pdvjdejvjinix4lnt4sgzg7r/app.bsky.feed.post/3mv4h63lmdu2p,did:plc:pdvjdejvjinix4lnt4sgzg7r,2026-09-09T21:10:31+00:00,bluesky,false,false,true,true,irrelevant,irrelevant,relevant,llm_v2b>llm_v2c>llm_v2d,,,,,deterministic_rules,
64037,at://did:plc:yhhqv2c64q5xv7mdwy6dbwqq/app.bsky.feed.post/3mv4go22pr52v,did:plc:yhhqv2c64q5xv7mdwy6dbwqq,2026-09-09T21:01:32+00:00,bluesky,true,true,false,true,relevant,relevant,irrelevant,llm_v2b>llm_v2c>llm_v2d,llm_v2b@2026-09-22T06:02:28.700376+00:00,9da653163799d56c+ca3b837dd0b3e85c,user,Qwen/Qwen3-4B-Instruct-2507,derived_validated,
64053,at://did:plc:pdvjdejvjinix4lnt4sgzg7r/app.bsky.feed.post/3mv4g23z5ea2y,did:plc:pdvjdejvjinix4lnt4sgzg7r,2026-09-09T20:50:23+00:00,bluesky,false,false,true,true,irrelevant,irrelevant,relevant,llm_v2b>llm_v2c>llm_v2d,,,,,deterministic_rules,
64056,at://did:plc:pdvjdejvjinix4lnt4sgzg7r/app.bsky.feed.post/3mv4fzct35624,did:plc:pdvjdejvjinix4lnt4sgzg7r,2026-09-09T20:49:57+00:00,bluesky,false,false,true,true,irrelevant,irrelevant,relevant,llm_v2b>llm_v2c>llm_v2d,,,,,deterministic_rules,
64095,at://did:plc:3dzlsh22j3qywv4f7a3jg6da/app.bsky.feed.post/3mv4dc3jg5b2d,did:plc:3dzlsh22j3qywv4f7a3jg6da,2026-09-09T20:01:11.493000+00:00,bluesky,true,true,true,true,relevant,relevant,relevant,llm_v2b>llm_v2c>llm_v2d,llm_v2b@2026-09-22T06:02:28.700376+00:00,9da653163799d56c+ca3b837dd0b3e85c,user,Qwen/Qwen3-4B-Instruct-2507,derived_validated,
64179,at://did:plc:abt5tpb7lqr7vopkrkwfswwq/app.bsky.feed.post/3mv46bjupkw2f,did:plc:abt5tpb7lqr7vopkrkwfswwq,2026-09-09T18:31:24.255495+00:00,bluesky,false,false,true,true,irrelevant,irrelevant,relevant,llm_v2b>llm_v2c>llm_v2d,,,,,deterministic_rules,
64253,at://did:plc:yytz6pkrybuult75bykqhxn6/app.bsky.feed.post/3mv432btsdu2b,did:plc:yytz6pkrybuult75bykqhxn6,2026-09-09T17:33:39.567212+00:00,bluesky,true,true,false,true,relevant,relevant,irrelevant,llm_v2b>llm_v2c>llm_v2d,llm_v2b@2026-09-22T06:02:28.700376+00:00,9da653163799d56c+ca3b837dd0b3e85c,user,Qwen/Qwen3-4B-Instruct-2507,derived_validated,
64312,at://did:plc:lirc57u4hu54xlmqfl2holat/app.bsky.feed.post/3mv3xy5wuyc2k,did:plc:lirc57u4hu54xlmqfl2holat,2026-09-09T16:38:47.172000+00:00,bluesky,true,true,true,true,relevant,relevant,relevant,llm_v2b>llm_v2c>llm_v2d,llm_v2b@2026-09-22T06:02:28.700376+00:00,9da653163799d56c+ca3b837dd0b3e85c,user,Qwen/Qwen3-4B-Instruct-2507,derived_validated,
64313,at://did:plc:lirc57u4hu54xlmqfl2holat/app.bsky.feed.post/3mv3xucfkzo25,did:plc:lirc57u4hu54xlmqfl2holat,2026-09-09T16:36:37.620000+00:00,bluesky,true,true,true,true,relevant,relevant,relevant,llm_v2b>llm_v2c>llm_v2d,llm_v2b@2026-09-22T06:02:28.700376+00:00,9da653163799d56c+ca3b837dd0b3e85c,user,Qwen/Qwen3-4B-Instruct-2507,derived_validated,
64314,at://did:plc:qhwxmtkrgw75ihx2gezh4bz6/app.bsky.feed.post/3mv3xsnzze22w,did:plc:qhwxmtkrgw75ihx2gezh4bz6,2026-09-09T16:35:42.909000+00:00,bluesky,true,true,true,true,relevant,relevant,relevant,llm_v2b>llm_v2c>llm_v2d,llm_v2b@2026-09-22T06:02:28.700376+00:00,9da653163799d56c+ca3b837dd0b3e85c,user,Qwen/Qwen3-4B-Instruct-2507,derived_validated,
64348,at://did:plc:27hrm33nfjzlwz5n7kx63l5e/app.bsky.feed.post/3mv3wgbvfss2c,did:plc:27hrm33nfjzlwz5n7kx63l5e,2026-09-09T16:10:53.790000+00:00,bluesky,true,true,false,true,relevant,relevant,irrelevant,llm_v2b>llm_v2c>llm_v2d,llm_v2b@2026-09-22T06:02:28.700376+00:00,9da653163799d56c+ca3b837dd0b3e85c,user,Qwen/Qwen3-4B-Instruct-2507,derived_validated,
64361,at://did:plc:3dzlsh22j3qywv4f7a3jg6da/app.bsky.feed.post/3mv3w2uu5nn2d,did:plc:3dzlsh22j3qywv4f7a3jg6da,2026-09-09T16:04:30.808000+00:00,bluesky,false,false,true,true,irrelevant,irrelevant,relevant,llm_v2b>llm_v2c>llm_v2d,,,,,deterministic_rules,
64372,at://did:plc:c2srhvjbzix3vwaqvw3d4fcm/app.bsky.feed.post/3mv3vuhroz72l,did:plc:c2srhvjbzix3vwaqvw3d4fcm,2026-09-09T16:00:55.785000+00:00,bluesky,true,true,false,true,relevant,relevant,irrelevant,llm_v2b>llm_v2c>llm_v2d,llm_v2b@2026-09-22T06:02:28.700376+00:00,9da653163799d56c+ca3b837dd0b3e85c,user,Qwen/Qwen3-4B-Instruct-2507,derived_validated,
64498,at://did:plc:zh77ra6ejiebe6eyrrlw52c7/app.bsky.feed.post/3mv3pd7bky32v,did:plc:zh77ra6ejiebe6eyrrlw52c7,2026-09-09T14:03:53.951714+00:00,bluesky,true,true,false,true,relevant,relevant,irrelevant,llm_v2b>llm_v2c>llm_v2d,llm_v2b@2026-09-22T06:02:28.700376+00:00,9da653163799d56c+ca3b837dd0b3e85c,user,Qwen/Qwen3-4B-Instruct-2507,derived_validated,
64522,at://did:plc:gxjo6ney3ywknt7wlqr4ljju/app.bsky.feed.post/3mv3nwywpjj2i,did:plc:gxjo6ney3ywknt7wlqr4ljju,2026-09-09T13:39:10.982000+00:00,bluesky,true,true,false,true,relevant,relevant,irrelevant,llm_v2b>llm_v2c>llm_v2d,llm_v2b@2026-09-22T06:02:28.700376+00:00,9da653163799d56c+ca3b837dd0b3e85c,user,Qwen/Qwen3-4B-Instruct-2507,derived_validated,
64548,at://did:plc:wx6chmyp3leanmion2c2ozww/app.bsky.feed.post/3mv3mgd2fuxa2,did:plc:wx6chmyp3leanmion2c2ozww,2026-09-09T13:11:54+00:00,bluesky,true,true,false,true,relevant,relevant,irrelevant,llm_v2b>llm_v2c>llm_v2d,llm_v2b@2026-09-22T06:02:28.700376+00:00,9da653163799d56c+ca3b837dd0b3e85c,user,Qwen/Qwen3-4B-Instruct-2507,derived_validated,
64570,at://did:plc:76lszyramlnzndisintl2uv4/app.bsky.feed.post/3mv3leqmprk2j,did:plc:76lszyramlnzndisintl2uv4,2026-09-09T12:53:10.966000+00:00,bluesky,true,true,false,true,relevant,relevant,irrelevant,llm_v2b>llm_v2c>llm_v2d,llm_v2b@2026-09-22T06:02:28.700376+00:00,9da653163799d56c+ca3b837dd0b3e85c,user,Qwen/Qwen3-4B-Instruct-2507,derived_validated,
64654,at://did:plc:ng33k5c3zzaulr5m7pshjkhi/app.bsky.feed.post/3mv3hfcziv22r,did:plc:ng33k5c3zzaulr5m7pshjkhi,2026-09-09T11:41:55.292000+00:00,bluesky,true,true,true,true,relevant,relevant,relevant,llm_v2b>llm_v2c>llm_v2d,llm_v2b@2026-09-22T06:02:28.700376+00:00,9da653163799d56c+ca3b837dd0b3e85c,user,Qwen/Qwen3-4B-Instruct-2507,derived_validated,
64680,at://did:plc:mri4qfwjhti5j4c3ob5vtudy/app.bsky.feed.post/3mv3etivkus26,did:plc:mri4qfwjhti5j4c3ob5vtudy,2026-09-09T10:56:09.992000+00:00,bluesky,true,true,false,true,relevant,relevant,irrelevant,llm_v2b>llm_v2c>llm_v2d,llm_v2b@2026-09-22T06:02:28.700376+00:00,9da653163799d56c+ca3b837dd0b3e85c,user,Qwen/Qwen3-4B-Instruct-2507,derived_validated,
64714,at://did:plc:45l4jq2f7cqvzzu3qvnygv46/app.bsky.feed.post/3mv3chda7y22k,did:plc:45l4jq2f7cqvzzu3qvnygv46,2026-09-09T10:13:33.912000+00:00,bluesky,true,true,false,true,relevant,relevant,irrelevant,llm_v2b>llm_v2c>llm_v2d,llm_v2b@2026-09-22T06:02:28.700376+00:00,9da653163799d56c+ca3b837dd0b3e85c,user,Qwen/Qwen3-4B-Instruct-2507,derived_validated,
64794,at://did:plc:fyitqypzz6qaax7ve46hsw52/app.bsky.feed.post/3mv34pfuqba24,did:plc:fyitqypzz6qaax7ve46hsw52,2026-09-09T08:30:40+00:00,bluesky,true,true,false,true,relevant,relevant,irrelevant,llm_v2b>llm_v2c>llm_v2d,llm_v2b@2026-09-22T06:02:28.700376+00:00,9da653163799d56c+ca3b837dd0b3e85c,user,Qwen/Qwen3-4B-Instruct-2507,derived_validated,
64846,at://did:plc:pmmdp7pe4uvsvn6pisc734vf/app.bsky.feed.post/3mv2xndr5ey2l,did:plc:pmmdp7pe4uvsvn6pisc734vf,2026-09-09T07:00:04.322762+00:00,bluesky,true,true,false,true,relevant,relevant,irrelevant,llm_v2b>llm_v2c>llm_v2d,llm_v2b@2026-09-22T06:02:28.700376+00:00,9da653163799d56c+ca3b837dd0b3e85c,user,Qwen/Qwen3-4B-Instruct-2507,derived_validated,
64859,at://did:plc:6mp273np4so7urnhv77ifnwo/app.bsky.feed.post/3mv2wjirqh52o,did:plc:6mp273np4so7urnhv77ifnwo,2026-09-09T06:40:01.747716+00:00,bluesky,true,true,false,true,relevant,relevant,irrelevant,llm_v2b>llm_v2c>llm_v2d,llm_v2b@2026-09-22T06:02:28.700376+00:00,9da653163799d56c+ca3b837dd0b3e85c,user,Qwen/Qwen3-4B-Instruct-2507,derived_validated,
64913,at://did:plc:2uzhzy3mmmha7lvezp6ua5fl/app.bsky.feed.post/3mv2qtk4beo23,did:plc:2uzhzy3mmmha7lvezp6ua5fl,2026-09-09T04:58:00+00:00,bluesky,true,true,false,true,relevant,relevant,irrelevant,llm_v2b>llm_v2c>llm_v2d,llm_v2b@2026-09-22T06:02:28.700376+00:00,9da653163799d56c+ca3b837dd0b3e85c,user,Qwen/Qwen3-4B-Instruct-2507,derived_validated,
64955,at://did:plc:7s4o3tuufxok4rzusbmcquc7/app.bsky.feed.post/3mv2ksdpnu42p,did:plc:7s4o3tuufxok4rzusbmcquc7,2026-09-09T03:10:13+00:00,bluesky,true,true,false,true,relevant,relevant,irrelevant,llm_v2b>llm_v2c>llm_v2d,llm_v2b@2026-09-22T06:02:28.700376+00:00,9da653163799d56c+ca3b837dd0b3e85c,user,Qwen/Qwen3-4B-Instruct-2507,derived_validated,
65055,at://did:plc:ejrdonhsxyou5txhfnfu5l44/app.bsky.feed.post/3mv4cbzp2b42k,did:plc:ejrdonhsxyou5txhfnfu5l44,2026-09-09T19:43:15+00:00,bluesky,true,true,false,true,relevant,relevant,irrelevant,llm_v2b>llm_v2c>llm_v2d,llm_v2b@2026-09-22T06:02:28.700376+00:00,9da653163799d56c+ca3b837dd0b3e85c,user,Qwen/Qwen3-4B-Instruct-2507,derived_validated,
65151,at://did:plc:3qfvl5yl6kslgiqtbuqzwsly/app.bsky.feed.post/3mv4bz247wy2y,did:plc:3qfvl5yl6kslgiqtbuqzwsly,2026-09-09T19:38:13.749331+00:00,bluesky,true,true,false,true,relevant,relevant,irrelevant,llm_v2b>llm_v2c>llm_v2d,llm_v2b@2026-09-22T06:02:28.700376+00:00,9da653163799d56c+ca3b837dd0b3e85c,user,Qwen/Qwen3-4B-Instruct-2507,derived_validated,
65314,at://did:plc:nnkakrka4ra5bagmtsqhnlyj/app.bsky.feed.post/3mv2nrdlete2n,did:plc:nnkakrka4ra5bagmtsqhnlyj,2026-09-09T04:03:20.652700+00:00,bluesky,true,true,false,true,relevant,relevant,irrelevant,llm_v2b>llm_v2c>llm_v2d,llm_v2b@2026-09-22T06:02:28.700376+00:00,9da653163799d56c+ca3b837dd0b3e85c,user,Qwen/Qwen3-4B-Instruct-2507,derived_validated,
65339,at://did:plc:idgnq57igcuexwjm23vgolek/app.bsky.feed.post/3mv2biq7evk2p,did:plc:idgnq57igcuexwjm23vgolek,2026-09-09T00:23:47.590000+00:00,bluesky,true,true,false,true,relevant,relevant,irrelevant,llm_v2b>llm_v2c>llm_v2d,llm_v2b@2026-09-22T06:02:28.700376+00:00,9da653163799d56c+ca3b837dd0b3e85c,user,Qwen/Qwen3-4B-Instruct-2507,derived_validated,
65487,at://did:plc:q5m4pspc6zmqru6b4dpg65yv/app.bsky.feed.post/3mv3zzeqhym2q,did:plc:q5m4pspc6zmqru6b4dpg65yv,2026-09-09T17:15:15.443011+00:00,bluesky,true,true,false,true,relevant,relevant,irrelevant,llm_v2b>llm_v2c>llm_v2d,llm_v2b@2026-09-22T06:02:28.700376+00:00,9da653163799d56c+ca3b837dd0b3e85c,user,Qwen/Qwen3-4B-Instruct-2507,derived_validated,
65924,at://did:plc:v4lvd2ff2zeovkwm57yqcaxb/app.bsky.feed.post/3mv2a6wo5we2p,did:plc:v4lvd2ff2zeovkwm57yqcaxb,2026-09-09T00:00:25.031877+00:00,bluesky,true,true,false,true,relevant,relevant,irrelevant,llm_v2b>llm_v2c>llm_v2d,llm_v2b@2026-09-22T06:02:28.700376+00:00,9da653163799d56c+ca3b837dd0b3e85c,user,Qwen/Qwen3-4B-Instruct-2507,derived_validated,
65990,at://did:plc:u2zjvwiyyiezc6hlxypomtj4/app.bsky.feed.post/3mv4oy4cjnc2f,did:plc:u2zjvwiyyiezc6hlxypomtj4,2026-09-09T23:30:21.714000+00:00,bluesky,true,true,false,true,relevant,relevant,irrelevant,llm_v2b>llm_v2c>llm_v2d,llm_v2b@2026-09-22T06:02:28.700376+00:00,9da653163799d56c+ca3b837dd0b3e85c,user,Qwen/Qwen3-4B-Instruct-2507,derived_validated,
66181,at://did:plc:64ggeaygv4cdoqzcvajghg6o/app.bsky.feed.post/3mv3mibbta22f,did:plc:64ggeaygv4cdoqzcvajghg6o,2026-09-09T13:13:02.819000+00:00,bluesky,true,true,false,true,relevant,relevant,irrelevant,llm_v2b>llm_v2c>llm_v2d,llm_v2b@2026-09-22T06:02:28.700376+00:00,9da653163799d56c+ca3b837dd0b3e85c,user,Qwen/Qwen3-4B-Instruct-2507,derived_validated,
66194,at://did:plc:q3xseiwesgj3wdoy3as365m2/app.bsky.feed.post/3mv3jkqoeks2k,did:plc:q3xseiwesgj3wdoy3as365m2,2026-09-09T12:20:44.864000+00:00,bluesky,true,true,true,true,relevant,relevant,relevant,llm_v2b>llm_v2c>llm_v2d,llm_v2b@2026-09-22T06:02:28.700376+00:00,9da653163799d56c+ca3b837dd0b3e85c,user,Qwen/Qwen3-4B-Instruct-2507,derived_validated,
66200,at://did:plc:bh4suvjqnnhrx7gnnxtg7hyu/app.bsky.feed.post/3mv3h6ui6tk2k,did:plc:bh4suvjqnnhrx7gnnxtg7hyu,2026-09-09T11:38:18.719000+00:00,bluesky,true,true,false,true,relevant,relevant,irrelevant,llm_v2b>llm_v2c>llm_v2d,llm_v2b@2026-09-22T06:02:28.700376+00:00,9da653163799d56c+ca3b837dd0b3e85c,user,Qwen/Qwen3-4B-Instruct-2507,derived_validated,
66232,at://did:plc:w6lx76fyzv6jabwg43p467fs/app.bsky.feed.post/3mv2yi7xcek23,did:plc:w6lx76fyzv6jabwg43p467fs,2026-09-09T07:15:06.605000+00:00,bluesky,true,true,false,true,relevant,relevant,irrelevant,llm_v2b>llm_v2c>llm_v2d,llm_v2b@2026-09-22T06:02:28.700376+00:00,9da653163799d56c+ca3b837dd0b3e85c,user,Qwen/Qwen3-4B-Instruct-2507,derived_validated,
66588,at://did:plc:ihpcyjtog7wgvpt42kq66sks/app.bsky.feed.post/3mv4hnv6ksk2j,did:plc:ihpcyjtog7wgvpt42kq66sks,2026-09-09T21:19:22.506000+00:00,bluesky,true,true,true,true,relevant,relevant,relevant,llm_v2b>llm_v2c>llm_v2d,llm_v2b@2026-09-22T06:02:28.700376+00:00,9da653163799d56c+ca3b837dd0b3e85c,user,Qwen/Qwen3-4B-Instruct-2507,derived_validated,
66593,at://did:plc:l4odhrpr4yumghdoqv3qhz5y/app.bsky.feed.post/3mv4buju43s2l,did:plc:l4odhrpr4yumghdoqv3qhz5y,2026-09-09T19:35:43.059000+00:00,bluesky,true,true,true,true,relevant,relevant,relevant,llm_v2b>llm_v2c>llm_v2d,llm_v2b@2026-09-22T06:02:28.700376+00:00,9da653163799d56c+ca3b837dd0b3e85c,user,Qwen/Qwen3-4B-Instruct-2507,derived_validated,
66637,at://did:plc:a3ao5kas7dyi5ooog5saz2ko/app.bsky.feed.post/3mv4lxvhw5f2d,did:plc:a3ao5kas7dyi5ooog5saz2ko,2026-09-09T22:36:33.276000+00:00,bluesky,true,true,false,true,relevant,relevant,irrelevant,llm_v2b>llm_v2c>llm_v2d,llm_v2b@2026-09-22T06:02:28.700376+00:00,9da653163799d56c+ca3b837dd0b3e85c,user,Qwen/Qwen3-4B-Instruct-2507,derived_validated,
66639,at://did:plc:a3ao5kas7dyi5ooog5saz2ko/app.bsky.feed.post/3mv4lxuum2m2l,did:plc:a3ao5kas7dyi5ooog5saz2ko,2026-09-09T22:36:32.643000+00:00,bluesky,true,true,false,true,relevant,relevant,irrelevant,llm_v2b>llm_v2c>llm_v2d,llm_v2b@2026-09-22T06:02:28.700376+00:00,9da653163799d56c+ca3b837dd0b3e85c,user,Qwen/Qwen3-4B-Instruct-2507,derived_validated,
66640,at://did:plc:a3ao5kas7dyi5ooog5saz2ko/app.bsky.feed.post/3mv4lxuj64j2v,did:plc:a3ao5kas7dyi5ooog5saz2ko,2026-09-09T22:36:32.268000+00:00,bluesky,true,true,false,true,relevant,relevant,irrelevant,llm_v2b>llm_v2c>llm_v2d,llm_v2b@2026-09-22T06:02:28.700376+00:00,9da653163799d56c+ca3b837dd0b3e85c,user,Qwen/Qwen3-4B-Instruct-2507,derived_validated,
66653,at://did:plc:rzgkp7rz2g73fw7mhf3l7jv3/app.bsky.feed.post/3mv4k2btkwk2t,did:plc:rzgkp7rz2g73fw7mhf3l7jv3,2026-09-09T22:02:05.914000+00:00,bluesky,true,true,false,true,relevant,relevant,irrelevant,llm_v2b>llm_v2c>llm_v2d,llm_v2b@2026-09-22T06:02:28.700376+00:00,9da653163799d56c+ca3b837dd0b3e85c,user,Qwen/Qwen3-4B-Instruct-2507,derived_validated,
66657,at://did:plc:bk2rsuppft7i6r6voztdlcy2/app.bsky.feed.post/3mv4jbcdnal23,did:plc:bk2rsuppft7i6r6voztdlcy2,2026-09-09T21:48:04+00:00,bluesky,true,true,false,true,relevant,relevant,irrelevant,llm_v2b>llm_v2c>llm_v2d,llm_v2b@2026-09-22T06:02:28.700376+00:00,9da653163799d56c+ca3b837dd0b3e85c,user,Qwen/Qwen3-4B-Instruct-2507,derived_validated,
66711,at://did:plc:dn242yln2biooe6qkd237tqd/app.bsky.feed.post/3mv4cjxnstc2z,did:plc:dn242yln2biooe6qkd237tqd,2026-09-09T19:47:41.930000+00:00,bluesky,true,true,false,true,relevant,relevant,irrelevant,llm_v2b>llm_v2c>llm_v2d,llm_v2b@2026-09-22T06:02:28.700376+00:00,9da653163799d56c+ca3b837dd0b3e85c,user,Qwen/Qwen3-4B-Instruct-2507,derived_validated,
66728,at://did:plc:xwlikwk3gxk36eutedptjpne/app.bsky.feed.post/3mv4addtzdk25,did:plc:xwlikwk3gxk36eutedptjpne,2026-09-09T19:08:12.411424+00:00,bluesky,true,true,false,true,relevant,relevant,irrelevant,llm_v2b>llm_v2c>llm_v2d,llm_v2b@2026-09-22T06:02:28.700376+00:00,9da653163799d56c+ca3b837dd0b3e85c,user,Qwen/Qwen3-4B-Instruct-2507,derived_validated,
66845,at://did:plc:bzu6bnduiksirnr3dnncpguk/app.bsky.feed.post/3mv3rksrrr3d2,did:plc:bzu6bnduiksirnr3dnncpguk,2026-09-09T14:43:49+00:00,bluesky,true,true,false,true,relevant,relevant,irrelevant,llm_v2b>llm_v2c>llm_v2d,llm_v2b@2026-09-22T06:02:28.700376+00:00,9da653163799d56c+ca3b837dd0b3e85c,user,Qwen/Qwen3-4B-Instruct-2507,derived_validated,
66854,at://did:plc:sj7x2xctlsf6pilv4chfnz3t/app.bsky.feed.post/3mv3qzbqhuy2c,did:plc:sj7x2xctlsf6pilv4chfnz3t,2026-09-09T14:34:08.141000+00:00,bluesky,true,true,false,true,relevant,relevant,irrelevant,llm_v2b>llm_v2c>llm_v2d,llm_v2b@2026-09-22T06:02:28.700376+00:00,9da653163799d56c+ca3b837dd0b3e85c,user,Qwen/Qwen3-4B-Instruct-2507,derived_validated,
66855,at://did:plc:sj7x2xctlsf6pilv4chfnz3t/app.bsky.feed.post/3mv3qyssgh72u,did:plc:sj7x2xctlsf6pilv4chfnz3t,2026-09-09T14:33:52.099000+00:00,bluesky,true,true,false,true,relevant,relevant,irrelevant,llm_v2b>llm_v2c>llm_v2d,llm_v2b@2026-09-22T06:02:28.700376+00:00,9da653163799d56c+ca3b837dd0b3e85c,user,Qwen/Qwen3-4B-Instruct-2507,derived_validated,
67048,at://did:plc:rvgczjwe4vpieijepny5voy7/app.bsky.feed.post/3mv3367ov2u2c,did:plc:rvgczjwe4vpieijepny5voy7,2026-09-09T08:03:11.931529+00:00,bluesky,true,true,false,true,relevant,relevant,irrelevant,llm_v2b>llm_v2c>llm_v2d,llm_v2b@2026-09-22T06:02:28.700376+00:00,9da653163799d56c+ca3b837dd0b3e85c,user,Qwen/Qwen3-4B-Instruct-2507,derived_validated,
67114,at://did:plc:zhe53h7ajlloep2oso5pqxzj/app.bsky.feed.post/3mv2rinzy2q2f,did:plc:zhe53h7ajlloep2oso5pqxzj,2026-09-09T05:10:01+00:00,bluesky,true,true,false,true,relevant,relevant,irrelevant,llm_v2b>llm_v2c>llm_v2d,llm_v2b@2026-09-22T06:02:28.700376+00:00,9da653163799d56c+ca3b837dd0b3e85c,user,Qwen/Qwen3-4B-Instruct-2507,derived_validated,
67124,at://did:plc:zhe53h7ajlloep2oso5pqxzj/app.bsky.feed.post/3mv2qwt4o4m2r,did:plc:zhe53h7ajlloep2oso5pqxzj,2026-09-09T05:00:02+00:00,bluesky,true,true,false,true,relevant,relevant,irrelevant,llm_v2b>llm_v2c>llm_v2d,llm_v2b@2026-09-22T06:02:28.700376+00:00,9da653163799d56c+ca3b837dd0b3e85c,user,Qwen/Qwen3-4B-Instruct-2507,derived_validated,
67185,at://did:plc:lg2azuclvmerb44dad4vdm65/app.bsky.feed.post/3mv2jo73gfz25,did:plc:lg2azuclvmerb44dad4vdm65,2026-09-09T02:50:00.693000+00:00,bluesky,true,true,false,true,relevant,relevant,irrelevant,llm_v2b>llm_v2c>llm_v2d,llm_v2b@2026-09-22T06:02:28.700376+00:00,9da653163799d56c+ca3b837dd0b3e85c,user,Qwen/Qwen3-4B-Instruct-2507,derived_validated,
67284,at://did:plc:pcievrygrnjjg5ni7mjfgctb/app.bsky.feed.post/3mv37zvbq5k25,did:plc:pcievrygrnjjg5ni7mjfgctb,2026-09-09T09:30:15.538000+00:00,bluesky,true,true,false,true,relevant,relevant,irrelevant,llm_v2b>llm_v2c>llm_v2d,llm_v2b@2026-09-22T06:02:28.700376+00:00,9da653163799d56c+ca3b837dd0b3e85c,user,Qwen/Qwen3-4B-Instruct-2507,derived_validated,
67436,at://did:plc:t5w2hj6vwjp43cfnxr6siueo/app.bsky.feed.post/3mv3nphyihm23,did:plc:t5w2hj6vwjp43cfnxr6siueo,2026-09-09T13:34:58.172795+00:00,bluesky,true,true,false,true,relevant,relevant,irrelevant,llm_v2b>llm_v2c>llm_v2d,llm_v2b@2026-09-22T06:02:28.700376+00:00,9da653163799d56c+ca3b837dd0b3e85c,user,Qwen/Qwen3-4B-Instruct-2507,derived_validated,
67479,at://did:plc:vevngu5t7a2zqvdftysxv26d/app.bsky.feed.post/3mv3p4cm2j22g,did:plc:vevngu5t7a2zqvdftysxv26d,2026-09-09T14:00:02.796000+00:00,bluesky,true,true,false,true,relevant,relevant,irrelevant,llm_v2b>llm_v2c>llm_v2d,llm_v2b@2026-09-22T06:02:28.700376+00:00,9da653163799d56c+ca3b837dd0b3e85c,user,Qwen/Qwen3-4B-Instruct-2507,derived_validated,
67502,at://did:plc:3o3opdq7zt3gyqep7snbpfjk/app.bsky.feed.post/3mv2uqtkc3h2w,did:plc:3o3opdq7zt3gyqep7snbpfjk,2026-09-09T06:08:17+00:00,bluesky,true,true,false,true,relevant,relevant,irrelevant,llm_v2b>llm_v2c>llm_v2d,llm_v2b@2026-09-22T06:02:28.700376+00:00,9da653163799d56c+ca3b837dd0b3e85c,user,Qwen/Qwen3-4B-Instruct-2507,derived_validated,
67542,at://did:plc:7h7srlskyboefvfqmbgy2wax/app.bsky.feed.post/3mv6x6qjk2v2p,did:plc:7h7srlskyboefvfqmbgy2wax,2026-09-10T21:02:32+00:00,bluesky,true,true,true,true,relevant,relevant,relevant,llm_v2b>llm_v2c>llm_v2d,llm_v2b@2026-09-22T06:02:28.700376+00:00,9da653163799d56c+ca3b837dd0b3e85c,user,Qwen/Qwen3-4B-Instruct-2507,derived_validated,
67543,at://did:plc:mri4qfwjhti5j4c3ob5vtudy/app.bsky.feed.post/3mv6x6bygz22g,did:plc:mri4qfwjhti5j4c3ob5vtudy,2026-09-10T21:02:18.412000+00:00,bluesky,true,true,false,true,relevant,relevant,irrelevant,llm_v2b>llm_v2c>llm_v2d,llm_v2b@2026-09-22T06:02:28.700376+00:00,9da653163799d56c+ca3b837dd0b3e85c,user,Qwen/Qwen3-4B-Instruct-2507,derived_validated,
67574,at://did:plc:hh3brnksirhma2rymwtpnp5w/app.bsky.feed.post/3mv6qn6hxhe2g,did:plc:hh3brnksirhma2rymwtpnp5w,2026-09-10T19:05:21.567198+00:00,bluesky,true,true,false,true,relevant,relevant,irrelevant,llm_v2b>llm_v2c>llm_v2d,llm_v2b@2026-09-22T06:02:28.700376+00:00,9da653163799d56c+ca3b837dd0b3e85c,user,Qwen/Qwen3-4B-Instruct-2507,derived_validated,
67593,at://did:plc:u6celkmubfsmbus5m3aqcrla/app.bsky.feed.post/3mv6nttrzmt27,did:plc:u6celkmubfsmbus5m3aqcrla,2026-09-10T18:15:24+00:00,bluesky,true,true,false,true,relevant,relevant,irrelevant,llm_v2b>llm_v2c>llm_v2d,llm_v2b@2026-09-22T06:02:28.700376+00:00,9da653163799d56c+ca3b837dd0b3e85c,user,Qwen/Qwen3-4B-Instruct-2507,derived_validated,
67629,at://did:plc:u6celkmubfsmbus5m3aqcrla/app.bsky.feed.post/3mv6fhklk6g2l,did:plc:u6celkmubfsmbus5m3aqcrla,2026-09-10T15:45:21+00:00,bluesky,true,true,false,true,relevant,relevant,irrelevant,llm_v2b>llm_v2c>llm_v2d,llm_v2b@2026-09-22T06:02:28.700376+00:00,9da653163799d56c+ca3b837dd0b3e85c,user,Qwen/Qwen3-4B-Instruct-2507,derived_validated,
67687,at://did:plc:u6celkmubfsmbus5m3aqcrla/app.bsky.feed.post/3mv63frozzx2q,did:plc:u6celkmubfsmbus5m3aqcrla,2026-09-10T12:45:24+00:00,bluesky,true,true,false,true,relevant,relevant,irrelevant,llm_v2b>llm_v2c>llm_v2d,llm_v2b@2026-09-22T06:02:28.700376+00:00,9da653163799d56c+ca3b837dd0b3e85c,user,Qwen/Qwen3-4B-Instruct-2507,derived_validated,
67688,at://did:plc:i5a2vsezf56iu2yjtmb7m2tb/app.bsky.feed.post/3mv632mqeoc2c,did:plc:i5a2vsezf56iu2yjtmb7m2tb,2026-09-10T12:39:10.692000+00:00,bluesky,true,true,false,true,relevant,relevant,irrelevant,llm_v2b>llm_v2c>llm_v2d,llm_v2b@2026-09-22T06:02:28.700376+00:00,9da653163799d56c+ca3b837dd0b3e85c,user,Qwen/Qwen3-4B-Instruct-2507,derived_validated,
67692,at://did:plc:5dyykuwjfcda6vtyatuihg4f/app.bsky.feed.post/3mv62luvge32v,did:plc:5dyykuwjfcda6vtyatuihg4f,2026-09-10T12:30:55.547270+00:00,bluesky,false,false,true,true,irrelevant,irrelevant,relevant,llm_v2b>llm_v2c>llm_v2d,,,,,deterministic_rules,
67729,at://did:plc:jbfxijhm7nkigpzbcm4rp42a/app.bsky.feed.post/3mv5stf2dqc2p,did:plc:jbfxijhm7nkigpzbcm4rp42a,2026-09-10T10:11:56+00:00,bluesky,true,true,false,true,relevant,relevant,irrelevant,llm_v2b>llm_v2c>llm_v2d,llm_v2b@2026-09-22T06:02:28.700376+00:00,9da653163799d56c+ca3b837dd0b3e85c,user,Qwen/Qwen3-4B-Instruct-2507,derived_validated,
67732,at://did:plc:mri4qfwjhti5j4c3ob5vtudy/app.bsky.feed.post/3mv5sfgfxrs2v,did:plc:mri4qfwjhti5j4c3ob5vtudy,2026-09-10T10:04:09.484000+00:00,bluesky,true,true,false,true,relevant,relevant,irrelevant,llm_v2b>llm_v2c>llm_v2d,llm_v2b@2026-09-22T06:02:28.700376+00:00,9da653163799d56c+ca3b837dd0b3e85c,user,Qwen/Qwen3-4B-Instruct-2507,derived_validated,
67735,at://did:plc:i2y34utl5i7yo34ymxxksmwo/app.bsky.feed.post/3mv5ragfcwu2a,did:plc:i2y34utl5i7yo34ymxxksmwo,2026-09-10T09:43:27+00:00,bluesky,true,true,false,true,relevant,relevant,irrelevant,llm_v2b>llm_v2c>llm_v2d,llm_v2b@2026-09-22T06:02:28.700376+00:00,9da653163799d56c+ca3b837dd0b3e85c,user,Qwen/Qwen3-4B-Instruct-2507,derived_validated,
67736,at://did:plc:q5m4pspc6zmqru6b4dpg65yv/app.bsky.feed.post/3mv5qvt6k2s2q,did:plc:q5m4pspc6zmqru6b4dpg65yv,2026-09-10T09:37:32.166517+00:00,bluesky,true,true,false,true,relevant,relevant,irrelevant,llm_v2b>llm_v2c>llm_v2d,llm_v2b@2026-09-22T06:02:28.700376+00:00,9da653163799d56c+ca3b837dd0b3e85c,user,Qwen/Qwen3-4B-Instruct-2507,derived_validated,
67767,at://did:plc:u6celkmubfsmbus5m3aqcrla/app.bsky.feed.post/3mv5bgdfswe24,did:plc:u6celkmubfsmbus5m3aqcrla,2026-09-10T05:00:25+00:00,bluesky,true,true,true,true,relevant,relevant,relevant,llm_v2b>llm_v2c>llm_v2d,llm_v2b@2026-09-22T06:02:28.700376+00:00,9da653163799d56c+ca3b837dd0b3e85c,user,Qwen/Qwen3-4B-Instruct-2507,derived_validated,
67845,at://did:plc:q62chzaatrxrvwkqxpaybikc/app.bsky.feed.post/3mv6ow73v5c2f,did:plc:q62chzaatrxrvwkqxpaybikc,2026-09-10T18:34:37.008000+00:00,bluesky,true,true,false,true,relevant,relevant,irrelevant,llm_v2b>llm_v2c>llm_v2d,llm_v2b@2026-09-22T06:02:28.700376+00:00,9da653163799d56c+ca3b837dd0b3e85c,user,Qwen/Qwen3-4B-Instruct-2507,derived_validated,
67888,at://did:plc:n4qxlew5soqpts52lnszov3d/app.bsky.feed.post/3mv6e2bnzjg2s,did:plc:n4qxlew5soqpts52lnszov3d,2026-09-10T15:14:48+00:00,bluesky,true,true,false,true,relevant,relevant,irrelevant,llm_v2b>llm_v2c>llm_v2d,llm_v2b@2026-09-22T06:02:28.700376+00:00,9da653163799d56c+ca3b837dd0b3e85c,user,Qwen/Qwen3-4B-Instruct-2507,derived_validated,
67943,at://did:plc:a3ul5q5rkrk4im4sesowx4b3/app.bsky.feed.post/3mv5x74axpe2n,did:plc:a3ul5q5rkrk4im4sesowx4b3,2026-09-10T11:30:05+00:00,bluesky,true,true,false,true,relevant,relevant,irrelevant,llm_v2b>llm_v2c>llm_v2d,llm_v2b@2026-09-22T06:02:28.700376+00:00,9da653163799d56c+ca3b837dd0b3e85c,user,Qwen/Qwen3-4B-Instruct-2507,derived_validated,
67944,at://did:plc:ppblad4zr4ogqkgdff7asa6l/app.bsky.feed.post/3mv5x72x2ps2m,did:plc:ppblad4zr4ogqkgdff7asa6l,2026-09-10T11:30:04.743924+00:00,bluesky,true,true,false,true,relevant,relevant,irrelevant,llm_v2b>llm_v2c>llm_v2d,llm_v2b@2026-09-22T06:02:28.700376+00:00,9da653163799d56c+ca3b837dd0b3e85c,user,Qwen/Qwen3-4B-Instruct-2507,derived_validated,
67965,at://did:plc:lpcsumiee6obcimaqmtnaypr/app.bsky.feed.post/3mv5roqphrb2b,did:plc:lpcsumiee6obcimaqmtnaypr,2026-09-10T09:51:24+00:00,bluesky,true,true,false,true,relevant,relevant,irrelevant,llm_v2b>llm_v2c>llm_v2d,llm_v2b@2026-09-22T06:02:28.700376+00:00,9da653163799d56c+ca3b837dd0b3e85c,user,Qwen/Qwen3-4B-Instruct-2507,derived_validated,
68080,at://did:plc:4ormibg2yqigx3pegwdgdg6j/app.bsky.feed.post/3mv6wva3fjz25,did:plc:4ormibg2yqigx3pegwdgdg6j,2026-09-10T20:57:13.434000+00:00,bluesky,false,false,true,true,irrelevant,irrelevant,relevant,llm_v2b>llm_v2c>llm_v2d,,,,,deterministic_rules,
68087,at://did:plc:le5b7ym7mphxuaaakfrgkfa6/app.bsky.feed.post/3mv6uvuz34k2t,did:plc:le5b7ym7mphxuaaakfrgkfa6,2026-09-10T20:21:48.882000+00:00,bluesky,false,false,true,true,irrelevant,irrelevant,relevant,llm_v2b>llm_v2c>llm_v2d,,,,,deterministic_rules,
68093,at://did:plc:gnir6dvmignwrrel43csxipd/app.bsky.feed.post/3mv6tj5l6zs2f,did:plc:gnir6dvmignwrrel43csxipd,2026-09-10T19:56:47.915000+00:00,bluesky,true,true,true,true,relevant,relevant,relevant,llm_v2b>llm_v2c>llm_v2d,llm_v2b@2026-09-22T06:02:28.700376+00:00,9da653163799d56c+ca3b837dd0b3e85c,user,Qwen/Qwen3-4B-Instruct-2507,derived_validated,
68095,at://did:plc:kzgromk2bjhabqrbaydysgbc/app.bsky.feed.post/3mv6tgbak7c2f,did:plc:kzgromk2bjhabqrbaydysgbc,2026-09-10T19:55:11.092000+00:00,bluesky,true,true,true,true,relevant,relevant,relevant,llm_v2b>llm_v2c>llm_v2d,llm_v2b@2026-09-22T06:02:28.700376+00:00,9da653163799d56c+ca3b837dd0b3e85c,user,Qwen/Qwen3-4B-Instruct-2507,derived_validated,
68100,at://did:plc:geidqukzen75knciqkq77vgq/app.bsky.feed.post/3mv6ra5rw3n2w,did:plc:geidqukzen75knciqkq77vgq,2026-09-10T19:15:58.627384+00:00,bluesky,true,true,true,true,relevant,relevant,relevant,llm_v2b>llm_v2c>llm_v2d,llm_v2b@2026-09-22T06:02:28.700376+00:00,9da653163799d56c+ca3b837dd0b3e85c,user,Qwen/Qwen3-4B-Instruct-2507,derived_validated,
68141,at://did:plc:q4a4soucagwdq4awl2zi6u7f/app.bsky.feed.post/3mv6fjj7atc22,did:plc:q4a4soucagwdq4awl2zi6u7f,2026-09-10T15:46:27.722000+00:00,bluesky,true,true,false,true,relevant,relevant,irrelevant,llm_v2b>llm_v2c>llm_v2d,llm_v2b@2026-09-22T06:02:28.700376+00:00,9da653163799d56c+ca3b837dd0b3e85c,user,Qwen/Qwen3-4B-Instruct-2507,derived_validated,
68142,at://did:plc:w5pxbmkjntxfw6mt4emennhv/app.bsky.feed.post/3mv6filxtac25,did:plc:w5pxbmkjntxfw6mt4emennhv,2026-09-10T15:45:57.069000+00:00,bluesky,true,true,true,true,relevant,relevant,relevant,llm_v2b>llm_v2c>llm_v2d,llm_v2b@2026-09-22T06:02:28.700376+00:00,9da653163799d56c+ca3b837dd0b3e85c,user,Qwen/Qwen3-4B-Instruct-2507,derived_validated,
68144,at://did:plc:uvibk5lz7tvzjr23li6ng6ai/app.bsky.feed.post/3mv6ezs2jkc2w,did:plc:uvibk5lz7tvzjr23li6ng6ai,2026-09-10T15:37:38.736884+00:00,bluesky,true,true,true,true,relevant,relevant,relevant,llm_v2b>llm_v2c>llm_v2d,llm_v2b@2026-09-22T06:02:28.700376+00:00,9da653163799d56c+ca3b837dd0b3e85c,user,Qwen/Qwen3-4B-Instruct-2507,derived_validated,
68154,at://did:plc:gaaaznpou42avtsc34n477o4/app.bsky.feed.post/3mv6d55xxrp2b,did:plc:gaaaznpou42avtsc34n477o4,2026-09-10T15:03:45.754000+00:00,bluesky,false,false,true,true,irrelevant,irrelevant,relevant,llm_v2b>llm_v2c>llm_v2d,,,,,deterministic_rules,
68162,at://did:plc:srcl6fbz4lmaj7lw7nhz3bn4/app.bsky.feed.post/3mv6bi4755227,did:plc:srcl6fbz4lmaj7lw7nhz3bn4,2026-09-10T14:34:05.562000+00:00,bluesky,true,true,true,true,relevant,relevant,relevant,llm_v2b>llm_v2c>llm_v2d,llm_v2b@2026-09-22T06:02:28.700376+00:00,9da653163799d56c+ca3b837dd0b3e85c,user,Qwen/Qwen3-4B-Instruct-2507,derived_validated,
68178,at://did:plc:qbruj5d5xw3qqorquiq34a7q/app.bsky.feed.post/3mv64d55ttc2w,did:plc:qbruj5d5xw3qqorquiq34a7q,2026-09-10T13:01:50.090000+00:00,bluesky,true,true,false,true,relevant,relevant,irrelevant,llm_v2b>llm_v2c>llm_v2d,llm_v2b@2026-09-22T06:02:28.700376+00:00,9da653163799d56c+ca3b837dd0b3e85c,user,Qwen/Qwen3-4B-Instruct-2507,derived_validated,
68228,at://did:plc:4i5aq6downq4cpgkgvxizvrk/app.bsky.feed.post/3mv5fybyqqk2r,did:plc:4i5aq6downq4cpgkgvxizvrk,2026-09-10T06:22:03.743000+00:00,bluesky,true,true,false,true,relevant,relevant,irrelevant,llm_v2b>llm_v2c>llm_v2d,llm_v2b@2026-09-22T06:02:28.700376+00:00,9da653163799d56c+ca3b837dd0b3e85c,user,Qwen/Qwen3-4B-Instruct-2507,derived_validated,
68239,at://did:plc:vxzqeu2zbp4bviwvmqbixlps/app.bsky.feed.post/3mv5aob23hu22,did:plc:vxzqeu2zbp4bviwvmqbixlps,2026-09-10T04:46:58.255108+00:00,bluesky,true,true,true,true,relevant,relevant,relevant,llm_v2b>llm_v2c>llm_v2d,llm_v2b@2026-09-22T06:02:28.700376+00:00,9da653163799d56c+ca3b837dd0b3e85c,user,Qwen/Qwen3-4B-Instruct-2507,derived_validated,
68264,at://did:plc:amnhdrsyqrmpomj6qdzc3ved/app.bsky.feed.post/3mv4roi6jjyp2,did:plc:amnhdrsyqrmpomj6qdzc3ved,2026-09-10T00:18:36+00:00,bluesky,true,true,true,true,relevant,relevant,relevant,llm_v2b>llm_v2c>llm_v2d,llm_v2b@2026-09-22T06:02:28.700376+00:00,9da653163799d56c+ca3b837dd0b3e85c,user,Qwen/Qwen3-4B-Instruct-2507,derived_validated,
68266,at://did:plc:mwbjyw6frqebtj4ixaevd7dg/app.bsky.feed.post/3mv4riwhkas2b,did:plc:mwbjyw6frqebtj4ixaevd7dg,2026-09-10T00:15:33.495000+00:00,bluesky,true,true,true,true,relevant,relevant,relevant,llm_v2b>llm_v2c>llm_v2d,llm_v2b@2026-09-22T06:02:28.700376+00:00,9da653163799d56c+ca3b837dd0b3e85c,user,Qwen/Qwen3-4B-Instruct-2507,derived_validated,
68315,at://did:plc:sj7x2xctlsf6pilv4chfnz3t/app.bsky.feed.post/3mv6basozsg23,did:plc:sj7x2xctlsf6pilv4chfnz3t,2026-09-10T14:30:00.095000+00:00,bluesky,true,true,false,true,relevant,relevant,irrelevant,llm_v2b>llm_v2c>llm_v2d,llm_v2b@2026-09-22T06:02:28.700376+00:00,9da653163799d56c+ca3b837dd0b3e85c,user,Qwen/Qwen3-4B-Instruct-2507,derived_validated,
68318,at://did:plc:x64ddzhh4j42ebz5difaqqc6/app.bsky.feed.post/3mv67xza7rc2w,did:plc:x64ddzhh4j42ebz5difaqqc6,2026-09-10T14:07:11.842000+00:00,bluesky,true,true,true,true,relevant,relevant,relevant,llm_v2b>llm_v2c>llm_v2d,llm_v2b@2026-09-22T06:02:28.700376+00:00,9da653163799d56c+ca3b837dd0b3e85c,user,Qwen/Qwen3-4B-Instruct-2507,derived_validated,
68319,at://did:plc:f344lli5rl7ebmkqqvoq3tz4/app.bsky.feed.post/3mv67xwdpsk2e,did:plc:f344lli5rl7ebmkqqvoq3tz4,2026-09-10T14:07:08.811000+00:00,bluesky,true,true,true,true,relevant,relevant,relevant,llm_v2b>llm_v2c>llm_v2d,llm_v2b@2026-09-22T06:02:28.700376+00:00,9da653163799d56c+ca3b837dd0b3e85c,user,Qwen/Qwen3-4B-Instruct-2507,derived_validated,
68326,at://did:plc:oswplizpyvwjt6omqpa6sa7m/app.bsky.feed.post/3mv5wzlgpfk2p,did:plc:oswplizpyvwjt6omqpa6sa7m,2026-09-10T11:27:00.805000+00:00,bluesky,true,true,true,true,relevant,relevant,relevant,llm_v2b>llm_v2c>llm_v2d,llm_v2b@2026-09-22T06:02:28.700376+00:00,9da653163799d56c+ca3b837dd0b3e85c,user,Qwen/Qwen3-4B-Instruct-2507,derived_validated,
68336,at://did:plc:ycdshfsnfrmev7qwwnyxaoex/app.bsky.feed.post/3mv5cmm2bhs2y,did:plc:ycdshfsnfrmev7qwwnyxaoex,2026-09-10T05:21:50.404000+00:00,bluesky,true,true,false,true,relevant,relevant,irrelevant,llm_v2b>llm_v2c>llm_v2d,llm_v2b@2026-09-22T06:02:28.700376+00:00,9da653163799d56c+ca3b837dd0b3e85c,user,Qwen/Qwen3-4B-Instruct-2507,derived_validated,
68340,at://did:plc:h3y7rhw6ao6nk5mmuskplxco/app.bsky.feed.post/3mv4xevwg6s2r,did:plc:h3y7rhw6ao6nk5mmuskplxco,2026-09-10T02:00:41.167000+00:00,bluesky,true,true,true,true,relevant,relevant,relevant,llm_v2b>llm_v2c>llm_v2d,llm_v2b@2026-09-22T06:02:28.700376+00:00,9da653163799d56c+ca3b837dd0b3e85c,user,Qwen/Qwen3-4B-Instruct-2507,derived_validated,
68341,at://did:plc:nibu4sqcfd7upw7kxgb5nt5g/app.bsky.feed.post/3mv4wvylajk2w,did:plc:nibu4sqcfd7upw7kxgb5nt5g,2026-09-10T01:52:20.630000+00:00,bluesky,true,true,true,true,relevant,relevant,relevant,llm_v2b>llm_v2c>llm_v2d,llm_v2b@2026-09-22T06:02:28.700376+00:00,9da653163799d56c+ca3b837dd0b3e85c,user,Qwen/Qwen3-4B-Instruct-2507,derived_validated,
68346,at://did:plc:sj3q7bq52ejz3oanpnk6i4v2/app.bsky.feed.post/3mv4qyi2odu2l,did:plc:sj3q7bq52ejz3oanpnk6i4v2,2026-09-10T00:06:21.445000+00:00,bluesky,true,true,true,true,relevant,relevant,relevant,llm_v2b>llm_v2c>llm_v2d,llm_v2b@2026-09-22T06:02:28.700376+00:00,9da653163799d56c+ca3b837dd0b3e85c,user,Qwen/Qwen3-4B-Instruct-2507,derived_validated,
68347,at://did:plc:ubzl6vvuf22s3uy6yurjrvdf/app.bsky.feed.post/3mv4qvhklcp2y,did:plc:ubzl6vvuf22s3uy6yurjrvdf,2026-09-10T00:04:40.101000+00:00,bluesky,true,true,true,true,relevant,relevant,relevant,llm_v2b>llm_v2c>llm_v2d,llm_v2b@2026-09-22T06:02:28.700376+00:00,9da653163799d56c+ca3b837dd0b3e85c,user,Qwen/Qwen3-4B-Instruct-2507,derived_validated,
68348,at://did:plc:ksubnc3tnvhynkmszhw5zsyh/app.bsky.feed.post/3mv4qv2mqh32r,did:plc:ksubnc3tnvhynkmszhw5zsyh,2026-09-10T00:04:26.719000+00:00,bluesky,true,true,true,true,relevant,relevant,relevant,llm_v2b>llm_v2c>llm_v2d,llm_v2b@2026-09-22T06:02:28.700376+00:00,9da653163799d56c+ca3b837dd0b3e85c,user,Qwen/Qwen3-4B-Instruct-2507,derived_validated,
68349,at://did:plc:swhavnqrtvhstcm275j242my/app.bsky.feed.post/5eeileco7bomt,did:plc:swhavnqrtvhstcm275j242my,2026-09-10T00:02:59.307000+00:00,bluesky,true,true,true,true,relevant,relevant,relevant,llm_v2b>llm_v2c>llm_v2d,llm_v2b@2026-09-22T06:02:28.700376+00:00,9da653163799d56c+ca3b837dd0b3e85c,user,Qwen/Qwen3-4B-Instruct-2507,derived_validated,
68380,at://did:plc:g323nwoy6rzvxylyjmn243qu/app.bsky.feed.post/3mv75k63ukk2t,did:plc:g323nwoy6rzvxylyjmn243qu,2026-09-10T22:56:19.434000+00:00,bluesky,true,true,true,true,relevant,relevant,relevant,llm_v2b>llm_v2c>llm_v2d,llm_v2b@2026-09-22T06:02:28.700376+00:00,9da653163799d56c+ca3b837dd0b3e85c,user,Qwen/Qwen3-4B-Instruct-2507,derived_validated,
68387,at://did:plc:g323nwoy6rzvxylyjmn243qu/app.bsky.feed.post/3mv74kbohes2t,did:plc:g323nwoy6rzvxylyjmn243qu,2026-09-10T22:38:29.448000+00:00,bluesky,false,false,true,true,irrelevant,irrelevant,relevant,llm_v2b>llm_v2c>llm_v2d,,,,,deterministic_rules,
68475,at://did:plc:jzowjfn37msetxsnqwkceacg/app.bsky.feed.post/3mv6w4ildq22h,did:plc:jzowjfn37msetxsnqwkceacg,2026-09-10T20:43:24.471000+00:00,bluesky,false,false,true,true,irrelevant,irrelevant,relevant,llm_v2b>llm_v2c>llm_v2d,,,,,deterministic_rules,
68495,at://did:plc:h6ftdiz2sx2btoeg773zjyuu/app.bsky.feed.post/3mv6udlsws224,did:plc:h6ftdiz2sx2btoeg773zjyuu,2026-09-10T20:11:35.260000+00:00,bluesky,true,true,false,true,relevant,relevant,irrelevant,llm_v2b>llm_v2c>llm_v2d,llm_v2b@2026-09-22T06:02:28.700376+00:00,9da653163799d56c+ca3b837dd0b3e85c,user,Qwen/Qwen3-4B-Instruct-2507,derived_validated,
68505,at://did:plc:3dzlsh22j3qywv4f7a3jg6da/app.bsky.feed.post/3mv6tvp3h5x2w,did:plc:3dzlsh22j3qywv4f7a3jg6da,2026-09-10T20:03:48.766000+00:00,bluesky,false,false,true,true,irrelevant,irrelevant,relevant,llm_v2b>llm_v2c>llm_v2d,,,,,deterministic_rules,
68507,at://did:plc:jxzjpg4p4giu4oycq2oaljip/app.bsky.feed.post/3mv6tqjamtz2z,did:plc:jxzjpg4p4giu4oycq2oaljip,2026-09-10T20:00:55.011795+00:00,bluesky,true,true,true,true,relevant,relevant,relevant,llm_v2b>llm_v2c>llm_v2d,llm_v2b@2026-09-22T06:02:28.700376+00:00,9da653163799d56c+ca3b837dd0b3e85c,user,Qwen/Qwen3-4B-Instruct-2507,derived_validated,
68524,at://did:plc:jrfrxm7ahfafxt7nooovdmix/app.bsky.feed.post/3mv6shg7i652r,did:plc:jrfrxm7ahfafxt7nooovdmix,2026-09-10T19:37:55+00:00,bluesky,true,true,false,true,relevant,relevant,irrelevant,llm_v2b>llm_v2c>llm_v2d,llm_v2b@2026-09-22T06:02:28.700376+00:00,9da653163799d56c+ca3b837dd0b3e85c,user,Qwen/Qwen3-4B-Instruct-2507,derived_validated,
68534,at://did:plc:cvylz7h3pndwnnbm5shwdhqv/app.bsky.feed.post/3mv6rxojdbk2r,did:plc:cvylz7h3pndwnnbm5shwdhqv,2026-09-10T19:29:07.958000+00:00,bluesky,true,true,false,true,relevant,relevant,irrelevant,llm_v2b>llm_v2c>llm_v2d,llm_v2b@2026-09-22T06:02:28.700376+00:00,9da653163799d56c+ca3b837dd0b3e85c,user,Qwen/Qwen3-4B-Instruct-2507,derived_validated,
68544,at://did:plc:t2kmv4hpbrg74u5n6z4uuzqh/app.bsky.feed.post/3mv6rf6wyrc23,did:plc:t2kmv4hpbrg74u5n6z4uuzqh,2026-09-10T19:18:47.647000+00:00,bluesky,true,true,true,true,relevant,relevant,relevant,llm_v2b>llm_v2c>llm_v2d,llm_v2b@2026-09-22T06:02:28.700376+00:00,9da653163799d56c+ca3b837dd0b3e85c,user,Qwen/Qwen3-4B-Instruct-2507,derived_validated,
68558,at://did:plc:xwlikwk3gxk36eutedptjpne/app.bsky.feed.post/3mv6qdmyaqg25,did:plc:xwlikwk3gxk36eutedptjpne,2026-09-10T19:00:01.311600+00:00,bluesky,true,true,false,true,relevant,relevant,irrelevant,llm_v2b>llm_v2c>llm_v2d,llm_v2b@2026-09-22T06:02:28.700376+00:00,9da653163799d56c+ca3b837dd0b3e85c,user,Qwen/Qwen3-4B-Instruct-2507,derived_validated,
68677,at://did:plc:3n7qemrmshz23pucxf4iuckk/app.bsky.feed.post/3mv6jwir3qm2w,did:plc:3n7qemrmshz23pucxf4iuckk,2026-09-10T17:05:18.148000+00:00,bluesky,true,true,false,true,relevant,relevant,irrelevant,llm_v2b>llm_v2c>llm_v2d,llm_v2b@2026-09-22T06:02:28.700376+00:00,9da653163799d56c+ca3b837dd0b3e85c,user,Qwen/Qwen3-4B-Instruct-2507,derived_validated,
68747,at://did:plc:3dzlsh22j3qywv4f7a3jg6da/app.bsky.feed.post/3mv6gnfsejk2p,did:plc:3dzlsh22j3qywv4f7a3jg6da,2026-09-10T16:06:31.953000+00:00,bluesky,false,false,true,true,irrelevant,irrelevant,relevant,llm_v2b>llm_v2c>llm_v2d,,,,,deterministic_rules,
68799,at://did:plc:acpihmoyanyipwwknkw6izgd/app.bsky.feed.post/3mv6e3lv2sc2b,did:plc:acpihmoyanyipwwknkw6izgd,2026-09-10T15:20:47.027000+00:00,bluesky,true,true,false,true,relevant,relevant,irrelevant,llm_v2b>llm_v2c>llm_v2d,llm_v2b@2026-09-22T06:02:28.700376+00:00,9da653163799d56c+ca3b837dd0b3e85c,user,Qwen/Qwen3-4B-Instruct-2507,derived_validated,
68837,at://did:plc:dnlygymbxetlmnowf72jfmrr/app.bsky.feed.post/3mv6cbslnsc2q,did:plc:dnlygymbxetlmnowf72jfmrr,2026-09-10T14:48:27+00:00,bluesky,true,true,false,true,relevant,relevant,irrelevant,llm_v2b>llm_v2c>llm_v2d,llm_v2b@2026-09-22T06:02:28.700376+00:00,9da653163799d56c+ca3b837dd0b3e85c,user,Qwen/Qwen3-4B-Instruct-2507,derived_validated,
68865,at://did:plc:7jbzzdwkklv6zclosshztkqi/app.bsky.feed.post/3mv6atrdftc2z,did:plc:7jbzzdwkklv6zclosshztkqi,2026-09-10T14:22:43.077000+00:00,bluesky,true,true,false,true,relevant,relevant,irrelevant,llm_v2b>llm_v2c>llm_v2d,llm_v2b@2026-09-22T06:02:28.700376+00:00,9da653163799d56c+ca3b837dd0b3e85c,user,Qwen/Qwen3-4B-Instruct-2507,derived_validated,
68867,at://did:plc:5juk3w5wiitesiighegnmdek/app.bsky.feed.post/3mv6ap3efxk2q,did:plc:5juk3w5wiitesiighegnmdek,2026-09-10T14:20:05.649000+00:00,bluesky,false,false,true,true,irrelevant,irrelevant,relevant,llm_v2b>llm_v2c>llm_v2d,,,,,deterministic_rules,
68909,at://did:plc:xr4reoimhk7aqcea2ep5oauo/app.bsky.feed.post/3mv662rh3jx2j,did:plc:xr4reoimhk7aqcea2ep5oauo,2026-09-10T13:32:56.082000+00:00,bluesky,true,true,false,true,relevant,relevant,irrelevant,llm_v2b>llm_v2c>llm_v2d,llm_v2b@2026-09-22T06:02:28.700376+00:00,9da653163799d56c+ca3b837dd0b3e85c,user,Qwen/Qwen3-4B-Instruct-2507,derived_validated,
68923,at://did:plc:37nkf4bl7g6kxtj4ic7gvktd/app.bsky.feed.post/3mv64vtlxk22c,did:plc:37nkf4bl7g6kxtj4ic7gvktd,2026-09-10T13:12:17.601000+00:00,bluesky,true,true,false,true,relevant,relevant,irrelevant,llm_v2b>llm_v2c>llm_v2d,llm_v2b@2026-09-22T06:02:28.700376+00:00,9da653163799d56c+ca3b837dd0b3e85c,user,Qwen/Qwen3-4B-Instruct-2507,derived_validated,
68966,at://did:plc:fyitqypzz6qaax7ve46hsw52/app.bsky.feed.post/3mv5z4dsyor2l,did:plc:fyitqypzz6qaax7ve46hsw52,2026-09-10T12:04:19+00:00,bluesky,true,true,false,true,relevant,relevant,irrelevant,llm_v2b>llm_v2c>llm_v2d,llm_v2b@2026-09-22T06:02:28.700376+00:00,9da653163799d56c+ca3b837dd0b3e85c,user,Qwen/Qwen3-4B-Instruct-2507,derived_validated,
68993,at://did:plc:ygei5vqh4oetmgs5znebhy4a/app.bsky.feed.post/3mv5xhvf2nh2v,did:plc:ygei5vqh4oetmgs5znebhy4a,2026-09-10T11:35:00+00:00,bluesky,true,true,false,true,relevant,relevant,irrelevant,llm_v2b>llm_v2c>llm_v2d,llm_v2b@2026-09-22T06:02:28.700376+00:00,9da653163799d56c+ca3b837dd0b3e85c,user,Qwen/Qwen3-4B-Instruct-2507,derived_validated,
69012,at://did:plc:mht5ub4ykjuoxpux77hikixt/app.bsky.feed.post/3mv5vzirqmo2w,did:plc:mht5ub4ykjuoxpux77hikixt,2026-09-10T11:08:58+00:00,bluesky,true,true,false,true,relevant,relevant,irrelevant,llm_v2b>llm_v2c>llm_v2d,llm_v2b@2026-09-22T06:02:28.700376+00:00,9da653163799d56c+ca3b837dd0b3e85c,user,Qwen/Qwen3-4B-Instruct-2507,derived_validated,
69032,at://did:plc:tm3vhcyxp2blwyb6ufiguoh3/app.bsky.feed.post/3mv5uxydiv227,did:plc:tm3vhcyxp2blwyb6ufiguoh3,2026-09-10T10:50:19.737000+00:00,bluesky,true,true,false,true,relevant,relevant,irrelevant,llm_v2b>llm_v2c>llm_v2d,llm_v2b@2026-09-22T06:02:28.700376+00:00,9da653163799d56c+ca3b837dd0b3e85c,user,Qwen/Qwen3-4B-Instruct-2507,derived_validated,
69076,at://did:plc:pcievrygrnjjg5ni7mjfgctb/app.bsky.feed.post/3mv5rmipbc225,did:plc:pcievrygrnjjg5ni7mjfgctb,2026-09-10T09:50:12.967000+00:00,bluesky,true,true,false,true,relevant,relevant,irrelevant,llm_v2b>llm_v2c>llm_v2d,llm_v2b@2026-09-22T06:02:28.700376+00:00,9da653163799d56c+ca3b837dd0b3e85c,user,Qwen/Qwen3-4B-Instruct-2507,derived_validated,
69150,at://did:plc:xbsbtrxnaey7fq4uth4vowhx/app.bsky.feed.post/3mv5lhtpnyn2f,did:plc:xbsbtrxnaey7fq4uth4vowhx,2026-09-10T08:00:12.860000+00:00,bluesky,true,true,false,true,relevant,relevant,irrelevant,llm_v2b>llm_v2c>llm_v2d,llm_v2b@2026-09-22T06:02:28.700376+00:00,9da653163799d56c+ca3b837dd0b3e85c,user,Qwen/Qwen3-4B-Instruct-2507,derived_validated,
69180,at://did:plc:qw3rlslzugmkitgpr5p4nned/app.bsky.feed.post/3mv5he2eu3u2n,did:plc:qw3rlslzugmkitgpr5p4nned,2026-09-10T06:46:32.018283+00:00,bluesky,true,true,false,true,relevant,relevant,irrelevant,llm_v2b>llm_v2c>llm_v2d,llm_v2b@2026-09-22T06:02:28.700376+00:00,9da653163799d56c+ca3b837dd0b3e85c,user,Qwen/Qwen3-4B-Instruct-2507,derived_validated,
69247,at://did:plc:6mp273np4so7urnhv77ifnwo/app.bsky.feed.post/3mv57qimaec2l,did:plc:6mp273np4so7urnhv77ifnwo,2026-09-10T04:30:19.715045+00:00,bluesky,true,true,false,true,relevant,relevant,irrelevant,llm_v2b>llm_v2c>llm_v2d,llm_v2b@2026-09-22T06:02:28.700376+00:00,9da653163799d56c+ca3b837dd0b3e85c,user,Qwen/Qwen3-4B-Instruct-2507,derived_validated,
69385,at://did:plc:liqmafscnatp37pjgtf64i5v/app.bsky.feed.post/3mv6yx7yqcs2t,did:plc:liqmafscnatp37pjgtf64i5v,2026-09-10T21:34:08.928000+00:00,bluesky,true,true,true,true,relevant,relevant,relevant,llm_v2b>llm_v2c>llm_v2d,llm_v2b@2026-09-22T06:02:28.700376+00:00,9da653163799d56c+ca3b837dd0b3e85c,user,Qwen/Qwen3-4B-Instruct-2507,derived_validated,
69389,at://did:plc:dn242yln2biooe6qkd237tqd/app.bsky.feed.post/3mv6ub3yqgg2d,did:plc:dn242yln2biooe6qkd237tqd,2026-09-10T20:10:11.375000+00:00,bluesky,true,true,false,true,relevant,relevant,irrelevant,llm_v2b>llm_v2c>llm_v2d,llm_v2b@2026-09-22T06:02:28.700376+00:00,9da653163799d56c+ca3b837dd0b3e85c,user,Qwen/Qwen3-4B-Instruct-2507,derived_validated,
69392,at://did:plc:ejrdonhsxyou5txhfnfu5l44/app.bsky.feed.post/3mv6ssh6o5w2z,did:plc:ejrdonhsxyou5txhfnfu5l44,2026-09-10T19:44:06+00:00,bluesky,true,true,false,true,relevant,relevant,irrelevant,llm_v2b>llm_v2c>llm_v2d,llm_v2b@2026-09-22T06:02:28.700376+00:00,9da653163799d56c+ca3b837dd0b3e85c,user,Qwen/Qwen3-4B-Instruct-2507,derived_validated,
69471,at://did:plc:7rgcg5ctnstylpaeoi6ebwt4/app.bsky.feed.post/3mv6vg3sqzk2s,did:plc:7rgcg5ctnstylpaeoi6ebwt4,2026-09-10T20:30:52.887000+00:00,bluesky,true,true,false,true,relevant,relevant,irrelevant,llm_v2b>llm_v2c>llm_v2d,llm_v2b@2026-09-22T06:02:28.700376+00:00,9da653163799d56c+ca3b837dd0b3e85c,user,Qwen/Qwen3-4B-Instruct-2507,derived_validated,
69598,at://did:plc:nnkakrka4ra5bagmtsqhnlyj/app.bsky.feed.post/3mv5eu4oyh32g,did:plc:nnkakrka4ra5bagmtsqhnlyj,2026-09-10T06:01:49.313867+00:00,bluesky,true,true,false,true,relevant,relevant,irrelevant,llm_v2b>llm_v2c>llm_v2d,llm_v2b@2026-09-22T06:02:28.700376+00:00,9da653163799d56c+ca3b837dd0b3e85c,user,Qwen/Qwen3-4B-Instruct-2507,derived_validated,
69636,at://did:plc:pcievrygrnjjg5ni7mjfgctb/app.bsky.feed.post/3mv6hgzzqvs25,did:plc:pcievrygrnjjg5ni7mjfgctb,2026-09-10T16:20:52.129000+00:00,bluesky,true,true,false,true,relevant,relevant,irrelevant,llm_v2b>llm_v2c>llm_v2d,llm_v2b@2026-09-22T06:02:28.700376+00:00,9da653163799d56c+ca3b837dd0b3e85c,user,Qwen/Qwen3-4B-Instruct-2507,derived_validated,
69654,at://did:plc:u6celkmubfsmbus5m3aqcrla/app.bsky.feed.post/3mv54fex6uo2x,did:plc:u6celkmubfsmbus5m3aqcrla,2026-09-10T03:30:25+00:00,bluesky,true,true,false,true,relevant,relevant,irrelevant,llm_v2b>llm_v2c>llm_v2d,llm_v2b@2026-09-22T06:02:28.700376+00:00,9da653163799d56c+ca3b837dd0b3e85c,user,Qwen/Qwen3-4B-Instruct-2507,derived_validated,
69890,at://did:plc:hufjjwwkxxsf5ztkce2ircwo/app.bsky.feed.post/3mv5exmpfnv2p,did:plc:hufjjwwkxxsf5ztkce2ircwo,2026-09-10T06:03:47.251000+00:00,bluesky,true,true,false,true,relevant,relevant,irrelevant,llm_v2b>llm_v2c>llm_v2d,llm_v2b@2026-09-22T06:02:28.700376+00:00,9da653163799d56c+ca3b837dd0b3e85c,user,Qwen/Qwen3-4B-Instruct-2507,derived_validated,
70060,at://did:plc:k5vjgwqysm3gxnioec4bvvfx/app.bsky.feed.post/3mv6xnm7gfs2f,did:plc:k5vjgwqysm3gxnioec4bvvfx,2026-09-10T21:10:52.443000+00:00,bluesky,false,false,true,true,irrelevant,irrelevant,relevant,llm_v2b>llm_v2c>llm_v2d,,,,,deterministic_rules,
70083,at://did:plc:yjuct3zo3lulksio4ctepwyu/app.bsky.feed.post/3mv6u4dnvcc2l,did:plc:yjuct3zo3lulksio4ctepwyu,2026-09-10T20:07:31.824000+00:00,bluesky,true,true,false,true,relevant,relevant,irrelevant,llm_v2b>llm_v2c>llm_v2d,llm_v2b@2026-09-22T06:02:28.700376+00:00,9da653163799d56c+ca3b837dd0b3e85c,user,Qwen/Qwen3-4B-Instruct-2507,derived_validated,
70130,at://did:plc:utrwcaqtrhik6qz6xhctwxnj/app.bsky.feed.post/3mv6nkqqqds2d,did:plc:utrwcaqtrhik6qz6xhctwxnj,2026-09-10T18:10:19.124000+00:00,bluesky,true,true,false,true,relevant,relevant,irrelevant,llm_v2b>llm_v2c>llm_v2d,llm_v2b@2026-09-22T06:02:28.700376+00:00,9da653163799d56c+ca3b837dd0b3e85c,user,Qwen/Qwen3-4B-Instruct-2507,derived_validated,
70760,at://did:plc:7rnqdlmgybpskmzb43cjfxaj/app.bsky.feed.post/3mv74uerots2n,did:plc:7rnqdlmgybpskmzb43cjfxaj,2026-09-10T22:44:08.243000+00:00,bluesky,true,true,false,true,relevant,relevant,irrelevant,llm_v2b>llm_v2c>llm_v2d,llm_v2b@2026-09-22T06:02:28.700376+00:00,9da653163799d56c+ca3b837dd0b3e85c,user,Qwen/Qwen3-4B-Instruct-2507,derived_validated,
70764,at://did:plc:a3ao5kas7dyi5ooog5saz2ko/app.bsky.feed.post/3mv74m2655s2v,did:plc:a3ao5kas7dyi5ooog5saz2ko,2026-09-10T22:39:28.610000+00:00,bluesky,true,true,false,true,relevant,relevant,irrelevant,llm_v2b>llm_v2c>llm_v2d,llm_v2b@2026-09-22T06:02:28.700376+00:00,9da653163799d56c+ca3b837dd0b3e85c,user,Qwen/Qwen3-4B-Instruct-2507,derived_validated,
70783,at://did:plc:gaaaznpou42avtsc34n477o4/app.bsky.feed.post/3mv6zqrlnyp25,did:plc:gaaaznpou42avtsc34n477o4,2026-09-10T21:48:26.169000+00:00,bluesky,true,true,false,true,relevant,relevant,irrelevant,llm_v2b>llm_v2c>llm_v2d,llm_v2b@2026-09-22T06:02:28.700376+00:00,9da653163799d56c+ca3b837dd0b3e85c,user,Qwen/Qwen3-4B-Instruct-2507,derived_validated,
70951,at://did:plc:z24pbqze7pwrut7rm6b73bsn/app.bsky.feed.post/3mv6gjn264y2a,did:plc:z24pbqze7pwrut7rm6b73bsn,2026-09-10T16:04:25.438258+00:00,bluesky,true,true,false,true,relevant,relevant,irrelevant,llm_v2b>llm_v2c>llm_v2d,llm_v2b@2026-09-22T06:02:28.700376+00:00,9da653163799d56c+ca3b837dd0b3e85c,user,Qwen/Qwen3-4B-Instruct-2507,derived_validated,
70973,at://did:plc:dn242yln2biooe6qkd237tqd/app.bsky.feed.post/3mv6ewhoe4y2a,did:plc:dn242yln2biooe6qkd237tqd,2026-09-10T15:35:48.548000+00:00,bluesky,true,true,false,true,relevant,relevant,irrelevant,llm_v2b>llm_v2c>llm_v2d,llm_v2b@2026-09-22T06:02:28.700376+00:00,9da653163799d56c+ca3b837dd0b3e85c,user,Qwen/Qwen3-4B-Instruct-2507,derived_validated,
70974,at://did:plc:dn242yln2biooe6qkd237tqd/app.bsky.feed.post/3mv6ewh6ebp2g,did:plc:dn242yln2biooe6qkd237tqd,2026-09-10T15:35:47.868000+00:00,bluesky,true,true,false,true,relevant,relevant,irrelevant,llm_v2b>llm_v2c>llm_v2d,llm_v2b@2026-09-22T06:02:28.700376+00:00,9da653163799d56c+ca3b837dd0b3e85c,user,Qwen/Qwen3-4B-Instruct-2507,derived_validated,
70975,at://did:plc:dn242yln2biooe6qkd237tqd/app.bsky.feed.post/3mv6ewgsr322l,did:plc:dn242yln2biooe6qkd237tqd,2026-09-10T15:35:47.484000+00:00,bluesky,true,true,false,true,relevant,relevant,irrelevant,llm_v2b>llm_v2c>llm_v2d,llm_v2b@2026-09-22T06:02:28.700376+00:00,9da653163799d56c+ca3b837dd0b3e85c,user,Qwen/Qwen3-4B-Instruct-2507,derived_validated,
70999,at://did:plc:zhe53h7ajlloep2oso5pqxzj/app.bsky.feed.post/3mv6bavqhlm22,did:plc:zhe53h7ajlloep2oso5pqxzj,2026-09-10T14:30:01+00:00,bluesky,true,true,false,true,relevant,relevant,irrelevant,llm_v2b>llm_v2c>llm_v2d,llm_v2b@2026-09-22T06:02:28.700376+00:00,9da653163799d56c+ca3b837dd0b3e85c,user,Qwen/Qwen3-4B-Instruct-2507,derived_validated,
71007,at://did:plc:rzgkp7rz2g73fw7mhf3l7jv3/app.bsky.feed.post/3mv67rqx4x222,did:plc:rzgkp7rz2g73fw7mhf3l7jv3,2026-09-10T14:03:41.829000+00:00,bluesky,true,true,false,true,relevant,relevant,irrelevant,llm_v2b>llm_v2c>llm_v2d,llm_v2b@2026-09-22T06:02:28.700376+00:00,9da653163799d56c+ca3b837dd0b3e85c,user,Qwen/Qwen3-4B-Instruct-2507,derived_validated,
71018,at://did:plc:zhe53h7ajlloep2oso5pqxzj/app.bsky.feed.post/3mv66hk7skw2p,did:plc:zhe53h7ajlloep2oso5pqxzj,2026-09-10T13:40:01+00:00,bluesky,true,true,false,true,relevant,relevant,irrelevant,llm_v2b>llm_v2c>llm_v2d,llm_v2b@2026-09-22T06:02:28.700376+00:00,9da653163799d56c+ca3b837dd0b3e85c,user,Qwen/Qwen3-4B-Instruct-2507,derived_validated,
71026,at://did:plc:zhe53h7ajlloep2oso5pqxzj/app.bsky.feed.post/3mv65vmonis2w,did:plc:zhe53h7ajlloep2oso5pqxzj,2026-09-10T13:30:01+00:00,bluesky,true,true,false,true,relevant,relevant,irrelevant,llm_v2b>llm_v2c>llm_v2d,llm_v2b@2026-09-22T06:02:28.700376+00:00,9da653163799d56c+ca3b837dd0b3e85c,user,Qwen/Qwen3-4B-Instruct-2507,derived_validated,
71045,at://did:plc:sj3q7bq52ejz3oanpnk6i4v2/app.bsky.feed.post/3mv632dwo2k22,did:plc:sj3q7bq52ejz3oanpnk6i4v2,2026-09-10T12:39:01.383000+00:00,bluesky,true,true,false,true,relevant,relevant,irrelevant,llm_v2b>llm_v2c>llm_v2d,llm_v2b@2026-09-22T06:02:28.700376+00:00,9da653163799d56c+ca3b837dd0b3e85c,user,Qwen/Qwen3-4B-Instruct-2507,derived_validated,
71046,at://did:plc:ksubnc3tnvhynkmszhw5zsyh/app.bsky.feed.post/3mv62xlkqx42p,did:plc:ksubnc3tnvhynkmszhw5zsyh,2026-09-10T12:37:28.742000+00:00,bluesky,true,true,false,true,relevant,relevant,irrelevant,llm_v2b>llm_v2c>llm_v2d,llm_v2b@2026-09-22T06:02:28.700376+00:00,9da653163799d56c+ca3b837dd0b3e85c,user,Qwen/Qwen3-4B-Instruct-2507,derived_validated,
71048,at://did:plc:fkxcnwwlovg6pckgqtmn2fzd/app.bsky.feed.post/3mv62ros7xl2a,did:plc:fkxcnwwlovg6pckgqtmn2fzd,2026-09-10T12:34:09+00:00,bluesky,true,true,false,true,relevant,relevant,irrelevant,llm_v2b>llm_v2c>llm_v2d,llm_v2b@2026-09-22T06:02:28.700376+00:00,9da653163799d56c+ca3b837dd0b3e85c,user,Qwen/Qwen3-4B-Instruct-2507,derived_validated,
71130,at://did:plc:myutg2pwkjbukv7pq2hp5mtl/app.bsky.feed.post/evevywnnlif2v,did:plc:myutg2pwkjbukv7pq2hp5mtl,2026-09-10T09:57:53.327000+00:00,bluesky,true,true,false,true,relevant,relevant,irrelevant,llm_v2b>llm_v2c>llm_v2d,llm_v2b@2026-09-22T06:02:28.700376+00:00,9da653163799d56c+ca3b837dd0b3e85c,user,Qwen/Qwen3-4B-Instruct-2507,derived_validated,
71131,at://did:plc:myutg2pwkjbukv7pq2hp5mtl/app.bsky.feed.post/dd7bpuxqtnxlq,did:plc:myutg2pwkjbukv7pq2hp5mtl,2026-09-10T09:51:53.322000+00:00,bluesky,true,true,false,true,relevant,relevant,irrelevant,llm_v2b>llm_v2c>llm_v2d,llm_v2b@2026-09-22T06:02:28.700376+00:00,9da653163799d56c+ca3b837dd0b3e85c,user,Qwen/Qwen3-4B-Instruct-2507,derived_validated,
71247,at://did:plc:zhe53h7ajlloep2oso5pqxzj/app.bsky.feed.post/3mv53axdsuw2g,did:plc:zhe53h7ajlloep2oso5pqxzj,2026-09-10T03:10:01+00:00,bluesky,true,true,false,true,relevant,relevant,irrelevant,llm_v2b>llm_v2c>llm_v2d,llm_v2b@2026-09-22T06:02:28.700376+00:00,9da653163799d56c+ca3b837dd0b3e85c,user,Qwen/Qwen3-4B-Instruct-2507,derived_validated,
71262,at://did:plc:zhe53h7ajlloep2oso5pqxzj/app.bsky.feed.post/3mv4zlcoahh2j,did:plc:zhe53h7ajlloep2oso5pqxzj,2026-09-10T02:40:01+00:00,bluesky,true,true,false,true,relevant,relevant,irrelevant,llm_v2b>llm_v2c>llm_v2d,llm_v2b@2026-09-22T06:02:28.700376+00:00,9da653163799d56c+ca3b837dd0b3e85c,user,Qwen/Qwen3-4B-Instruct-2507,derived_validated,
71279,at://did:plc:zhe53h7ajlloep2oso5pqxzj/app.bsky.feed.post/3mv4xdtkkb32t,did:plc:zhe53h7ajlloep2oso5pqxzj,2026-09-10T02:00:02+00:00,bluesky,true,true,false,true,relevant,relevant,irrelevant,llm_v2b>llm_v2c>llm_v2d,llm_v2b@2026-09-22T06:02:28.700376+00:00,9da653163799d56c+ca3b837dd0b3e85c,user,Qwen/Qwen3-4B-Instruct-2507,derived_validated,
71282,at://did:plc:zhe53h7ajlloep2oso5pqxzj/app.bsky.feed.post/3mv4wa33y452f,did:plc:zhe53h7ajlloep2oso5pqxzj,2026-09-10T01:40:01+00:00,bluesky,true,true,false,true,relevant,relevant,irrelevant,llm_v2b>llm_v2c>llm_v2d,llm_v2b@2026-09-22T06:02:28.700376+00:00,9da653163799d56c+ca3b837dd0b3e85c,user,Qwen/Qwen3-4B-Instruct-2507,derived_validated,
71284,at://did:plc:2pgnv3aw5dhgz47345v5nfpu/app.bsky.feed.post/3mv4w4ep6jy22,did:plc:2pgnv3aw5dhgz47345v5nfpu,2026-09-10T01:38:00.837773+00:00,bluesky,true,true,false,true,relevant,relevant,irrelevant,llm_v2b>llm_v2c>llm_v2d,llm_v2b@2026-09-22T06:02:28.700376+00:00,9da653163799d56c+ca3b837dd0b3e85c,user,Qwen/Qwen3-4B-Instruct-2507,derived_validated,
71308,at://did:plc:zhe53h7ajlloep2oso5pqxzj/app.bsky.feed.post/3mv4surdd3h2b,did:plc:zhe53h7ajlloep2oso5pqxzj,2026-09-10T00:40:01+00:00,bluesky,true,true,false,true,relevant,relevant,irrelevant,llm_v2b>llm_v2c>llm_v2d,llm_v2b@2026-09-22T06:02:28.700376+00:00,9da653163799d56c+ca3b837dd0b3e85c,user,Qwen/Qwen3-4B-Instruct-2507,derived_validated,
71311,at://did:plc:zhe53h7ajlloep2oso5pqxzj/app.bsky.feed.post/3mv4scut4qa2y,did:plc:zhe53h7ajlloep2oso5pqxzj,2026-09-10T00:30:02+00:00,bluesky,true,true,false,true,relevant,relevant,irrelevant,llm_v2b>llm_v2c>llm_v2d,llm_v2b@2026-09-22T06:02:28.700376+00:00,9da653163799d56c+ca3b837dd0b3e85c,user,Qwen/Qwen3-4B-Instruct-2507,derived_validated,
71406,at://did:plc:ubzwbtr2l5zuyzursbz5kapu/app.bsky.feed.post/3mv67nvbhd32s,did:plc:ubzwbtr2l5zuyzursbz5kapu,2026-09-10T14:01:31.182389+00:00,bluesky,true,true,false,true,relevant,relevant,irrelevant,llm_v2b>llm_v2c>llm_v2d,llm_v2b@2026-09-22T06:02:28.700376+00:00,9da653163799d56c+ca3b837dd0b3e85c,user,Qwen/Qwen3-4B-Instruct-2507,derived_validated,
71464,at://did:plc:yz3mevhw47d6mkipfl2fhelz/app.bsky.feed.post/3mv4vfc2j7f2k,did:plc:yz3mevhw47d6mkipfl2fhelz,2026-09-10T01:25:03+00:00,bluesky,true,true,false,true,relevant,relevant,irrelevant,llm_v2b>llm_v2c>llm_v2d,llm_v2b@2026-09-22T06:02:28.700376+00:00,9da653163799d56c+ca3b837dd0b3e85c,user,Qwen/Qwen3-4B-Instruct-2507,derived_validated,
71524,at://did:plc:236mwzduwwykthn7xa6hcqh2/app.bsky.feed.post/3mv62ii2tis2v,did:plc:236mwzduwwykthn7xa6hcqh2,2026-09-10T12:29:02.458000+00:00,bluesky,true,true,false,true,relevant,relevant,irrelevant,llm_v2b>llm_v2c>llm_v2d,llm_v2b@2026-09-22T06:02:28.700376+00:00,9da653163799d56c+ca3b837dd0b3e85c,user,Qwen/Qwen3-4B-Instruct-2507,derived_validated,
71525,at://did:plc:55xm5fd5lnhlljkv7hp6uin3/app.bsky.feed.post/3mv62i5lhcq22,did:plc:55xm5fd5lnhlljkv7hp6uin3,2026-09-10T12:28:51.564000+00:00,bluesky,true,true,false,true,relevant,relevant,irrelevant,llm_v2b>llm_v2c>llm_v2d,llm_v2b@2026-09-22T06:02:28.700376+00:00,9da653163799d56c+ca3b837dd0b3e85c,user,Qwen/Qwen3-4B-Instruct-2507,derived_validated,
71542,at://did:plc:7f5ppet5lohuo3usnqewf3a5/app.bsky.feed.post/3mv5mf726uc2d,did:plc:7f5ppet5lohuo3usnqewf3a5,2026-09-10T08:16:39+00:00,bluesky,false,false,true,true,irrelevant,irrelevant,relevant,llm_v2b>llm_v2c>llm_v2d,,,,,deterministic_rules,
71543,at://did:plc:24tsg2i3ha3ppsjqvow5zqrz/app.bsky.feed.post/3mv5lqfpc2325,did:plc:24tsg2i3ha3ppsjqvow5zqrz,2026-09-10T08:05:01.497068+00:00,bluesky,true,true,false,true,relevant,relevant,irrelevant,llm_v2b>llm_v2c>llm_v2d,llm_v2b@2026-09-22T06:02:28.700376+00:00,9da653163799d56c+ca3b837dd0b3e85c,user,Qwen/Qwen3-4B-Instruct-2507,derived_validated,
71552,at://did:plc:qu2otkjtjjejhuwbimez4jny/app.bsky.feed.post/3mv5cmqo4w22f,did:plc:qu2otkjtjjejhuwbimez4jny,2026-09-10T05:21:55.249000+00:00,bluesky,true,true,false,true,relevant,relevant,irrelevant,llm_v2b>llm_v2c>llm_v2d,llm_v2b@2026-09-22T06:02:28.700376+00:00,9da653163799d56c+ca3b837dd0b3e85c,user,Qwen/Qwen3-4B-Instruct-2507,derived_validated,
71563,at://did:plc:qtupmmogj72y37n7pl4u736w/app.bsky.feed.post/3mv6xjc63yq25,did:plc:qtupmmogj72y37n7pl4u736w,2026-09-10T21:08:25+00:00,bluesky,true,true,false,true,relevant,relevant,irrelevant,llm_v2b>llm_v2c>llm_v2d,llm_v2b@2026-09-22T06:02:28.700376+00:00,9da653163799d56c+ca3b837dd0b3e85c,user,Qwen/Qwen3-4B-Instruct-2507,derived_validated,
71608,at://did:plc:ppblad4zr4ogqkgdff7asa6l/app.bsky.feed.post/3mv64a2faif2u,did:plc:ppblad4zr4ogqkgdff7asa6l,2026-09-10T13:00:06.419718+00:00,bluesky,true,true,false,true,relevant,relevant,irrelevant,llm_v2b>llm_v2c>llm_v2d,llm_v2b@2026-09-22T06:02:28.700376+00:00,9da653163799d56c+ca3b837dd0b3e85c,user,Qwen/Qwen3-4B-Instruct-2507,derived_validated,
71620,at://did:plc:6lib7z5pnk2bvgs4vm24deey/app.bsky.feed.post/3mvbnz5sr5k2f,did:plc:6lib7z5pnk2bvgs4vm24deey,2026-09-11T22:56:21.795000+00:00,bluesky,true,true,false,true,relevant,relevant,irrelevant,llm_v2b>llm_v2c>llm_v2d,llm_v2b@2026-09-22T06:02:28.700376+00:00,9da653163799d56c+ca3b837dd0b3e85c,user,Qwen/Qwen3-4B-Instruct-2507,derived_validated,
71636,at://did:plc:i5a2vsezf56iu2yjtmb7m2tb/app.bsky.feed.post/3mvbfpwi7r22c,did:plc:i5a2vsezf56iu2yjtmb7m2tb,2026-09-11T20:28:02.188000+00:00,bluesky,true,true,false,true,relevant,relevant,irrelevant,llm_v2b>llm_v2c>llm_v2d,llm_v2b@2026-09-22T06:02:28.700376+00:00,9da653163799d56c+ca3b837dd0b3e85c,user,Qwen/Qwen3-4B-Instruct-2507,derived_validated,
71671,at://did:plc:sj7x2xctlsf6pilv4chfnz3t/app.bsky.feed.post/3mvb2zu7kuc23,did:plc:sj7x2xctlsf6pilv4chfnz3t,2026-09-11T17:16:43.215000+00:00,bluesky,true,true,false,true,relevant,relevant,irrelevant,llm_v2b>llm_v2c>llm_v2d,llm_v2b@2026-09-22T06:02:28.700376+00:00,9da653163799d56c+ca3b837dd0b3e85c,user,Qwen/Qwen3-4B-Instruct-2507,derived_validated,
71713,at://did:plc:i2y34utl5i7yo34ymxxksmwo/app.bsky.feed.post/3mvasln6yw42v,did:plc:i2y34utl5i7yo34ymxxksmwo,2026-09-11T14:45:36+00:00,bluesky,true,true,false,true,relevant,relevant,irrelevant,llm_v2b>llm_v2c>llm_v2d,llm_v2b@2026-09-22T06:02:28.700376+00:00,9da653163799d56c+ca3b837dd0b3e85c,user,Qwen/Qwen3-4B-Instruct-2507,derived_validated,
71729,at://did:plc:5kubaprelrb7ryzpyq6bri6b/app.bsky.feed.post/3mvaolnwqhs2w,did:plc:5kubaprelrb7ryzpyq6bri6b,2026-09-11T13:34:02.947000+00:00,bluesky,true,true,false,true,relevant,relevant,irrelevant,llm_v2b>llm_v2c>llm_v2d,llm_v2b@2026-09-22T06:02:28.700376+00:00,9da653163799d56c+ca3b837dd0b3e85c,user,Qwen/Qwen3-4B-Instruct-2507,derived_validated,
71791,at://did:plc:a7kzhcx6gfnf7doxosshhwuh/app.bsky.feed.post/3mvagkfarqj27,did:plc:a7kzhcx6gfnf7doxosshhwuh,2026-09-11T11:10:10.053014+00:00,bluesky,true,true,false,true,relevant,relevant,irrelevant,llm_v2b>llm_v2c>llm_v2d,llm_v2b@2026-09-22T06:02:28.700376+00:00,9da653163799d56c+ca3b837dd0b3e85c,user,Qwen/Qwen3-4B-Instruct-2507,derived_validated,
71845,at://did:plc:u6celkmubfsmbus5m3aqcrla/app.bsky.feed.post/3mva3x2y2z32z,did:plc:u6celkmubfsmbus5m3aqcrla,2026-09-11T08:00:24+00:00,bluesky,true,true,false,true,relevant,relevant,irrelevant,llm_v2b>llm_v2c>llm_v2d,llm_v2b@2026-09-22T06:02:28.700376+00:00,9da653163799d56c+ca3b837dd0b3e85c,user,Qwen/Qwen3-4B-Instruct-2507,derived_validated,
71849,at://did:plc:7oeufzwrvqyzfmj3jffojbjw/app.bsky.feed.post/3mva2tl6xog2n,did:plc:7oeufzwrvqyzfmj3jffojbjw,2026-09-11T07:40:33+00:00,bluesky,true,true,false,true,relevant,relevant,irrelevant,llm_v2b>llm_v2c>llm_v2d,llm_v2b@2026-09-22T06:02:28.700376+00:00,9da653163799d56c+ca3b837dd0b3e85c,user,Qwen/Qwen3-4B-Instruct-2507,derived_validated,
71859,at://did:plc:bb3psq7ibxrivwbuhisayuld/app.bsky.feed.post/3mv7y3m3eya2y,did:plc:bb3psq7ibxrivwbuhisayuld,2026-09-11T06:51:20+00:00,bluesky,true,true,false,true,relevant,relevant,irrelevant,llm_v2b>llm_v2c>llm_v2d,llm_v2b@2026-09-22T06:02:28.700376+00:00,9da653163799d56c+ca3b837dd0b3e85c,user,Qwen/Qwen3-4B-Instruct-2507,derived_validated,
71863,at://did:plc:pcievrygrnjjg5ni7mjfgctb/app.bsky.feed.post/3mv7xu6if7225,did:plc:pcievrygrnjjg5ni7mjfgctb,2026-09-11T06:47:12.317000+00:00,bluesky,true,true,false,true,relevant,relevant,irrelevant,llm_v2b>llm_v2c>llm_v2d,llm_v2b@2026-09-22T06:02:28.700376+00:00,9da653163799d56c+ca3b837dd0b3e85c,user,Qwen/Qwen3-4B-Instruct-2507,derived_validated,
71872,at://did:plc:u5d54hkw4ysuqtuvcj6cmsin/app.bsky.feed.post/3mv7wnbmdtf2j,did:plc:u5d54hkw4ysuqtuvcj6cmsin,2026-09-11T06:25:27.253401+00:00,bluesky,true,true,true,true,relevant,relevant,relevant,llm_v2b>llm_v2c>llm_v2d,llm_v2b@2026-09-22T06:02:28.700376+00:00,9da653163799d56c+ca3b837dd0b3e85c,user,Qwen/Qwen3-4B-Instruct-2507,derived_validated,
71904,at://did:plc:fyitqypzz6qaax7ve46hsw52/app.bsky.feed.post/3mv7h6ije2j2z,did:plc:fyitqypzz6qaax7ve46hsw52,2026-09-11T01:48:43+00:00,bluesky,true,true,false,true,relevant,relevant,irrelevant,llm_v2b>llm_v2c>llm_v2d,llm_v2b@2026-09-22T06:02:28.700376+00:00,9da653163799d56c+ca3b837dd0b3e85c,user,Qwen/Qwen3-4B-Instruct-2507,derived_validated,
71920,at://did:plc:2mgpf44nirnudyjapkzsymu2/app.bsky.feed.post/3mvbnj4nqqb2w,did:plc:2mgpf44nirnudyjapkzsymu2,2026-09-11T22:47:23.477000+00:00,bluesky,true,true,false,true,relevant,relevant,irrelevant,llm_v2b>llm_v2c>llm_v2d,llm_v2b@2026-09-22T06:02:28.700376+00:00,9da653163799d56c+ca3b837dd0b3e85c,user,Qwen/Qwen3-4B-Instruct-2507,derived_validated,
72182,at://did:plc:yvodaimnla66zphecpxdmrbr/app.bsky.feed.post/3mvbbykfwtc2z,did:plc:yvodaimnla66zphecpxdmrbr,2026-09-11T19:21:16.554000+00:00,bluesky,false,false,true,true,irrelevant,irrelevant,relevant,llm_v2b>llm_v2c>llm_v2d,,,,,deterministic_rules,
72190,at://did:plc:wvhwx3t2df3kierucji6llyp/app.bsky.feed.post/3mvb7slh7jc25,did:plc:wvhwx3t2df3kierucji6llyp,2026-09-11T18:42:08.832000+00:00,bluesky,true,true,false,true,relevant,relevant,irrelevant,llm_v2b>llm_v2c>llm_v2d,llm_v2b@2026-09-22T06:02:28.700376+00:00,9da653163799d56c+ca3b837dd0b3e85c,user,Qwen/Qwen3-4B-Instruct-2507,derived_validated,
72193,at://did:plc:amnhdrsyqrmpomj6qdzc3ved/app.bsky.feed.post/3mvb5cx2u6wh2,did:plc:amnhdrsyqrmpomj6qdzc3ved,2026-09-11T17:57:31+00:00,bluesky,true,true,true,true,relevant,relevant,relevant,llm_v2b>llm_v2c>llm_v2d,llm_v2b@2026-09-22T06:02:28.700376+00:00,9da653163799d56c+ca3b837dd0b3e85c,user,Qwen/Qwen3-4B-Instruct-2507,derived_validated,
72212,at://did:plc:ckp4obhd77hgyfnuknamrh4z/app.bsky.feed.post/3mvaxmqlng22c,did:plc:ckp4obhd77hgyfnuknamrh4z,2026-09-11T16:15:42.961000+00:00,bluesky,true,true,false,true,relevant,relevant,irrelevant,llm_v2b>llm_v2c>llm_v2d,llm_v2b@2026-09-22T06:02:28.700376+00:00,9da653163799d56c+ca3b837dd0b3e85c,user,Qwen/Qwen3-4B-Instruct-2507,derived_validated,
72224,at://did:plc:h3y7rhw6ao6nk5mmuskplxco/app.bsky.feed.post/3mvaseox3ec2y,did:plc:h3y7rhw6ao6nk5mmuskplxco,2026-09-11T14:41:44.093000+00:00,bluesky,false,false,true,true,irrelevant,irrelevant,relevant,llm_v2b>llm_v2c>llm_v2d,,,,,deterministic_rules,
72225,at://did:plc:jz3yn5ec4apvlpiea5donse7/app.bsky.feed.post/3mvarwgcslk2q,did:plc:jz3yn5ec4apvlpiea5donse7,2026-09-11T14:33:45.275000+00:00,bluesky,true,true,false,true,relevant,relevant,irrelevant,llm_v2b>llm_v2c>llm_v2d,llm_v2b@2026-09-22T06:02:28.700376+00:00,9da653163799d56c+ca3b837dd0b3e85c,user,Qwen/Qwen3-4B-Instruct-2507,derived_validated,
72237,at://did:plc:l4odhrpr4yumghdoqv3qhz5y/app.bsky.feed.post/3mvapjxomy22a,did:plc:l4odhrpr4yumghdoqv3qhz5y,2026-09-11T13:50:59.801000+00:00,bluesky,true,true,true,true,relevant,relevant,relevant,llm_v2b>llm_v2c>llm_v2d,llm_v2b@2026-09-22T06:02:28.700376+00:00,9da653163799d56c+ca3b837dd0b3e85c,user,Qwen/Qwen3-4B-Instruct-2507,derived_validated,
72244,at://did:plc:swhavnqrtvhstcm275j242my/app.bsky.feed.post/g22zdffhkhlp4,did:plc:swhavnqrtvhstcm275j242my,2026-09-11T12:48:08.443000+00:00,bluesky,true,true,true,true,relevant,relevant,relevant,llm_v2b>llm_v2c>llm_v2d,llm_v2b@2026-09-22T06:02:28.700376+00:00,9da653163799d56c+ca3b837dd0b3e85c,user,Qwen/Qwen3-4B-Instruct-2507,derived_validated,
72245,at://did:plc:uf6566ur4zv2h7yl4les2ygh/app.bsky.feed.post/3mvalw4mqiv27,did:plc:uf6566ur4zv2h7yl4les2ygh,2026-09-11T12:46:11+00:00,bluesky,true,true,true,true,relevant,relevant,relevant,llm_v2b>llm_v2c>llm_v2d,llm_v2b@2026-09-22T06:02:28.700376+00:00,9da653163799d56c+ca3b837dd0b3e85c,user,Qwen/Qwen3-4B-Instruct-2507,derived_validated,
72476,at://did:plc:7oeufzwrvqyzfmj3jffojbjw/app.bsky.feed.post/3mvbjhoyar52n,did:plc:7oeufzwrvqyzfmj3jffojbjw,2026-09-11T21:35:00+00:00,bluesky,true,true,false,true,relevant,relevant,irrelevant,llm_v2b>llm_v2c>llm_v2d,llm_v2b@2026-09-22T06:02:28.700376+00:00,9da653163799d56c+ca3b837dd0b3e85c,user,Qwen/Qwen3-4B-Instruct-2507,derived_validated,
72508,at://did:plc:igouecqa2j3hkuitkhd5nrcj/app.bsky.feed.post/3mvbfs7m26s2y,did:plc:igouecqa2j3hkuitkhd5nrcj,2026-09-11T20:29:18.840000+00:00,bluesky,true,true,true,true,relevant,relevant,relevant,llm_v2b>llm_v2c>llm_v2d,llm_v2b@2026-09-22T06:02:28.700376+00:00,9da653163799d56c+ca3b837dd0b3e85c,user,Qwen/Qwen3-4B-Instruct-2507,derived_validated,
72542,at://did:plc:dpmwlesjodhle7ss5227yvvg/app.bsky.feed.post/3mvbdaatvq22l,did:plc:dpmwlesjodhle7ss5227yvvg,2026-09-11T19:43:27+00:00,bluesky,false,false,true,true,irrelevant,irrelevant,relevant,llm_v2b>llm_v2c>llm_v2d,,,,,deterministic_rules,
72659,at://did:plc:lfoeyllap3g2wxrdivxrpi2p/app.bsky.feed.post/3mvb3s326ze22,did:plc:lfoeyllap3g2wxrdivxrpi2p,2026-09-11T17:30:16.287762+00:00,bluesky,true,true,false,true,relevant,relevant,irrelevant,llm_v2b>llm_v2c>llm_v2d,llm_v2b@2026-09-22T06:02:28.700376+00:00,9da653163799d56c+ca3b837dd0b3e85c,user,Qwen/Qwen3-4B-Instruct-2507,derived_validated,
72718,at://did:plc:2yp3qbkyxd5znzhtsq4n2wml/app.bsky.feed.post/3mvay4yhe6s2x,did:plc:2yp3qbkyxd5znzhtsq4n2wml,2026-09-11T16:24:48.079000+00:00,bluesky,true,true,true,true,relevant,relevant,relevant,llm_v2b>llm_v2c>llm_v2d,llm_v2b@2026-09-22T06:02:28.700376+00:00,9da653163799d56c+ca3b837dd0b3e85c,user,Qwen/Qwen3-4B-Instruct-2507,derived_validated,
72731,at://did:plc:rtjqws7mrwjwsz7zakzl5qim/app.bsky.feed.post/3mvaxbou6r22m,did:plc:rtjqws7mrwjwsz7zakzl5qim,2026-09-11T16:09:32.044000+00:00,bluesky,true,true,false,true,relevant,relevant,irrelevant,llm_v2b>llm_v2c>llm_v2d,llm_v2b@2026-09-22T06:02:28.700376+00:00,9da653163799d56c+ca3b837dd0b3e85c,user,Qwen/Qwen3-4B-Instruct-2507,derived_validated,
72747,at://did:plc:ng33k5c3zzaulr5m7pshjkhi/app.bsky.feed.post/3mvawymiuik2f,did:plc:ng33k5c3zzaulr5m7pshjkhi,2026-09-11T16:04:27.586000+00:00,bluesky,true,true,true,true,relevant,relevant,relevant,llm_v2b>llm_v2c>llm_v2d,llm_v2b@2026-09-22T06:02:28.700376+00:00,9da653163799d56c+ca3b837dd0b3e85c,user,Qwen/Qwen3-4B-Instruct-2507,derived_validated,
72748,at://did:plc:3dzlsh22j3qywv4f7a3jg6da/app.bsky.feed.post/3mvawxphzmc2i,did:plc:3dzlsh22j3qywv4f7a3jg6da,2026-09-11T16:03:56.959000+00:00,bluesky,false,false,true,true,irrelevant,irrelevant,relevant,llm_v2b>llm_v2c>llm_v2d,,,,,deterministic_rules,
72752,at://did:plc:agoriwas6px4gwote67sccsq/app.bsky.feed.post/3mvawrbsq7l2g,did:plc:agoriwas6px4gwote67sccsq,2026-09-11T16:00:20.052000+00:00,bluesky,true,true,true,true,relevant,relevant,relevant,llm_v2b>llm_v2c>llm_v2d,llm_v2b@2026-09-22T06:02:28.700376+00:00,9da653163799d56c+ca3b837dd0b3e85c,user,Qwen/Qwen3-4B-Instruct-2507,derived_validated,
72763,at://did:plc:isd645e6mnkwxjdxkvq36sxr/app.bsky.feed.post/3mvavq4yqs22h,did:plc:isd645e6mnkwxjdxkvq36sxr,2026-09-11T15:41:49.153000+00:00,bluesky,true,true,false,true,relevant,relevant,irrelevant,llm_v2b>llm_v2c>llm_v2d,llm_v2b@2026-09-22T06:02:28.700376+00:00,9da653163799d56c+ca3b837dd0b3e85c,user,Qwen/Qwen3-4B-Instruct-2507,derived_validated,
72766,at://did:plc:7oeufzwrvqyzfmj3jffojbjw/app.bsky.feed.post/3mvaviupn4h2c,did:plc:7oeufzwrvqyzfmj3jffojbjw,2026-09-11T15:37:45+00:00,bluesky,true,true,false,true,relevant,relevant,irrelevant,llm_v2b>llm_v2c>llm_v2d,llm_v2b@2026-09-22T06:02:28.700376+00:00,9da653163799d56c+ca3b837dd0b3e85c,user,Qwen/Qwen3-4B-Instruct-2507,derived_validated,
72770,at://did:plc:fffuqjysp6v3jxounrbk67n5/app.bsky.feed.post/3mvav5ataw22i,did:plc:fffuqjysp6v3jxounrbk67n5,2026-09-11T15:31:15.631000+00:00,bluesky,true,true,true,true,relevant,relevant,relevant,llm_v2b>llm_v2c>llm_v2d,llm_v2b@2026-09-22T06:02:28.700376+00:00,9da653163799d56c+ca3b837dd0b3e85c,user,Qwen/Qwen3-4B-Instruct-2507,derived_validated,
72899,at://did:plc:oippqlk7trfhjpuamtjekkjz/app.bsky.feed.post/3mvao3otr3s2b,did:plc:oippqlk7trfhjpuamtjekkjz,2026-09-11T13:25:07.028000+00:00,bluesky,true,true,false,true,relevant,relevant,irrelevant,llm_v2b>llm_v2c>llm_v2d,llm_v2b@2026-09-22T06:02:28.700376+00:00,9da653163799d56c+ca3b837dd0b3e85c,user,Qwen/Qwen3-4B-Instruct-2507,derived_validated,
72901,at://did:plc:b6krcjur2uyfyhw4twhennck/app.bsky.feed.post/3mvantkefnk2l,did:plc:b6krcjur2uyfyhw4twhennck,2026-09-11T13:20:33.893000+00:00,bluesky,true,true,true,true,relevant,relevant,relevant,llm_v2b>llm_v2c>llm_v2d,llm_v2b@2026-09-22T06:02:28.700376+00:00,9da653163799d56c+ca3b837dd0b3e85c,user,Qwen/Qwen3-4B-Instruct-2507,derived_validated,
72929,at://did:plc:3665disgytzvbq7noakzovcu/app.bsky.feed.post/3mvalsummns2n,did:plc:3665disgytzvbq7noakzovcu,2026-09-11T12:44:23.610000+00:00,bluesky,true,true,true,true,relevant,relevant,relevant,llm_v2b>llm_v2c>llm_v2d,llm_v2b@2026-09-22T06:02:28.700376+00:00,9da653163799d56c+ca3b837dd0b3e85c,user,Qwen/Qwen3-4B-Instruct-2507,derived_validated,
72968,at://did:plc:tsml3a4a7d3okv2mo2priwjn/app.bsky.feed.post/3mvakeujors2w,did:plc:tsml3a4a7d3okv2mo2priwjn,2026-09-11T12:18:40.011000+00:00,bluesky,true,true,false,true,relevant,relevant,irrelevant,llm_v2b>llm_v2c>llm_v2d,llm_v2b@2026-09-22T06:02:28.700376+00:00,9da653163799d56c+ca3b837dd0b3e85c,user,Qwen/Qwen3-4B-Instruct-2507,derived_validated,
72990,at://did:plc:6mp273np4so7urnhv77ifnwo/app.bsky.feed.post/3mvajdk6yjx2g,did:plc:6mp273np4so7urnhv77ifnwo,2026-09-11T12:00:01.793211+00:00,bluesky,true,true,false,true,relevant,relevant,irrelevant,llm_v2b>llm_v2c>llm_v2d,llm_v2b@2026-09-22T06:02:28.700376+00:00,9da653163799d56c+ca3b837dd0b3e85c,user,Qwen/Qwen3-4B-Instruct-2507,derived_validated,
73022,at://did:plc:fbwyxks5iyq36gn6fh4ydonb/app.bsky.feed.post/3mvagt6tnmk23,did:plc:fbwyxks5iyq36gn6fh4ydonb,2026-09-11T11:15:05.614000+00:00,bluesky,true,true,false,true,relevant,relevant,irrelevant,llm_v2b>llm_v2c>llm_v2d,llm_v2b@2026-09-22T06:02:28.700376+00:00,9da653163799d56c+ca3b837dd0b3e85c,user,Qwen/Qwen3-4B-Instruct-2507,derived_validated,
73028,at://did:plc:mht5ub4ykjuoxpux77hikixt/app.bsky.feed.post/3mvagap5fnh2b,did:plc:mht5ub4ykjuoxpux77hikixt,2026-09-11T11:04:37+00:00,bluesky,true,true,true,true,relevant,relevant,relevant,llm_v2b>llm_v2c>llm_v2d,llm_v2b@2026-09-22T06:02:28.700376+00:00,9da653163799d56c+ca3b837dd0b3e85c,user,Qwen/Qwen3-4B-Instruct-2507,derived_validated,
73111,at://did:plc:h6rniihas65reipeogt46asn/app.bsky.feed.post/3mvac7n7fhs2i,did:plc:h6rniihas65reipeogt46asn,2026-09-11T09:52:34.628000+00:00,bluesky,true,true,false,true,relevant,relevant,irrelevant,llm_v2b>llm_v2c>llm_v2d,llm_v2b@2026-09-22T06:02:28.700376+00:00,9da653163799d56c+ca3b837dd0b3e85c,user,Qwen/Qwen3-4B-Instruct-2507,derived_validated,
73205,at://did:plc:van7bqbf2i45wa6mb6f7fxsw/app.bsky.feed.post/3mva3yahxrg24,did:plc:van7bqbf2i45wa6mb6f7fxsw,2026-09-11T08:01:03.193000+00:00,bluesky,true,true,false,true,relevant,relevant,irrelevant,llm_v2b>llm_v2c>llm_v2d,llm_v2b@2026-09-22T06:02:28.700376+00:00,9da653163799d56c+ca3b837dd0b3e85c,user,Qwen/Qwen3-4B-Instruct-2507,derived_validated,
73213,at://did:plc:45l4jq2f7cqvzzu3qvnygv46/app.bsky.feed.post/3mva3ix64l22t,did:plc:45l4jq2f7cqvzzu3qvnygv46,2026-09-11T07:52:30.867000+00:00,bluesky,true,true,false,true,relevant,relevant,irrelevant,llm_v2b>llm_v2c>llm_v2d,llm_v2b@2026-09-22T06:02:28.700376+00:00,9da653163799d56c+ca3b837dd0b3e85c,user,Qwen/Qwen3-4B-Instruct-2507,derived_validated,
73223,at://did:plc:qidbgns7woeoeovntsu4thl6/app.bsky.feed.post/3mva242hrj523,did:plc:qidbgns7woeoeovntsu4thl6,2026-09-11T07:27:23.907000+00:00,bluesky,true,true,false,true,relevant,relevant,irrelevant,llm_v2b>llm_v2c>llm_v2d,llm_v2b@2026-09-22T06:02:28.700376+00:00,9da653163799d56c+ca3b837dd0b3e85c,user,Qwen/Qwen3-4B-Instruct-2507,derived_validated,
73228,at://did:plc:45l4jq2f7cqvzzu3qvnygv46/app.bsky.feed.post/3mv7zdowewk2w,did:plc:45l4jq2f7cqvzzu3qvnygv46,2026-09-11T07:13:46.969000+00:00,bluesky,true,true,false,true,relevant,relevant,irrelevant,llm_v2b>llm_v2c>llm_v2d,llm_v2b@2026-09-22T06:02:28.700376+00:00,9da653163799d56c+ca3b837dd0b3e85c,user,Qwen/Qwen3-4B-Instruct-2507,derived_validated,
73282,at://did:plc:pr4kp7fcctqubw4rsgqwmujc/app.bsky.feed.post/3mv7tcxjd5k2m,did:plc:pr4kp7fcctqubw4rsgqwmujc,2026-09-11T05:25:59.974000+00:00,bluesky,true,true,false,true,relevant,relevant,irrelevant,llm_v2b>llm_v2c>llm_v2d,llm_v2b@2026-09-22T06:02:28.700376+00:00,9da653163799d56c+ca3b837dd0b3e85c,user,Qwen/Qwen3-4B-Instruct-2507,derived_validated,
73294,at://did:plc:rp4ghmmql55cnvcewfq32yet/app.bsky.feed.post/3mv7sek7yr223,did:plc:rp4ghmmql55cnvcewfq32yet,2026-09-11T05:08:59.373000+00:00,bluesky,true,true,false,true,relevant,relevant,irrelevant,llm_v2b>llm_v2c>llm_v2d,llm_v2b@2026-09-22T06:02:28.700376+00:00,9da653163799d56c+ca3b837dd0b3e85c,user,Qwen/Qwen3-4B-Instruct-2507,derived_validated,
73309,at://did:plc:qk2b4ro6acbp4kdvq2s36vhp/app.bsky.feed.post/3mv7ql3tjzc27,did:plc:qk2b4ro6acbp4kdvq2s36vhp,2026-09-11T04:36:51.710000+00:00,bluesky,true,true,false,true,relevant,relevant,irrelevant,llm_v2b>llm_v2c>llm_v2d,llm_v2b@2026-09-22T06:02:28.700376+00:00,9da653163799d56c+ca3b837dd0b3e85c,user,Qwen/Qwen3-4B-Instruct-2507,derived_validated,
73336,at://did:plc:nnkakrka4ra5bagmtsqhnlyj/app.bsky.feed.post/3mv7ojxf2e32v,did:plc:nnkakrka4ra5bagmtsqhnlyj,2026-09-11T04:00:25.404133+00:00,bluesky,true,true,false,true,relevant,relevant,irrelevant,llm_v2b>llm_v2c>llm_v2d,llm_v2b@2026-09-22T06:02:28.700376+00:00,9da653163799d56c+ca3b837dd0b3e85c,user,Qwen/Qwen3-4B-Instruct-2507,derived_validated,
73380,at://did:plc:g7ybbijn437fp2qwhgps4xen/app.bsky.feed.post/3mv7i77qiki26,did:plc:g7ybbijn437fp2qwhgps4xen,2026-09-11T02:07:03.008000+00:00,bluesky,true,true,false,true,relevant,relevant,irrelevant,llm_v2b>llm_v2c>llm_v2d,llm_v2b@2026-09-22T06:02:28.700376+00:00,9da653163799d56c+ca3b837dd0b3e85c,user,Qwen/Qwen3-4B-Instruct-2507,derived_validated,
73450,at://did:plc:dn242yln2biooe6qkd237tqd/app.bsky.feed.post/3mvbfsttg6d2s,did:plc:dn242yln2biooe6qkd237tqd,2026-09-11T20:29:39.886000+00:00,bluesky,true,true,false,true,relevant,relevant,irrelevant,llm_v2b>llm_v2c>llm_v2d,llm_v2b@2026-09-22T06:02:28.700376+00:00,9da653163799d56c+ca3b837dd0b3e85c,user,Qwen/Qwen3-4B-Instruct-2507,derived_validated,
73453,at://did:plc:dn242yln2biooe6qkd237tqd/app.bsky.feed.post/3mvbcrvhur22v,did:plc:dn242yln2biooe6qkd237tqd,2026-09-11T19:35:26.779000+00:00,bluesky,true,true,false,true,relevant,relevant,irrelevant,llm_v2b>llm_v2c>llm_v2d,llm_v2b@2026-09-22T06:02:28.700376+00:00,9da653163799d56c+ca3b837dd0b3e85c,user,Qwen/Qwen3-4B-Instruct-2507,derived_validated,
73464,at://did:plc:dtrw4kjivanjau43hne3nbk7/app.bsky.feed.post/3mvb2t2bjek2l,did:plc:dtrw4kjivanjau43hne3nbk7,2026-09-11T17:12:55.666000+00:00,bluesky,false,false,true,true,irrelevant,irrelevant,relevant,llm_v2b>llm_v2c>llm_v2d,,,,,deterministic_rules,
73609,at://did:plc:u6celkmubfsmbus5m3aqcrla/app.bsky.feed.post/3mvb24s3vuo27,did:plc:u6celkmubfsmbus5m3aqcrla,2026-09-11T17:00:28+00:00,bluesky,true,true,false,true,relevant,relevant,irrelevant,llm_v2b>llm_v2c>llm_v2d,llm_v2b@2026-09-22T06:02:28.700376+00:00,9da653163799d56c+ca3b837dd0b3e85c,user,Qwen/Qwen3-4B-Instruct-2507,derived_validated,
73763,at://did:plc:ba5aq4xrgqastcz6r2azpavf/app.bsky.feed.post/3mv7qf7ajvk2n,did:plc:ba5aq4xrgqastcz6r2azpavf,2026-09-11T04:33:33.958000+00:00,bluesky,true,true,false,true,relevant,relevant,irrelevant,llm_v2b>llm_v2c>llm_v2d,llm_v2b@2026-09-22T06:02:28.700376+00:00,9da653163799d56c+ca3b837dd0b3e85c,user,Qwen/Qwen3-4B-Instruct-2507,derived_validated,
74217,at://did:plc:zbwjcykiabagp7xou3enigo7/app.bsky.feed.post/3mv7teodqgj3k,did:plc:zbwjcykiabagp7xou3enigo7,2026-09-11T05:26:53+00:00,bluesky,true,true,false,true,relevant,relevant,irrelevant,llm_v2b>llm_v2c>llm_v2d,llm_v2b@2026-09-22T06:02:28.700376+00:00,9da653163799d56c+ca3b837dd0b3e85c,user,Qwen/Qwen3-4B-Instruct-2507,derived_validated,
74285,at://did:plc:wdvn5f3ak3gyta7bb4nuao7d/app.bsky.feed.post/3mvbgfbpq452v,did:plc:wdvn5f3ak3gyta7bb4nuao7d,2026-09-11T20:39:58+00:00,bluesky,true,true,true,true,relevant,relevant,relevant,llm_v2b>llm_v2c>llm_v2d,llm_v2b@2026-09-22T06:02:28.700376+00:00,9da653163799d56c+ca3b837dd0b3e85c,user,Qwen/Qwen3-4B-Instruct-2507,derived_validated,
74314,at://did:plc:ebgmiufshcc735smhkygpitp/app.bsky.feed.post/3mvbbyueys223,did:plc:ebgmiufshcc735smhkygpitp,2026-09-11T19:21:27.009000+00:00,bluesky,true,true,true,true,relevant,relevant,relevant,llm_v2b>llm_v2c>llm_v2d,llm_v2b@2026-09-22T06:02:28.700376+00:00,9da653163799d56c+ca3b837dd0b3e85c,user,Qwen/Qwen3-4B-Instruct-2507,derived_validated,
74571,at://did:plc:qb76lc4onb7omuqdiivowakn/app.bsky.feed.post/3mv7gvunnflz2,did:plc:qb76lc4onb7omuqdiivowakn,2026-09-11T01:43:53+00:00,bluesky,true,true,false,true,relevant,relevant,irrelevant,llm_v2b>llm_v2c>llm_v2d,llm_v2b@2026-09-22T06:02:28.700376+00:00,9da653163799d56c+ca3b837dd0b3e85c,user,Qwen/Qwen3-4B-Instruct-2507,derived_validated,
74592,at://did:plc:wely3bs5b7zmaklcdd667aaf/app.bsky.feed.post/3mv7d5whnec2x,did:plc:wely3bs5b7zmaklcdd667aaf,2026-09-11T00:36:51.226000+00:00,bluesky,true,true,false,true,relevant,relevant,irrelevant,llm_v2b>llm_v2c>llm_v2d,llm_v2b@2026-09-22T06:02:28.700376+00:00,9da653163799d56c+ca3b837dd0b3e85c,user,Qwen/Qwen3-4B-Instruct-2507,derived_validated,
74622,at://did:plc:2utsyuufaetvgcyein4w276f/app.bsky.feed.post/3mvava2noee22,did:plc:2utsyuufaetvgcyein4w276f,2026-09-11T15:32:49.821000+00:00,bluesky,true,true,false,true,relevant,relevant,irrelevant,llm_v2b>llm_v2c>llm_v2d,llm_v2b@2026-09-22T06:02:28.700376+00:00,9da653163799d56c+ca3b837dd0b3e85c,user,Qwen/Qwen3-4B-Instruct-2507,derived_validated,
74689,at://did:plc:v3eup4rzroyniw2x7bmsdzgt/app.bsky.feed.post/3mvait4c2n22r,did:plc:v3eup4rzroyniw2x7bmsdzgt,2026-09-11T11:50:50.423000+00:00,bluesky,true,true,false,true,relevant,relevant,irrelevant,llm_v2b>llm_v2c>llm_v2d,llm_v2b@2026-09-22T06:02:28.700376+00:00,9da653163799d56c+ca3b837dd0b3e85c,user,Qwen/Qwen3-4B-Instruct-2507,derived_validated,
74757,at://did:plc:2ystmmymcha3guyn56gcrw3l/app.bsky.feed.post/3mvam434f7c2m,did:plc:2ystmmymcha3guyn56gcrw3l,2026-09-11T12:49:32.409000+00:00,bluesky,false,false,true,true,irrelevant,irrelevant,relevant,llm_v2b>llm_v2c>llm_v2d,,,,,deterministic_rules,
74902,at://did:plc:ozuctzvde7femwyc5h3cdxo5/app.bsky.feed.post/3mvaophjw2c26,did:plc:ozuctzvde7femwyc5h3cdxo5,2026-09-11T13:36:10.454000+00:00,bluesky,false,false,true,true,irrelevant,irrelevant,relevant,llm_v2b>llm_v2c>llm_v2d,,,,,deterministic_rules,
74926,at://did:plc:a3ao5kas7dyi5ooog5saz2ko/app.bsky.feed.post/3mvbmyyc3oq2v,did:plc:a3ao5kas7dyi5ooog5saz2ko,2026-09-11T22:38:22.201000+00:00,bluesky,true,true,false,true,relevant,relevant,irrelevant,llm_v2b>llm_v2c>llm_v2d,llm_v2b@2026-09-22T06:02:28.700376+00:00,9da653163799d56c+ca3b837dd0b3e85c,user,Qwen/Qwen3-4B-Instruct-2507,derived_validated,
74928,at://did:plc:a3ao5kas7dyi5ooog5saz2ko/app.bsky.feed.post/3mvbmyxjle52x,did:plc:a3ao5kas7dyi5ooog5saz2ko,2026-09-11T22:38:21.400000+00:00,bluesky,true,true,false,true,relevant,relevant,irrelevant,llm_v2b>llm_v2c>llm_v2d,llm_v2b@2026-09-22T06:02:28.700376+00:00,9da653163799d56c+ca3b837dd0b3e85c,user,Qwen/Qwen3-4B-Instruct-2507,derived_validated,
74929,at://did:plc:a3ao5kas7dyi5ooog5saz2ko/app.bsky.feed.post/3mvbmyx4f3p2l,did:plc:a3ao5kas7dyi5ooog5saz2ko,2026-09-11T22:38:20.962000+00:00,bluesky,true,true,false,true,relevant,relevant,irrelevant,llm_v2b>llm_v2c>llm_v2d,llm_v2b@2026-09-22T06:02:28.700376+00:00,9da653163799d56c+ca3b837dd0b3e85c,user,Qwen/Qwen3-4B-Instruct-2507,derived_validated,
74978,at://did:plc:5dyykuwjfcda6vtyatuihg4f/app.bsky.feed.post/3mvbebkesu52f,did:plc:5dyykuwjfcda6vtyatuihg4f,2026-09-11T20:02:05.629033+00:00,bluesky,true,true,false,true,relevant,relevant,irrelevant,llm_v2b>llm_v2c>llm_v2d,llm_v2b@2026-09-22T06:02:28.700376+00:00,9da653163799d56c+ca3b837dd0b3e85c,user,Qwen/Qwen3-4B-Instruct-2507,derived_validated,
75127,at://did:plc:jz3yn5ec4apvlpiea5donse7/app.bsky.feed.post/3mvarauog4c2q,did:plc:jz3yn5ec4apvlpiea5donse7,2026-09-11T14:21:42.142000+00:00,bluesky,true,true,false,true,relevant,relevant,irrelevant,llm_v2b>llm_v2c>llm_v2d,llm_v2b@2026-09-22T06:02:28.700376+00:00,9da653163799d56c+ca3b837dd0b3e85c,user,Qwen/Qwen3-4B-Instruct-2507,derived_validated,
75144,at://did:plc:zhe53h7ajlloep2oso5pqxzj/app.bsky.feed.post/3mvaq2djlnf2f,did:plc:zhe53h7ajlloep2oso5pqxzj,2026-09-11T14:00:02+00:00,bluesky,true,true,false,true,relevant,relevant,irrelevant,llm_v2b>llm_v2c>llm_v2d,llm_v2b@2026-09-22T06:02:28.700376+00:00,9da653163799d56c+ca3b837dd0b3e85c,user,Qwen/Qwen3-4B-Instruct-2507,derived_validated,
75151,at://did:plc:zhe53h7ajlloep2oso5pqxzj/app.bsky.feed.post/3mvaowkodiq2f,did:plc:zhe53h7ajlloep2oso5pqxzj,2026-09-11T13:40:01+00:00,bluesky,true,true,false,true,relevant,relevant,irrelevant,llm_v2b>llm_v2c>llm_v2d,llm_v2b@2026-09-22T06:02:28.700376+00:00,9da653163799d56c+ca3b837dd0b3e85c,user,Qwen/Qwen3-4B-Instruct-2507,derived_validated,
75349,at://did:plc:3i4htisyibpap3mkxe2wam3x/app.bsky.feed.post/3mva5grljws2j,did:plc:3i4htisyibpap3mkxe2wam3x,2026-09-11T08:27:05.391000+00:00,bluesky,true,true,false,true,relevant,relevant,irrelevant,llm_v2b>llm_v2c>llm_v2d,llm_v2b@2026-09-22T06:02:28.700376+00:00,9da653163799d56c+ca3b837dd0b3e85c,user,Qwen/Qwen3-4B-Instruct-2507,derived_validated,
75353,at://did:plc:it4u4auilfzs3h6uqbmugfcn/app.bsky.feed.post/3mva4jvsbfh2v,did:plc:it4u4auilfzs3h6uqbmugfcn,2026-09-11T08:10:56.718573+00:00,bluesky,true,true,false,true,relevant,relevant,irrelevant,llm_v2b>llm_v2c>llm_v2d,llm_v2b@2026-09-22T06:02:28.700376+00:00,9da653163799d56c+ca3b837dd0b3e85c,user,Qwen/Qwen3-4B-Instruct-2507,derived_validated,
75392,at://did:plc:uyrkt5256yk6ordtrg5qimqo/app.bsky.feed.post/3mv7wdn37is2n,did:plc:uyrkt5256yk6ordtrg5qimqo,2026-09-11T06:20:03+00:00,bluesky,true,true,false,true,relevant,relevant,irrelevant,llm_v2b>llm_v2c>llm_v2d,llm_v2b@2026-09-22T06:02:28.700376+00:00,9da653163799d56c+ca3b837dd0b3e85c,user,Qwen/Qwen3-4B-Instruct-2507,derived_validated,
75418,at://did:plc:zhe53h7ajlloep2oso5pqxzj/app.bsky.feed.post/3mv7syds2f72p,did:plc:zhe53h7ajlloep2oso5pqxzj,2026-09-11T05:20:01+00:00,bluesky,true,true,false,true,relevant,relevant,irrelevant,llm_v2b>llm_v2c>llm_v2d,llm_v2b@2026-09-22T06:02:28.700376+00:00,9da653163799d56c+ca3b837dd0b3e85c,user,Qwen/Qwen3-4B-Instruct-2507,derived_validated,
75437,at://did:plc:bcjkzl6ah3bvfj2q3z6oigt5/app.bsky.feed.post/3mv7qjxfsxo2o,did:plc:bcjkzl6ah3bvfj2q3z6oigt5,2026-09-11T04:36:13.330000+00:00,bluesky,true,true,false,true,relevant,relevant,irrelevant,llm_v2b>llm_v2c>llm_v2d,llm_v2b@2026-09-22T06:02:28.700376+00:00,9da653163799d56c+ca3b837dd0b3e85c,user,Qwen/Qwen3-4B-Instruct-2507,derived_validated,
75466,at://did:plc:a7kzhcx6gfnf7doxosshhwuh/app.bsky.feed.post/3mv7lu7hno72l,did:plc:a7kzhcx6gfnf7doxosshhwuh,2026-09-11T03:12:28.504435+00:00,bluesky,true,true,false,true,relevant,relevant,irrelevant,llm_v2b>llm_v2c>llm_v2d,llm_v2b@2026-09-22T06:02:28.700376+00:00,9da653163799d56c+ca3b837dd0b3e85c,user,Qwen/Qwen3-4B-Instruct-2507,derived_validated,
75484,at://did:plc:u6celkmubfsmbus5m3aqcrla/app.bsky.feed.post/3mv7gylfsk32x,did:plc:u6celkmubfsmbus5m3aqcrla,2026-09-11T01:45:26+00:00,bluesky,true,true,false,true,relevant,relevant,irrelevant,llm_v2b>llm_v2c>llm_v2d,llm_v2b@2026-09-22T06:02:28.700376+00:00,9da653163799d56c+ca3b837dd0b3e85c,user,Qwen/Qwen3-4B-Instruct-2507,derived_validated,
75624,at://did:plc:3qx3wgjvwbhbr2uvbv5qnot4/app.bsky.feed.post/3mv7uevumxh2h,did:plc:3qx3wgjvwbhbr2uvbv5qnot4,2026-09-11T05:44:58+00:00,bluesky,true,true,false,true,relevant,relevant,irrelevant,llm_v2b>llm_v2c>llm_v2d,llm_v2b@2026-09-22T06:02:28.700376+00:00,9da653163799d56c+ca3b837dd0b3e85c,user,Qwen/Qwen3-4B-Instruct-2507,derived_validated,
75748,at://did:plc:ebgmiufshcc735smhkygpitp/app.bsky.feed.post/3mvbeqdfh7s2l,did:plc:ebgmiufshcc735smhkygpitp,2026-09-11T20:10:21.988000+00:00,bluesky,true,true,false,true,relevant,relevant,irrelevant,llm_v2b>llm_v2c>llm_v2d,llm_v2b@2026-09-22T06:02:28.700376+00:00,9da653163799d56c+ca3b837dd0b3e85c,user,Qwen/Qwen3-4B-Instruct-2507,derived_validated,
75765,at://did:plc:kzmukwaf72iwepygposicgt3/app.bsky.feed.post/3mvawrsqwy62l,did:plc:kzmukwaf72iwepygposicgt3,2026-09-11T15:26:24+00:00,bluesky,true,true,false,true,relevant,relevant,irrelevant,llm_v2b>llm_v2c>llm_v2d,llm_v2b@2026-09-22T06:02:28.700376+00:00,9da653163799d56c+ca3b837dd0b3e85c,user,Qwen/Qwen3-4B-Instruct-2507,derived_validated,
75766,at://did:plc:tuwg4bd73p5m7jrrmjhl2jix/app.bsky.feed.post/3mvasfo6isi2s,did:plc:tuwg4bd73p5m7jrrmjhl2jix,2026-09-11T14:42:16.295000+00:00,bluesky,true,true,false,true,relevant,relevant,irrelevant,llm_v2b>llm_v2c>llm_v2d,llm_v2b@2026-09-22T06:02:28.700376+00:00,9da653163799d56c+ca3b837dd0b3e85c,user,Qwen/Qwen3-4B-Instruct-2507,derived_validated,
75781,at://did:plc:ebgmiufshcc735smhkygpitp/app.bsky.feed.post/3mvbby3turc23,did:plc:ebgmiufshcc735smhkygpitp,2026-09-11T19:21:01.282000+00:00,bluesky,true,true,true,true,relevant,relevant,relevant,llm_v2b>llm_v2c>llm_v2d,llm_v2b@2026-09-22T06:02:28.700376+00:00,9da653163799d56c+ca3b837dd0b3e85c,user,Qwen/Qwen3-4B-Instruct-2507,derived_validated,
75799,at://did:plc:2ofvkralnuuhvpvv5dhfgmoh/app.bsky.feed.post/3mvdooibaw52s,did:plc:2ofvkralnuuhvpvv5dhfgmoh,2026-09-12T18:13:36.763985+00:00,bluesky,true,true,false,true,relevant,relevant,irrelevant,llm_v2b>llm_v2c>llm_v2d,llm_v2b@2026-09-22T06:02:28.700376+00:00,9da653163799d56c+ca3b837dd0b3e85c,user,Qwen/Qwen3-4B-Instruct-2507,derived_validated,
75808,at://did:plc:sj7x2xctlsf6pilv4chfnz3t/app.bsky.feed.post/3mvdmzjxw3k2l,did:plc:sj7x2xctlsf6pilv4chfnz3t,2026-09-12T17:43:59.325000+00:00,bluesky,true,true,false,true,relevant,relevant,irrelevant,llm_v2b>llm_v2c>llm_v2d,llm_v2b@2026-09-22T06:02:28.700376+00:00,9da653163799d56c+ca3b837dd0b3e85c,user,Qwen/Qwen3-4B-Instruct-2507,derived_validated,
75835,at://did:plc:5cjtlwhckfhm5oidxvvqxsrz/app.bsky.feed.post/3mvdcr4cohx2i,did:plc:5cjtlwhckfhm5oidxvvqxsrz,2026-09-12T14:40:19.814340+00:00,bluesky,true,true,false,true,relevant,relevant,irrelevant,llm_v2b>llm_v2c>llm_v2d,llm_v2b@2026-09-22T06:02:28.700376+00:00,9da653163799d56c+ca3b837dd0b3e85c,user,Qwen/Qwen3-4B-Instruct-2507,derived_validated,
75850,at://did:plc:gdqumykkptobwxvtvg352i5b/app.bsky.feed.post/3mvdajvdazee2,did:plc:gdqumykkptobwxvtvg352i5b,2026-09-12T14:00:04+00:00,bluesky,true,true,false,true,relevant,relevant,irrelevant,llm_v2b>llm_v2c>llm_v2d,llm_v2b@2026-09-22T06:02:28.700376+00:00,9da653163799d56c+ca3b837dd0b3e85c,user,Qwen/Qwen3-4B-Instruct-2507,derived_validated,
75903,at://did:plc:7h7srlskyboefvfqmbgy2wax/app.bsky.feed.post/3mvcwjxiaq22h,did:plc:7h7srlskyboefvfqmbgy2wax,2026-09-12T11:01:33+00:00,bluesky,true,true,true,true,relevant,relevant,relevant,llm_v2b>llm_v2c>llm_v2d,llm_v2b@2026-09-22T06:02:28.700376+00:00,9da653163799d56c+ca3b837dd0b3e85c,user,Qwen/Qwen3-4B-Instruct-2507,derived_validated,
75922,at://did:plc:hh3brnksirhma2rymwtpnp5w/app.bsky.feed.post/3mvcupa6zwi2r,did:plc:hh3brnksirhma2rymwtpnp5w,2026-09-12T10:28:44.445257+00:00,bluesky,true,true,false,true,relevant,relevant,irrelevant,llm_v2b>llm_v2c>llm_v2d,llm_v2b@2026-09-22T06:02:28.700376+00:00,9da653163799d56c+ca3b837dd0b3e85c,user,Qwen/Qwen3-4B-Instruct-2507,derived_validated,
75936,at://did:plc:u5d54hkw4ysuqtuvcj6cmsin/app.bsky.feed.post/3mvctxglezz2j,did:plc:u5d54hkw4ysuqtuvcj6cmsin,2026-09-12T10:15:26.026569+00:00,bluesky,true,true,true,true,relevant,relevant,relevant,llm_v2b>llm_v2c>llm_v2d,llm_v2b@2026-09-22T06:02:28.700376+00:00,9da653163799d56c+ca3b837dd0b3e85c,user,Qwen/Qwen3-4B-Instruct-2507,derived_validated,
76042,at://did:plc:fh6fio72bcfzk2mnyitjc4ka/app.bsky.feed.post/3mvdnk4hbi4e2,did:plc:fh6fio72bcfzk2mnyitjc4ka,2026-09-12T17:46:05+00:00,bluesky,true,true,true,true,relevant,relevant,relevant,llm_v2b>llm_v2c>llm_v2d,llm_v2b@2026-09-22T06:02:28.700376+00:00,9da653163799d56c+ca3b837dd0b3e85c,user,Qwen/Qwen3-4B-Instruct-2507,derived_validated,
76074,at://did:plc:7bwr7mioqql34n2mrqwqypbz/app.bsky.feed.post/3mvda2om3ts23,did:plc:7bwr7mioqql34n2mrqwqypbz,2026-09-12T13:52:00.051000+00:00,bluesky,true,true,false,true,relevant,relevant,irrelevant,llm_v2b>llm_v2c>llm_v2d,llm_v2b@2026-09-22T06:02:28.700376+00:00,9da653163799d56c+ca3b837dd0b3e85c,user,Qwen/Qwen3-4B-Instruct-2507,derived_validated,
76160,at://did:plc:2mgpf44nirnudyjapkzsymu2/app.bsky.feed.post/3mvbtepgxom2z,did:plc:2mgpf44nirnudyjapkzsymu2,2026-09-12T00:32:17.895000+00:00,bluesky,true,true,false,true,relevant,relevant,irrelevant,llm_v2b>llm_v2c>llm_v2d,llm_v2b@2026-09-22T06:02:28.700376+00:00,9da653163799d56c+ca3b837dd0b3e85c,user,Qwen/Qwen3-4B-Instruct-2507,derived_validated,
76184,at://did:plc:hekfkyylnxl7lqtfid6r6jzh/app.bsky.feed.post/3mvdo7glpnm2d,did:plc:hekfkyylnxl7lqtfid6r6jzh,2026-09-12T18:05:10.565000+00:00,bluesky,true,true,false,true,relevant,relevant,irrelevant,llm_v2b>llm_v2c>llm_v2d,llm_v2b@2026-09-22T06:02:28.700376+00:00,9da653163799d56c+ca3b837dd0b3e85c,user,Qwen/Qwen3-4B-Instruct-2507,derived_validated,
76212,at://did:plc:qunibdkghbvronvhdzmuvcvo/app.bsky.feed.post/3mvdehff5hc2d,did:plc:qunibdkghbvronvhdzmuvcvo,2026-09-12T15:10:40.741904+00:00,bluesky,true,true,false,true,relevant,relevant,irrelevant,llm_v2b>llm_v2c>llm_v2d,llm_v2b@2026-09-22T06:02:28.700376+00:00,9da653163799d56c+ca3b837dd0b3e85c,user,Qwen/Qwen3-4B-Instruct-2507,derived_validated,
76216,at://did:plc:vtpyqvwce4x6gpa5dcizqecy/app.bsky.feed.post/3mvdcs7ya5k2z,did:plc:vtpyqvwce4x6gpa5dcizqecy,2026-09-12T14:40:57+00:00,bluesky,true,true,false,true,relevant,relevant,irrelevant,llm_v2b>llm_v2c>llm_v2d,llm_v2b@2026-09-22T06:02:28.700376+00:00,9da653163799d56c+ca3b837dd0b3e85c,user,Qwen/Qwen3-4B-Instruct-2507,derived_validated,
76223,at://did:plc:gnir6dvmignwrrel43csxipd/app.bsky.feed.post/3mvd6syt3yc2t,did:plc:gnir6dvmignwrrel43csxipd,2026-09-12T13:29:48.588000+00:00,bluesky,true,true,true,true,relevant,relevant,relevant,llm_v2b>llm_v2c>llm_v2d,llm_v2b@2026-09-22T06:02:28.700376+00:00,9da653163799d56c+ca3b837dd0b3e85c,user,Qwen/Qwen3-4B-Instruct-2507,derived_validated,
76224,at://did:plc:kzgromk2bjhabqrbaydysgbc/app.bsky.feed.post/3mvd6oeql6c2t,did:plc:kzgromk2bjhabqrbaydysgbc,2026-09-12T13:27:13.301000+00:00,bluesky,true,true,true,true,relevant,relevant,relevant,llm_v2b>llm_v2c>llm_v2d,llm_v2b@2026-09-22T06:02:28.700376+00:00,9da653163799d56c+ca3b837dd0b3e85c,user,Qwen/Qwen3-4B-Instruct-2507,derived_validated,
76230,at://did:plc:uchqmxz4ntnlmznywfyoapsi/app.bsky.feed.post/3mvd36k5wam2z,did:plc:uchqmxz4ntnlmznywfyoapsi,2026-09-12T12:24:40.827000+00:00,bluesky,true,true,true,true,relevant,relevant,relevant,llm_v2b>llm_v2c>llm_v2d,llm_v2b@2026-09-22T06:02:28.700376+00:00,9da653163799d56c+ca3b837dd0b3e85c,user,Qwen/Qwen3-4B-Instruct-2507,derived_validated,
76232,at://did:plc:5npdpojcvlr5poovqm7cpclu/app.bsky.feed.post/3mvcyy5at5b2u,did:plc:5npdpojcvlr5poovqm7cpclu,2026-09-12T11:45:18.308000+00:00,bluesky,true,true,false,true,relevant,relevant,irrelevant,llm_v2b>llm_v2c>llm_v2d,llm_v2b@2026-09-22T06:02:28.700376+00:00,9da653163799d56c+ca3b837dd0b3e85c,user,Qwen/Qwen3-4B-Instruct-2507,derived_validated,
76236,at://did:plc:ndfufin77hov4p2slycw7wkh/app.bsky.feed.post/3mvcut5sza322,did:plc:ndfufin77hov4p2slycw7wkh,2026-09-12T10:30:55+00:00,bluesky,true,true,false,true,relevant,relevant,irrelevant,llm_v2b>llm_v2c>llm_v2d,llm_v2b@2026-09-22T06:02:28.700376+00:00,9da653163799d56c+ca3b837dd0b3e85c,user,Qwen/Qwen3-4B-Instruct-2507,derived_validated,
76402,at://did:plc:pbpiqkyng4ab6p5b6v22wack/app.bsky.feed.post/3mve3iqz6k62d,did:plc:pbpiqkyng4ab6p5b6v22wack,2026-09-12T22:03:03.224000+00:00,bluesky,true,true,false,true,relevant,relevant,irrelevant,llm_v2b>llm_v2c>llm_v2d,llm_v2b@2026-09-22T06:02:28.700376+00:00,9da653163799d56c+ca3b837dd0b3e85c,user,Qwen/Qwen3-4B-Instruct-2507,derived_validated,
76465,at://did:plc:ygei5vqh4oetmgs5znebhy4a/app.bsky.feed.post/3mvdtbtvtno2i,did:plc:ygei5vqh4oetmgs5znebhy4a,2026-09-12T19:36:01+00:00,bluesky,true,true,false,true,relevant,relevant,irrelevant,llm_v2b>llm_v2c>llm_v2d,llm_v2b@2026-09-22T06:02:28.700376+00:00,9da653163799d56c+ca3b837dd0b3e85c,user,Qwen/Qwen3-4B-Instruct-2507,derived_validated,
76494,at://did:plc:xo63zzg3fq4z5sr4oys5fjpt/app.bsky.feed.post/3mvdpgcrquk2i,did:plc:xo63zzg3fq4z5sr4oys5fjpt,2026-09-12T18:26:56.435000+00:00,bluesky,true,true,false,true,relevant,relevant,irrelevant,llm_v2b>llm_v2c>llm_v2d,llm_v2b@2026-09-22T06:02:28.700376+00:00,9da653163799d56c+ca3b837dd0b3e85c,user,Qwen/Qwen3-4B-Instruct-2507,derived_validated,
76496,at://did:plc:xgwdsbmlfsrvfb32v333ppwp/app.bsky.feed.post/3mvdoxzrdgc2t,did:plc:xgwdsbmlfsrvfb32v333ppwp,2026-09-12T18:18:57.212000+00:00,bluesky,true,true,false,true,relevant,relevant,irrelevant,llm_v2b>llm_v2c>llm_v2d,llm_v2b@2026-09-22T06:02:28.700376+00:00,9da653163799d56c+ca3b837dd0b3e85c,user,Qwen/Qwen3-4B-Instruct-2507,derived_validated,
76498,at://did:plc:d7rpb7bfl5lg5rg6duj3zf5z/app.bsky.feed.post/3mvdouvvrmc2x,did:plc:d7rpb7bfl5lg5rg6duj3zf5z,2026-09-12T18:17:12.508000+00:00,bluesky,true,true,false,true,relevant,relevant,irrelevant,llm_v2b>llm_v2c>llm_v2d,llm_v2b@2026-09-22T06:02:28.700376+00:00,9da653163799d56c+ca3b837dd0b3e85c,user,Qwen/Qwen3-4B-Instruct-2507,derived_validated,
76515,at://did:plc:did5psctmmw4j4xlxu64uvzq/app.bsky.feed.post/3mvdodq2pmk2h,did:plc:did5psctmmw4j4xlxu64uvzq,2026-09-12T18:07:35.955000+00:00,bluesky,true,true,false,true,relevant,relevant,irrelevant,llm_v2b>llm_v2c>llm_v2d,llm_v2b@2026-09-22T06:02:28.700376+00:00,9da653163799d56c+ca3b837dd0b3e85c,user,Qwen/Qwen3-4B-Instruct-2507,derived_validated,
76546,at://did:plc:qfcveel64wpn6shhk5frugrr/app.bsky.feed.post/3mvdmgbnfbc2o,did:plc:qfcveel64wpn6shhk5frugrr,2026-09-12T17:33:14.018000+00:00,bluesky,true,true,true,true,relevant,relevant,relevant,llm_v2b>llm_v2c>llm_v2d,llm_v2b@2026-09-22T06:02:28.700376+00:00,9da653163799d56c+ca3b837dd0b3e85c,user,Qwen/Qwen3-4B-Instruct-2507,derived_validated,
76557,at://did:plc:c4l6c3v5kvm7i32xiiqtszro/app.bsky.feed.post/3mvdly225gx2m,did:plc:c4l6c3v5kvm7i32xiiqtszro,2026-09-12T17:25:16.114000+00:00,bluesky,true,true,false,true,relevant,relevant,irrelevant,llm_v2b>llm_v2c>llm_v2d,llm_v2b@2026-09-22T06:02:28.700376+00:00,9da653163799d56c+ca3b837dd0b3e85c,user,Qwen/Qwen3-4B-Instruct-2507,derived_validated,
76562,at://did:plc:amnhdrsyqrmpomj6qdzc3ved/app.bsky.feed.post/3mvdll47jpv22,did:plc:amnhdrsyqrmpomj6qdzc3ved,2026-09-12T17:17:55+00:00,bluesky,true,true,false,true,relevant,relevant,irrelevant,llm_v2b>llm_v2c>llm_v2d,llm_v2b@2026-09-22T06:02:28.700376+00:00,9da653163799d56c+ca3b837dd0b3e85c,user,Qwen/Qwen3-4B-Instruct-2507,derived_validated,
76624,at://did:plc:jt35yjrppkcngjv4twlgaoxq/app.bsky.feed.post/3mvdfk62ejv2g,did:plc:jt35yjrppkcngjv4twlgaoxq,2026-09-12T15:30:01.286000+00:00,bluesky,true,true,false,true,relevant,relevant,irrelevant,llm_v2b>llm_v2c>llm_v2d,llm_v2b@2026-09-22T06:02:28.700376+00:00,9da653163799d56c+ca3b837dd0b3e85c,user,Qwen/Qwen3-4B-Instruct-2507,derived_validated,
76628,at://did:plc:6ssxiolkbsu66e5xro5nj23f/app.bsky.feed.post/3mvdfirfivk2m,did:plc:6ssxiolkbsu66e5xro5nj23f,2026-09-12T15:29:21.339000+00:00,bluesky,false,false,true,true,irrelevant,irrelevant,relevant,llm_v2b>llm_v2c>llm_v2d,,,,,deterministic_rules,
76684,at://did:plc:ltduqwuef6thqkzj3cnay42p/app.bsky.feed.post/3mvd6v3nshk2v,did:plc:ltduqwuef6thqkzj3cnay42p,2026-09-12T13:30:58.671000+00:00,bluesky,true,true,false,true,relevant,relevant,irrelevant,llm_v2b>llm_v2c>llm_v2d,llm_v2b@2026-09-22T06:02:28.700376+00:00,9da653163799d56c+ca3b837dd0b3e85c,user,Qwen/Qwen3-4B-Instruct-2507,derived_validated,
76688,at://did:plc:jmwy7ec3npeulnotmonncdst/app.bsky.feed.post/3mvd66fteek2b,did:plc:jmwy7ec3npeulnotmonncdst,2026-09-12T13:18:17.585000+00:00,bluesky,true,true,false,true,relevant,relevant,irrelevant,llm_v2b>llm_v2c>llm_v2d,llm_v2b@2026-09-22T06:02:28.700376+00:00,9da653163799d56c+ca3b837dd0b3e85c,user,Qwen/Qwen3-4B-Instruct-2507,derived_validated,
76757,at://did:plc:w7gfdjupkoci2x65czgxqbp2/app.bsky.feed.post/3mvcv7tnzp62c,did:plc:w7gfdjupkoci2x65czgxqbp2,2026-09-12T10:38:01.944000+00:00,bluesky,true,true,false,true,relevant,relevant,irrelevant,llm_v2b>llm_v2c>llm_v2d,llm_v2b@2026-09-22T06:02:28.700376+00:00,9da653163799d56c+ca3b837dd0b3e85c,user,Qwen/Qwen3-4B-Instruct-2507,derived_validated,
76791,at://did:plc:vku6v6wjcz72xewucgugnbpx/app.bsky.feed.post/3mvcprv5ypk24,did:plc:vku6v6wjcz72xewucgugnbpx,2026-09-12T09:00:45.070000+00:00,bluesky,true,true,false,true,relevant,relevant,irrelevant,llm_v2b>llm_v2c>llm_v2d,llm_v2b@2026-09-22T06:02:28.700376+00:00,9da653163799d56c+ca3b837dd0b3e85c,user,Qwen/Qwen3-4B-Instruct-2507,derived_validated,
76792,at://did:plc:rvoxhqgtxnzlmxcdtjdhusu3/app.bsky.feed.post/3mvcprij2f726,did:plc:rvoxhqgtxnzlmxcdtjdhusu3,2026-09-12T09:00:31.746000+00:00,bluesky,true,true,false,true,relevant,relevant,irrelevant,llm_v2b>llm_v2c>llm_v2d,llm_v2b@2026-09-22T06:02:28.700376+00:00,9da653163799d56c+ca3b837dd0b3e85c,user,Qwen/Qwen3-4B-Instruct-2507,derived_validated,
76813,at://did:plc:jrfrxm7ahfafxt7nooovdmix/app.bsky.feed.post/3mvcmioq4lg2z,did:plc:jrfrxm7ahfafxt7nooovdmix,2026-09-12T08:01:54+00:00,bluesky,true,true,false,true,relevant,relevant,irrelevant,llm_v2b>llm_v2c>llm_v2d,llm_v2b@2026-09-22T06:02:28.700376+00:00,9da653163799d56c+ca3b837dd0b3e85c,user,Qwen/Qwen3-4B-Instruct-2507,derived_validated,
76841,at://did:plc:unejftsz3cgbjugdvrhzxzzx/app.bsky.feed.post/3mvckqerloa2y,did:plc:unejftsz3cgbjugdvrhzxzzx,2026-09-12T07:30:25.405830+00:00,bluesky,true,true,false,true,relevant,relevant,irrelevant,llm_v2b>llm_v2c>llm_v2d,llm_v2b@2026-09-22T06:02:28.700376+00:00,9da653163799d56c+ca3b837dd0b3e85c,user,Qwen/Qwen3-4B-Instruct-2507,derived_validated,
76885,at://did:plc:pbwwtakvu3qbyvbe4rjuq4cv/app.bsky.feed.post/3mvcentwzgs2s,did:plc:pbwwtakvu3qbyvbe4rjuq4cv,2026-09-12T05:41:38.415000+00:00,bluesky,true,true,false,true,relevant,relevant,irrelevant,llm_v2b>llm_v2c>llm_v2d,llm_v2b@2026-09-22T06:02:28.700376+00:00,9da653163799d56c+ca3b837dd0b3e85c,user,Qwen/Qwen3-4B-Instruct-2507,derived_validated,
77019,at://did:plc:cob424rjgo2prhb5xqchlojt/app.bsky.feed.post/3mvdkm7gvhk2s,did:plc:cob424rjgo2prhb5xqchlojt,2026-09-12T17:00:45.550000+00:00,bluesky,true,true,false,true,relevant,relevant,irrelevant,llm_v2b>llm_v2c>llm_v2d,llm_v2b@2026-09-22T06:02:28.700376+00:00,9da653163799d56c+ca3b837dd0b3e85c,user,Qwen/Qwen3-4B-Instruct-2507,derived_validated,
77028,at://did:plc:qwsrz2afq3kspkqukoc5ijpo/app.bsky.feed.post/3mvdd7v2tgs22,did:plc:qwsrz2afq3kspkqukoc5ijpo,2026-09-12T14:48:35.823000+00:00,bluesky,true,true,false,true,relevant,relevant,irrelevant,llm_v2b>llm_v2c>llm_v2d,llm_v2b@2026-09-22T06:02:28.700376+00:00,9da653163799d56c+ca3b837dd0b3e85c,user,Qwen/Qwen3-4B-Instruct-2507,derived_validated,
77121,at://did:plc:ywpeds6njvozaedik73xonho/app.bsky.feed.post/3mvdvumvozv25,did:plc:ywpeds6njvozaedik73xonho,2026-09-12T20:22:18.849327+00:00,bluesky,true,true,false,true,relevant,relevant,irrelevant,llm_v2b>llm_v2c>llm_v2d,llm_v2b@2026-09-22T06:02:28.700376+00:00,9da653163799d56c+ca3b837dd0b3e85c,user,Qwen/Qwen3-4B-Instruct-2507,derived_validated,
77273,at://did:plc:pbwwtakvu3qbyvbe4rjuq4cv/app.bsky.feed.post/3mvcdz7bi5c2b,did:plc:pbwwtakvu3qbyvbe4rjuq4cv,2026-09-12T05:30:05.650000+00:00,bluesky,true,true,false,true,relevant,relevant,irrelevant,llm_v2b>llm_v2c>llm_v2d,llm_v2b@2026-09-22T06:02:28.700376+00:00,9da653163799d56c+ca3b837dd0b3e85c,user,Qwen/Qwen3-4B-Instruct-2507,derived_validated,
77556,at://did:plc:a2rtlv46ts55kxkicc3bjf4b/app.bsky.feed.post/3mvebq6gdrs2q,did:plc:a2rtlv46ts55kxkicc3bjf4b,2026-09-12T23:54:34.763000+00:00,bluesky,true,true,true,true,relevant,relevant,relevant,llm_v2b>llm_v2c>llm_v2d,llm_v2b@2026-09-22T06:02:28.700376+00:00,9da653163799d56c+ca3b837dd0b3e85c,user,Qwen/Qwen3-4B-Instruct-2507,derived_validated,
77766,at://did:plc:hakzua5btcgcfjye2yujlhos/app.bsky.feed.post/3mvcyr7wqxc2u,did:plc:hakzua5btcgcfjye2yujlhos,2026-09-12T11:41:26.487000+00:00,bluesky,true,true,false,true,relevant,relevant,irrelevant,llm_v2b>llm_v2c>llm_v2d,llm_v2b@2026-09-22T06:02:28.700376+00:00,9da653163799d56c+ca3b837dd0b3e85c,user,Qwen/Qwen3-4B-Instruct-2507,derived_validated,
77781,at://did:plc:ihkzkisyjfl2w7i5eu3nszot/app.bsky.feed.post/3mvctv62rg22u,did:plc:ihkzkisyjfl2w7i5eu3nszot,2026-09-12T10:14:10.033000+00:00,bluesky,true,true,true,true,relevant,relevant,relevant,llm_v2b>llm_v2c>llm_v2d,llm_v2b@2026-09-22T06:02:28.700376+00:00,9da653163799d56c+ca3b837dd0b3e85c,user,Qwen/Qwen3-4B-Instruct-2507,derived_validated,
77809,at://did:plc:57j4dnzyvdjl2bici4u3oero/app.bsky.feed.post/3mvcgxtcagd22,did:plc:57j4dnzyvdjl2bici4u3oero,2026-09-12T06:23:00.691921+00:00,bluesky,true,true,false,true,relevant,relevant,irrelevant,llm_v2b>llm_v2c>llm_v2d,llm_v2b@2026-09-22T06:02:28.700376+00:00,9da653163799d56c+ca3b837dd0b3e85c,user,Qwen/Qwen3-4B-Instruct-2507,derived_validated,
77922,at://did:plc:lw5ojqqpvsana66s5azkzxiv/app.bsky.feed.post/3mvd4bm7zbz2c,did:plc:lw5ojqqpvsana66s5azkzxiv,2026-09-12T12:44:17.184000+00:00,bluesky,true,true,false,true,relevant,relevant,irrelevant,llm_v2b>llm_v2c>llm_v2d,llm_v2b@2026-09-22T06:02:28.700376+00:00,9da653163799d56c+ca3b837dd0b3e85c,user,Qwen/Qwen3-4B-Instruct-2507,derived_validated,
77961,at://did:plc:zwxl6dnun52q3ywiao2ad3if/app.bsky.feed.post/3mvcxof4m4pi2,did:plc:zwxl6dnun52q3ywiao2ad3if,2026-09-12T11:21:10+00:00,bluesky,true,true,false,true,relevant,relevant,irrelevant,llm_v2b>llm_v2c>llm_v2d,llm_v2b@2026-09-22T06:02:28.700376+00:00,9da653163799d56c+ca3b837dd0b3e85c,user,Qwen/Qwen3-4B-Instruct-2507,derived_validated,
78066,at://did:plc:ek3dkedey2v74pusrtse5ymq/app.bsky.feed.post/3mvco37535424,did:plc:ek3dkedey2v74pusrtse5ymq,2026-09-12T08:30:09.949000+00:00,bluesky,true,true,false,true,relevant,relevant,irrelevant,llm_v2b>llm_v2c>llm_v2d,llm_v2b@2026-09-22T06:02:28.700376+00:00,9da653163799d56c+ca3b837dd0b3e85c,user,Qwen/Qwen3-4B-Instruct-2507,derived_validated,
78132,at://did:plc:ztvxledew74v3zmjgx7lv74j/app.bsky.feed.post/3mvc4ienwsk2x,did:plc:ztvxledew74v3zmjgx7lv74j,2026-09-12T03:15:24.667000+00:00,bluesky,true,true,false,true,relevant,relevant,irrelevant,llm_v2b>llm_v2c>llm_v2d,llm_v2b@2026-09-22T06:02:28.700376+00:00,9da653163799d56c+ca3b837dd0b3e85c,user,Qwen/Qwen3-4B-Instruct-2507,derived_validated,
78143,at://did:plc:noyq7zmgfffrwhsvgu7awofe/app.bsky.feed.post/3mvddwvvlmh2y,did:plc:noyq7zmgfffrwhsvgu7awofe,2026-09-12T15:01:28.426000+00:00,bluesky,true,true,true,true,relevant,relevant,relevant,llm_v2b>llm_v2c>llm_v2d,llm_v2b@2026-09-22T06:02:28.700376+00:00,9da653163799d56c+ca3b837dd0b3e85c,user,Qwen/Qwen3-4B-Instruct-2507,derived_validated,
78186,at://did:plc:nnkakrka4ra5bagmtsqhnlyj/app.bsky.feed.post/3mvdxyu76762j,did:plc:nnkakrka4ra5bagmtsqhnlyj,2026-09-12T21:00:28.232974+00:00,bluesky,true,true,false,true,relevant,relevant,irrelevant,llm_v2b>llm_v2c>llm_v2d,llm_v2b@2026-09-22T06:02:28.700376+00:00,9da653163799d56c+ca3b837dd0b3e85c,user,Qwen/Qwen3-4B-Instruct-2507,derived_validated,
78371,at://did:plc:it4u4auilfzs3h6uqbmugfcn/app.bsky.feed.post/3mvcmzeunql2v,did:plc:it4u4auilfzs3h6uqbmugfcn,2026-09-12T08:11:15.185348+00:00,bluesky,true,true,false,true,relevant,relevant,irrelevant,llm_v2b>llm_v2c>llm_v2d,llm_v2b@2026-09-22T06:02:28.700376+00:00,9da653163799d56c+ca3b837dd0b3e85c,user,Qwen/Qwen3-4B-Instruct-2507,derived_validated,
78632,at://did:plc:53dojlppcjg2er7uud2ssro4/app.bsky.feed.post/3mvebwkr5os2v,did:plc:53dojlppcjg2er7uud2ssro4,2026-09-12T23:58:08.886000+00:00,bluesky,true,true,false,true,relevant,relevant,irrelevant,llm_v2b>llm_v2c>llm_v2d,llm_v2b@2026-09-22T06:02:28.700376+00:00,9da653163799d56c+ca3b837dd0b3e85c,user,Qwen/Qwen3-4B-Instruct-2507,derived_validated,
78642,at://did:plc:vsorpszbsdacofpk73qvf3ds/app.bsky.feed.post/3mvd4bcsk3c22,did:plc:vsorpszbsdacofpk73qvf3ds,2026-09-12T12:44:07.593000+00:00,bluesky,true,true,true,true,relevant,relevant,relevant,llm_v2b>llm_v2c>llm_v2d,llm_v2b@2026-09-22T06:02:28.700376+00:00,9da653163799d56c+ca3b837dd0b3e85c,user,Qwen/Qwen3-4B-Instruct-2507,derived_validated,
78734,at://did:plc:i5a2vsezf56iu2yjtmb7m2tb/app.bsky.feed.post/3mvfqxe52pc2d,did:plc:i5a2vsezf56iu2yjtmb7m2tb,2026-09-13T13:59:41.492000+00:00,bluesky,true,true,false,true,relevant,relevant,irrelevant,llm_v2b>llm_v2c>llm_v2d,llm_v2b@2026-09-22T06:02:28.700376+00:00,9da653163799d56c+ca3b837dd0b3e85c,user,Qwen/Qwen3-4B-Instruct-2507,derived_validated,
78822,at://did:plc:5cjtlwhckfhm5oidxvvqxsrz/app.bsky.feed.post/3mveqccyrpv2y,did:plc:5cjtlwhckfhm5oidxvvqxsrz,2026-09-13T04:15:15.628890+00:00,bluesky,true,true,true,true,relevant,relevant,relevant,llm_v2b>llm_v2c>llm_v2d,llm_v2b@2026-09-22T06:02:28.700376+00:00,9da653163799d56c+ca3b837dd0b3e85c,user,Qwen/Qwen3-4B-Instruct-2507,derived_validated,
78849,at://did:plc:mfzuofn2z3jtgx55t6pthbvo/app.bsky.feed.post/3mvgfnxepvc2s,did:plc:mfzuofn2z3jtgx55t6pthbvo,2026-09-13T20:10:14.704000+00:00,bluesky,true,true,false,true,relevant,relevant,irrelevant,llm_v2b>llm_v2c>llm_v2d,llm_v2b@2026-09-22T06:02:28.700376+00:00,9da653163799d56c+ca3b837dd0b3e85c,user,Qwen/Qwen3-4B-Instruct-2507,derived_validated,
78951,at://did:plc:mkdpvtx373goxuo2ajefc3mx/app.bsky.feed.post/3mvgh2zkqoc2s,did:plc:mkdpvtx373goxuo2ajefc3mx,2026-09-13T20:35:26.949000+00:00,bluesky,false,false,true,true,irrelevant,irrelevant,relevant,llm_v2b>llm_v2c>llm_v2d,,,,,deterministic_rules,
78956,at://did:plc:6kes6jjmzmn4a6nac4v2btlu/app.bsky.feed.post/3mvgdfhgs662e,did:plc:6kes6jjmzmn4a6nac4v2btlu,2026-09-13T19:29:41.855240+00:00,bluesky,true,true,false,true,relevant,relevant,irrelevant,llm_v2b>llm_v2c>llm_v2d,llm_v2b@2026-09-22T06:02:28.700376+00:00,9da653163799d56c+ca3b837dd0b3e85c,user,Qwen/Qwen3-4B-Instruct-2507,derived_validated,
79087,at://did:plc:eto6t7rpubrs7rfjbpk47ji6/app.bsky.feed.post/3mvel3m3jno2r,did:plc:eto6t7rpubrs7rfjbpk47ji6,2026-09-13T02:42:00.599000+00:00,bluesky,true,true,false,true,relevant,relevant,irrelevant,llm_v2b>llm_v2c>llm_v2d,llm_v2b@2026-09-22T06:02:28.700376+00:00,9da653163799d56c+ca3b837dd0b3e85c,user,Qwen/Qwen3-4B-Instruct-2507,derived_validated,
79255,at://did:plc:7clmz2hekkwvdy5xwo5vqtk2/app.bsky.feed.post/3mvg4pp5u2e2p,did:plc:7clmz2hekkwvdy5xwo5vqtk2,2026-09-13T17:30:09.496000+00:00,bluesky,true,true,true,true,relevant,relevant,relevant,llm_v2b>llm_v2c>llm_v2d,llm_v2b@2026-09-22T06:02:28.700376+00:00,9da653163799d56c+ca3b837dd0b3e85c,user,Qwen/Qwen3-4B-Instruct-2507,derived_validated,
79277,at://did:plc:sj7x2xctlsf6pilv4chfnz3t/app.bsky.feed.post/3mvfyzr453m23,did:plc:sj7x2xctlsf6pilv4chfnz3t,2026-09-13T16:24:11.484000+00:00,bluesky,true,true,false,true,relevant,relevant,irrelevant,llm_v2b>llm_v2c>llm_v2d,llm_v2b@2026-09-22T06:02:28.700376+00:00,9da653163799d56c+ca3b837dd0b3e85c,user,Qwen/Qwen3-4B-Instruct-2507,derived_validated,
79279,at://did:plc:sj7x2xctlsf6pilv4chfnz3t/app.bsky.feed.post/3mvfyzffofu2c,did:plc:sj7x2xctlsf6pilv4chfnz3t,2026-09-13T16:23:59.051000+00:00,bluesky,true,true,false,true,relevant,relevant,irrelevant,llm_v2b>llm_v2c>llm_v2d,llm_v2b@2026-09-22T06:02:28.700376+00:00,9da653163799d56c+ca3b837dd0b3e85c,user,Qwen/Qwen3-4B-Instruct-2507,derived_validated,
79282,at://did:plc:fffuqjysp6v3jxounrbk67n5/app.bsky.feed.post/3mvfyhctspe2n,did:plc:fffuqjysp6v3jxounrbk67n5,2026-09-13T16:13:53.208000+00:00,bluesky,true,true,true,true,relevant,relevant,relevant,llm_v2b>llm_v2c>llm_v2d,llm_v2b@2026-09-22T06:02:28.700376+00:00,9da653163799d56c+ca3b837dd0b3e85c,user,Qwen/Qwen3-4B-Instruct-2507,derived_validated,
79297,at://did:plc:jz3yn5ec4apvlpiea5donse7/app.bsky.feed.post/3mvfwywmwrc2j,did:plc:jz3yn5ec4apvlpiea5donse7,2026-09-13T15:47:56.897000+00:00,bluesky,true,true,false,true,relevant,relevant,irrelevant,llm_v2b>llm_v2c>llm_v2d,llm_v2b@2026-09-22T06:02:28.700376+00:00,9da653163799d56c+ca3b837dd0b3e85c,user,Qwen/Qwen3-4B-Instruct-2507,derived_validated,
79409,at://did:plc:54wnaxvvhnacsduf22cg2msz/app.bsky.feed.post/3mvfiyvr5s52j,did:plc:54wnaxvvhnacsduf22cg2msz,2026-09-13T11:37:23+00:00,bluesky,true,true,false,true,relevant,relevant,irrelevant,llm_v2b>llm_v2c>llm_v2d,llm_v2b@2026-09-22T06:02:28.700376+00:00,9da653163799d56c+ca3b837dd0b3e85c,user,Qwen/Qwen3-4B-Instruct-2507,derived_validated,
79479,at://did:plc:ubzwbtr2l5zuyzursbz5kapu/app.bsky.feed.post/3mvfa7w5pah2l,did:plc:ubzwbtr2l5zuyzursbz5kapu,2026-09-13T09:00:14.438339+00:00,bluesky,true,true,false,true,relevant,relevant,irrelevant,llm_v2b>llm_v2c>llm_v2d,llm_v2b@2026-09-22T06:02:28.700376+00:00,9da653163799d56c+ca3b837dd0b3e85c,user,Qwen/Qwen3-4B-Instruct-2507,derived_validated,
79520,at://did:plc:mv6loxcddhj3i6pzfvzicc36/app.bsky.feed.post/3mvevxnlct22f,did:plc:mv6loxcddhj3i6pzfvzicc36,2026-09-13T05:56:40.372000+00:00,bluesky,true,true,true,true,relevant,relevant,relevant,llm_v2b>llm_v2c>llm_v2d,llm_v2b@2026-09-22T06:02:28.700376+00:00,9da653163799d56c+ca3b837dd0b3e85c,user,Qwen/Qwen3-4B-Instruct-2507,derived_validated,
79613,at://did:plc:jfzh2unjcjsnbw3nntyaipgr/app.bsky.feed.post/3mvehlhljtc2p,did:plc:jfzh2unjcjsnbw3nntyaipgr,2026-09-13T01:39:19.049000+00:00,bluesky,true,true,false,true,relevant,relevant,irrelevant,llm_v2b>llm_v2c>llm_v2d,llm_v2b@2026-09-22T06:02:28.700376+00:00,9da653163799d56c+ca3b837dd0b3e85c,user,Qwen/Qwen3-4B-Instruct-2507,derived_validated,
79639,at://did:plc:6cvqmnqfd4wwyttt7r6xzf4j/app.bsky.feed.post/3mvec7vfavc2q,did:plc:6cvqmnqfd4wwyttt7r6xzf4j,2026-09-13T00:03:22.144000+00:00,bluesky,true,true,false,true,relevant,relevant,irrelevant,llm_v2b>llm_v2c>llm_v2d,llm_v2b@2026-09-22T06:02:28.700376+00:00,9da653163799d56c+ca3b837dd0b3e85c,user,Qwen/Qwen3-4B-Instruct-2507,derived_validated,
79832,at://did:plc:ytw3m436pntb4tbom424ua2d/app.bsky.feed.post/3mvg3vwvmgh25,did:plc:ytw3m436pntb4tbom424ua2d,2026-09-13T17:15:45.213000+00:00,bluesky,true,true,false,true,relevant,relevant,irrelevant,llm_v2b>llm_v2c>llm_v2d,llm_v2b@2026-09-22T06:02:28.700376+00:00,9da653163799d56c+ca3b837dd0b3e85c,user,Qwen/Qwen3-4B-Instruct-2507,derived_validated,
80035,at://did:plc:b56k7ssseyjamaaslxtud72i/app.bsky.feed.post/3mvgp6yajrk2a,did:plc:b56k7ssseyjamaaslxtud72i,2026-09-13T23:00:49.718000+00:00,bluesky,true,true,false,true,relevant,relevant,irrelevant,llm_v2b>llm_v2c>llm_v2d,llm_v2b@2026-09-22T06:02:28.700376+00:00,9da653163799d56c+ca3b837dd0b3e85c,user,Qwen/Qwen3-4B-Instruct-2507,derived_validated,
80178,at://did:plc:3guaevpn325icvq3bvgjpnw4/app.bsky.feed.post/3mvfprawwkk22,did:plc:3guaevpn325icvq3bvgjpnw4,2026-09-13T13:38:23.082000+00:00,bluesky,true,true,false,true,relevant,relevant,irrelevant,llm_v2b>llm_v2c>llm_v2d,llm_v2b@2026-09-22T06:02:28.700376+00:00,9da653163799d56c+ca3b837dd0b3e85c,user,Qwen/Qwen3-4B-Instruct-2507,derived_validated,
80371,at://did:plc:2mvyqpunwcmcll5trmxpsgax/app.bsky.feed.post/3mved6ycb322q,did:plc:2mvyqpunwcmcll5trmxpsgax,2026-09-13T00:20:45.397000+00:00,bluesky,true,true,true,true,relevant,relevant,relevant,llm_v2b>llm_v2c>llm_v2d,llm_v2b@2026-09-22T06:02:28.700376+00:00,9da653163799d56c+ca3b837dd0b3e85c,user,Qwen/Qwen3-4B-Instruct-2507,derived_validated,
80637,at://did:plc:vjyi7xa7gfrsivr7bugrun4q/app.bsky.feed.post/3mvfwhd54by23,did:plc:vjyi7xa7gfrsivr7bugrun4q,2026-09-13T15:38:05+00:00,bluesky,true,true,false,true,relevant,relevant,irrelevant,llm_v2b>llm_v2c>llm_v2d,llm_v2b@2026-09-22T06:02:28.700376+00:00,9da653163799d56c+ca3b837dd0b3e85c,user,Qwen/Qwen3-4B-Instruct-2507,derived_validated,
80639,at://did:plc:aqqtehjf6x55fkqm5mldkpw7/app.bsky.feed.post/3mvfwelajgh2q,did:plc:aqqtehjf6x55fkqm5mldkpw7,2026-09-13T15:36:34.304000+00:00,bluesky,true,true,false,true,relevant,relevant,irrelevant,llm_v2b>llm_v2c>llm_v2d,llm_v2b@2026-09-22T06:02:28.700376+00:00,9da653163799d56c+ca3b837dd0b3e85c,user,Qwen/Qwen3-4B-Instruct-2507,derived_validated,
80893,at://did:plc:q5m4pspc6zmqru6b4dpg65yv/app.bsky.feed.post/3mves7dnhyy2t,did:plc:q5m4pspc6zmqru6b4dpg65yv,2026-09-13T04:49:23.327443+00:00,bluesky,true,true,false,true,relevant,relevant,irrelevant,llm_v2b>llm_v2c>llm_v2d,llm_v2b@2026-09-22T06:02:28.700376+00:00,9da653163799d56c+ca3b837dd0b3e85c,user,Qwen/Qwen3-4B-Instruct-2507,derived_validated,
81064,at://did:plc:njlayymutryfc77dpgqmur7t/app.bsky.feed.post/3mvev63oenc23,did:plc:njlayymutryfc77dpgqmur7t,2026-09-13T05:42:22.721000+00:00,bluesky,true,true,false,true,relevant,relevant,irrelevant,llm_v2b>llm_v2c>llm_v2d,llm_v2b@2026-09-22T06:02:28.700376+00:00,9da653163799d56c+ca3b837dd0b3e85c,user,Qwen/Qwen3-4B-Instruct-2507,derived_validated,
81065,at://did:plc:tuwg4bd73p5m7jrrmjhl2jix/app.bsky.feed.post/3mvet6fdd6323,did:plc:tuwg4bd73p5m7jrrmjhl2jix,2026-09-13T05:06:45.220000+00:00,bluesky,true,true,false,true,relevant,relevant,irrelevant,llm_v2b>llm_v2c>llm_v2d,llm_v2b@2026-09-22T06:02:28.700376+00:00,9da653163799d56c+ca3b837dd0b3e85c,user,Qwen/Qwen3-4B-Instruct-2507,derived_validated,
81154,at://did:plc:hh3brnksirhma2rymwtpnp5w/app.bsky.feed.post/3mvip4eukc724,did:plc:hh3brnksirhma2rymwtpnp5w,2026-09-14T18:04:41.522675+00:00,bluesky,true,true,false,true,relevant,relevant,irrelevant,llm_v2b>llm_v2c>llm_v2d,llm_v2b@2026-09-22T06:02:28.700376+00:00,9da653163799d56c+ca3b837dd0b3e85c,user,Qwen/Qwen3-4B-Instruct-2507,derived_validated,
81168,at://did:plc:6fmbpoffeaafbrxa5m52tqzh/app.bsky.feed.post/3mvimv4t7ec22,did:plc:6fmbpoffeaafbrxa5m52tqzh,2026-09-14T17:24:50.968000+00:00,bluesky,true,true,false,true,relevant,relevant,irrelevant,llm_v2b>llm_v2c>llm_v2d,llm_v2b@2026-09-22T06:02:28.700376+00:00,9da653163799d56c+ca3b837dd0b3e85c,user,Qwen/Qwen3-4B-Instruct-2507,derived_validated,
81281,at://did:plc:i5a2vsezf56iu2yjtmb7m2tb/app.bsky.feed.post/3mvib3xqm422s,did:plc:i5a2vsezf56iu2yjtmb7m2tb,2026-09-14T13:53:55.622000+00:00,bluesky,true,true,true,true,relevant,relevant,relevant,llm_v2b>llm_v2c>llm_v2d,llm_v2b@2026-09-22T06:02:28.700376+00:00,9da653163799d56c+ca3b837dd0b3e85c,user,Qwen/Qwen3-4B-Instruct-2507,derived_validated,
81318,at://did:plc:fyitqypzz6qaax7ve46hsw52/app.bsky.feed.post/3mvi3brwdoi24,did:plc:fyitqypzz6qaax7ve46hsw52,2026-09-14T12:09:46+00:00,bluesky,true,true,false,true,relevant,relevant,irrelevant,llm_v2b>llm_v2c>llm_v2d,llm_v2b@2026-09-22T06:02:28.700376+00:00,9da653163799d56c+ca3b837dd0b3e85c,user,Qwen/Qwen3-4B-Instruct-2507,derived_validated,
81360,at://did:plc:mgnesxvhndfnfsbb6uam47zz/app.bsky.feed.post/3mvhdgm5fqn25,did:plc:mgnesxvhndfnfsbb6uam47zz,2026-09-14T05:03:00+00:00,bluesky,true,true,false,true,relevant,relevant,irrelevant,llm_v2b>llm_v2c>llm_v2d,llm_v2b@2026-09-22T06:02:28.700376+00:00,9da653163799d56c+ca3b837dd0b3e85c,user,Qwen/Qwen3-4B-Instruct-2507,derived_validated,
81376,at://did:plc:negzvwjejyjjykmyyfy5v2gq/app.bsky.feed.post/3mvj7pkx2bs2c,did:plc:negzvwjejyjjykmyyfy5v2gq,2026-09-14T23:01:45.548000+00:00,bluesky,true,true,true,true,relevant,relevant,relevant,llm_v2b>llm_v2c>llm_v2d,llm_v2b@2026-09-22T06:02:28.700376+00:00,9da653163799d56c+ca3b837dd0b3e85c,user,Qwen/Qwen3-4B-Instruct-2507,derived_validated,
81385,at://did:plc:utgs5wka7od3gapriet6uhwi/app.bsky.feed.post/3mvizcvawik2w,did:plc:utgs5wka7od3gapriet6uhwi,2026-09-14T21:07:17.697000+00:00,bluesky,true,true,false,true,relevant,relevant,irrelevant,llm_v2b>llm_v2c>llm_v2d,llm_v2b@2026-09-22T06:02:28.700376+00:00,9da653163799d56c+ca3b837dd0b3e85c,user,Qwen/Qwen3-4B-Instruct-2507,derived_validated,
81412,at://did:plc:36trxcdhay6uygpri2mepw2d/app.bsky.feed.post/3mvim2nfmtv2y,did:plc:36trxcdhay6uygpri2mepw2d,2026-09-14T17:10:02.363000+00:00,bluesky,true,true,false,true,relevant,relevant,irrelevant,llm_v2b>llm_v2c>llm_v2d,llm_v2b@2026-09-22T06:02:28.700376+00:00,9da653163799d56c+ca3b837dd0b3e85c,user,Qwen/Qwen3-4B-Instruct-2507,derived_validated,
81481,at://did:plc:ubzl6vvuf22s3uy6yurjrvdf/app.bsky.feed.post/3mvhwwuwwhs2u,did:plc:ubzl6vvuf22s3uy6yurjrvdf,2026-09-14T10:52:07.425000+00:00,bluesky,true,true,false,true,relevant,relevant,irrelevant,llm_v2b>llm_v2c>llm_v2d,llm_v2b@2026-09-22T06:02:28.700376+00:00,9da653163799d56c+ca3b837dd0b3e85c,user,Qwen/Qwen3-4B-Instruct-2507,derived_validated,
81482,at://did:plc:sj3q7bq52ejz3oanpnk6i4v2/app.bsky.feed.post/3mvhwwtajzj2n,did:plc:sj3q7bq52ejz3oanpnk6i4v2,2026-09-14T10:52:05.638000+00:00,bluesky,true,true,false,true,relevant,relevant,irrelevant,llm_v2b>llm_v2c>llm_v2d,llm_v2b@2026-09-22T06:02:28.700376+00:00,9da653163799d56c+ca3b837dd0b3e85c,user,Qwen/Qwen3-4B-Instruct-2507,derived_validated,
81483,at://did:plc:ksubnc3tnvhynkmszhw5zsyh/app.bsky.feed.post/3mvhww7vrn525,did:plc:ksubnc3tnvhynkmszhw5zsyh,2026-09-14T10:51:45.382000+00:00,bluesky,true,true,false,true,relevant,relevant,irrelevant,llm_v2b>llm_v2c>llm_v2d,llm_v2b@2026-09-22T06:02:28.700376+00:00,9da653163799d56c+ca3b837dd0b3e85c,user,Qwen/Qwen3-4B-Instruct-2507,derived_validated,
81545,at://did:plc:pcyrdko23skhqe6gpfiunene/app.bsky.feed.post/3mvgysha5sd2f,did:plc:pcyrdko23skhqe6gpfiunene,2026-09-14T01:52:46.645000+00:00,bluesky,true,true,false,true,relevant,relevant,irrelevant,llm_v2b>llm_v2c>llm_v2d,llm_v2b@2026-09-22T06:02:28.700376+00:00,9da653163799d56c+ca3b837dd0b3e85c,user,Qwen/Qwen3-4B-Instruct-2507,derived_validated,
81553,at://did:plc:jc3uvsfby2oxtcqomg4k2m5b/app.bsky.feed.post/3mvjbcjfdbf2k,did:plc:jc3uvsfby2oxtcqomg4k2m5b,2026-09-14T23:30:15+00:00,bluesky,true,true,true,true,relevant,relevant,relevant,llm_v2b>llm_v2c>llm_v2d,llm_v2b@2026-09-22T06:02:28.700376+00:00,9da653163799d56c+ca3b837dd0b3e85c,user,Qwen/Qwen3-4B-Instruct-2507,derived_validated,
81556,at://did:plc:u7aacg3jzkowyhjkk5kiivkj/app.bsky.feed.post/3mvjaan3nb22c,did:plc:u7aacg3jzkowyhjkk5kiivkj,2026-09-14T23:11:18.221000+00:00,bluesky,true,true,false,true,relevant,relevant,irrelevant,llm_v2b>llm_v2c>llm_v2d,llm_v2b@2026-09-22T06:02:28.700376+00:00,9da653163799d56c+ca3b837dd0b3e85c,user,Qwen/Qwen3-4B-Instruct-2507,derived_validated,
81608,at://did:plc:sj7x2xctlsf6pilv4chfnz3t/app.bsky.feed.post/3mvil7jc6mv2u,did:plc:sj7x2xctlsf6pilv4chfnz3t,2026-09-14T16:54:51.261000+00:00,bluesky,true,true,false,true,relevant,relevant,irrelevant,llm_v2b>llm_v2c>llm_v2d,llm_v2b@2026-09-22T06:02:28.700376+00:00,9da653163799d56c+ca3b837dd0b3e85c,user,Qwen/Qwen3-4B-Instruct-2507,derived_validated,
81633,at://did:plc:ehua3agg2vqkj3daza6k6c4a/app.bsky.feed.post/3mvie3lpnbs2h,did:plc:ehua3agg2vqkj3daza6k6c4a,2026-09-14T14:47:24.234000+00:00,bluesky,true,true,false,true,relevant,relevant,irrelevant,llm_v2b>llm_v2c>llm_v2d,llm_v2b@2026-09-22T06:02:28.700376+00:00,9da653163799d56c+ca3b837dd0b3e85c,user,Qwen/Qwen3-4B-Instruct-2507,derived_validated,
81665,at://did:plc:ejzsdclv4guraq46xp3liusw/app.bsky.feed.post/3mvi322qlpt2b,did:plc:ejzsdclv4guraq46xp3liusw,2026-09-14T12:05:29.104225+00:00,bluesky,true,true,false,true,relevant,relevant,irrelevant,llm_v2b>llm_v2c>llm_v2d,llm_v2b@2026-09-22T06:02:28.700376+00:00,9da653163799d56c+ca3b837dd0b3e85c,user,Qwen/Qwen3-4B-Instruct-2507,derived_validated,
81682,at://did:plc:jkh2hpmhw5y4ab2yxufqqmka/app.bsky.feed.post/3mvhw3zn4db24,did:plc:jkh2hpmhw5y4ab2yxufqqmka,2026-09-14T10:37:06.070000+00:00,bluesky,true,true,false,true,relevant,relevant,irrelevant,llm_v2b>llm_v2c>llm_v2d,llm_v2b@2026-09-22T06:02:28.700376+00:00,9da653163799d56c+ca3b837dd0b3e85c,user,Qwen/Qwen3-4B-Instruct-2507,derived_validated,
81711,at://did:plc:geidqukzen75knciqkq77vgq/app.bsky.feed.post/3mvhmfidqnl2a,did:plc:geidqukzen75knciqkq77vgq,2026-09-14T07:43:26.349320+00:00,bluesky,true,true,false,true,relevant,relevant,irrelevant,llm_v2b>llm_v2c>llm_v2d,llm_v2b@2026-09-22T06:02:28.700376+00:00,9da653163799d56c+ca3b837dd0b3e85c,user,Qwen/Qwen3-4B-Instruct-2507,derived_validated,
81754,at://did:plc:kfk42qurfkcmglewpm5xnzon/app.bsky.feed.post/3mviru4qyes2t,did:plc:kfk42qurfkcmglewpm5xnzon,2026-09-14T18:53:46.033000+00:00,bluesky,true,true,false,true,relevant,relevant,irrelevant,llm_v2b>llm_v2c>llm_v2d,llm_v2b@2026-09-22T06:02:28.700376+00:00,9da653163799d56c+ca3b837dd0b3e85c,user,Qwen/Qwen3-4B-Instruct-2507,derived_validated,
81774,at://did:plc:e2imm7mt4d3tdkq2hc2tp524/app.bsky.feed.post/3mvihcsiwnh2d,did:plc:e2imm7mt4d3tdkq2hc2tp524,2026-09-14T15:45:07.425287+00:00,bluesky,true,true,false,true,relevant,relevant,irrelevant,llm_v2b>llm_v2c>llm_v2d,llm_v2b@2026-09-22T06:02:28.700376+00:00,9da653163799d56c+ca3b837dd0b3e85c,user,Qwen/Qwen3-4B-Instruct-2507,derived_validated,
81778,at://did:plc:ko7g4m4rnqdeooe5z7wv5zlu/app.bsky.feed.post/3mvibbqr45s26,did:plc:ko7g4m4rnqdeooe5z7wv5zlu,2026-09-14T13:57:09.627000+00:00,bluesky,true,true,true,true,relevant,relevant,relevant,llm_v2b>llm_v2c>llm_v2d,llm_v2b@2026-09-22T06:02:28.700376+00:00,9da653163799d56c+ca3b837dd0b3e85c,user,Qwen/Qwen3-4B-Instruct-2507,derived_validated,
81781,at://did:plc:5cnucdldljp72pztwqxy66tw/app.bsky.feed.post/3mvi7j6cxlc2v,did:plc:5cnucdldljp72pztwqxy66tw,2026-09-14T13:25:31.241000+00:00,bluesky,true,true,false,true,relevant,relevant,irrelevant,llm_v2b>llm_v2c>llm_v2d,llm_v2b@2026-09-22T06:02:28.700376+00:00,9da653163799d56c+ca3b837dd0b3e85c,user,Qwen/Qwen3-4B-Instruct-2507,derived_validated,
81803,at://did:plc:7oeufzwrvqyzfmj3jffojbjw/app.bsky.feed.post/3mvjcwjwl4t2z,did:plc:7oeufzwrvqyzfmj3jffojbjw,2026-09-14T23:59:20+00:00,bluesky,true,true,false,true,relevant,relevant,irrelevant,llm_v2b>llm_v2c>llm_v2d,llm_v2b@2026-09-22T06:02:28.700376+00:00,9da653163799d56c+ca3b837dd0b3e85c,user,Qwen/Qwen3-4B-Instruct-2507,derived_validated,
81804,at://did:plc:m7h367yhvihceommzr3qwucv/app.bsky.feed.post/3mvjck7uyus2f,did:plc:m7h367yhvihceommzr3qwucv,2026-09-14T23:52:27.398000+00:00,bluesky,true,true,false,true,relevant,relevant,irrelevant,llm_v2b>llm_v2c>llm_v2d,llm_v2b@2026-09-22T06:02:28.700376+00:00,9da653163799d56c+ca3b837dd0b3e85c,user,Qwen/Qwen3-4B-Instruct-2507,derived_validated,
81814,at://did:plc:czjduztdqkrm6j2t5pik47s3/app.bsky.feed.post/3mvjawztdnc2w,did:plc:czjduztdqkrm6j2t5pik47s3,2026-09-14T23:23:49.777000+00:00,bluesky,true,true,false,true,relevant,relevant,irrelevant,llm_v2b>llm_v2c>llm_v2d,llm_v2b@2026-09-22T06:02:28.700376+00:00,9da653163799d56c+ca3b837dd0b3e85c,user,Qwen/Qwen3-4B-Instruct-2507,derived_validated,
81941,at://did:plc:jkh2hpmhw5y4ab2yxufqqmka/app.bsky.feed.post/3mvivxavcic2c,did:plc:jkh2hpmhw5y4ab2yxufqqmka,2026-09-14T20:07:05.645000+00:00,bluesky,true,true,false,true,relevant,relevant,irrelevant,llm_v2b>llm_v2c>llm_v2d,llm_v2b@2026-09-22T06:02:28.700376+00:00,9da653163799d56c+ca3b837dd0b3e85c,user,Qwen/Qwen3-4B-Instruct-2507,derived_validated,
81966,at://did:plc:cbdkpclfu3wfcncb3mihn7gv/app.bsky.feed.post/3mviuccwwxx2h,did:plc:cbdkpclfu3wfcncb3mihn7gv,2026-09-14T19:37:29.198000+00:00,bluesky,true,true,false,true,relevant,relevant,irrelevant,llm_v2b>llm_v2c>llm_v2d,llm_v2b@2026-09-22T06:02:28.700376+00:00,9da653163799d56c+ca3b837dd0b3e85c,user,Qwen/Qwen3-4B-Instruct-2507,derived_validated,
81969,at://did:plc:c4l6c3v5kvm7i32xiiqtszro/app.bsky.feed.post/3mviu4dg4er2g,did:plc:c4l6c3v5kvm7i32xiiqtszro,2026-09-14T19:34:08.785000+00:00,bluesky,true,true,false,true,relevant,relevant,irrelevant,llm_v2b>llm_v2c>llm_v2d,llm_v2b@2026-09-22T06:02:28.700376+00:00,9da653163799d56c+ca3b837dd0b3e85c,user,Qwen/Qwen3-4B-Instruct-2507,derived_validated,
81994,at://did:plc:dpmwlesjodhle7ss5227yvvg/app.bsky.feed.post/3mvis54bopx2o,did:plc:dpmwlesjodhle7ss5227yvvg,2026-09-14T18:58:45+00:00,bluesky,true,true,true,true,relevant,relevant,relevant,llm_v2b>llm_v2c>llm_v2d,llm_v2b@2026-09-22T06:02:28.700376+00:00,9da653163799d56c+ca3b837dd0b3e85c,user,Qwen/Qwen3-4B-Instruct-2507,derived_validated,
81995,at://did:plc:dpmwlesjodhle7ss5227yvvg/app.bsky.feed.post/3mvis4te4zp2o,did:plc:dpmwlesjodhle7ss5227yvvg,2026-09-14T18:58:36+00:00,bluesky,true,true,true,true,relevant,relevant,relevant,llm_v2b>llm_v2c>llm_v2d,llm_v2b@2026-09-22T06:02:28.700376+00:00,9da653163799d56c+ca3b837dd0b3e85c,user,Qwen/Qwen3-4B-Instruct-2507,derived_validated,
82050,at://did:plc:4ew3svc2n56i5lcfxka56uci/app.bsky.feed.post/3mviotujl5k2x,did:plc:4ew3svc2n56i5lcfxka56uci,2026-09-14T17:59:56.198000+00:00,bluesky,true,true,true,true,relevant,relevant,relevant,llm_v2b>llm_v2c>llm_v2d,llm_v2b@2026-09-22T06:02:28.700376+00:00,9da653163799d56c+ca3b837dd0b3e85c,user,Qwen/Qwen3-4B-Instruct-2507,derived_validated,
82065,at://did:plc:ersfxbyptvuo7lwz267grx5h/app.bsky.feed.post/3mvinuspads2w,did:plc:ersfxbyptvuo7lwz267grx5h,2026-09-14T17:42:34.096000+00:00,bluesky,true,true,false,true,relevant,relevant,irrelevant,llm_v2b>llm_v2c>llm_v2d,llm_v2b@2026-09-22T06:02:28.700376+00:00,9da653163799d56c+ca3b837dd0b3e85c,user,Qwen/Qwen3-4B-Instruct-2507,derived_validated,
82100,at://did:plc:sj7x2xctlsf6pilv4chfnz3t/app.bsky.feed.post/3mvil7zsbz323,did:plc:sj7x2xctlsf6pilv4chfnz3t,2026-09-14T16:55:08.622000+00:00,bluesky,true,true,false,true,relevant,relevant,irrelevant,llm_v2b>llm_v2c>llm_v2d,llm_v2b@2026-09-22T06:02:28.700376+00:00,9da653163799d56c+ca3b837dd0b3e85c,user,Qwen/Qwen3-4B-Instruct-2507,derived_validated,
82177,at://did:plc:jkh2hpmhw5y4ab2yxufqqmka/app.bsky.feed.post/3mvigugxqs72y,did:plc:jkh2hpmhw5y4ab2yxufqqmka,2026-09-14T15:37:05.227000+00:00,bluesky,true,true,false,true,relevant,relevant,irrelevant,llm_v2b>llm_v2c>llm_v2d,llm_v2b@2026-09-22T06:02:28.700376+00:00,9da653163799d56c+ca3b837dd0b3e85c,user,Qwen/Qwen3-4B-Instruct-2507,derived_validated,
82242,at://did:plc:xrvbnajja6zt6fpxnf5hd74k/app.bsky.feed.post/3mvidxrbqac24,did:plc:xrvbnajja6zt6fpxnf5hd74k,2026-09-14T14:45:15.843000+00:00,bluesky,true,true,false,true,relevant,relevant,irrelevant,llm_v2b>llm_v2c>llm_v2d,llm_v2b@2026-09-22T06:02:28.700376+00:00,9da653163799d56c+ca3b837dd0b3e85c,user,Qwen/Qwen3-4B-Instruct-2507,derived_validated,
82258,at://did:plc:kgrwlmfbbjwdohza3nmfhdla/app.bsky.feed.post/3mvid4jhd4j2k,did:plc:kgrwlmfbbjwdohza3nmfhdla,2026-09-14T14:30:00+00:00,bluesky,true,true,false,true,relevant,relevant,irrelevant,llm_v2b>llm_v2c>llm_v2d,llm_v2b@2026-09-22T06:02:28.700376+00:00,9da653163799d56c+ca3b837dd0b3e85c,user,Qwen/Qwen3-4B-Instruct-2507,derived_validated,
82266,at://did:plc:vda65mhulojasswcbt25olq3/app.bsky.feed.post/3mvicnhou2s26,did:plc:vda65mhulojasswcbt25olq3,2026-09-14T14:21:36.512000+00:00,bluesky,true,true,false,true,relevant,relevant,irrelevant,llm_v2b>llm_v2c>llm_v2d,llm_v2b@2026-09-22T06:02:28.700376+00:00,9da653163799d56c+ca3b837dd0b3e85c,user,Qwen/Qwen3-4B-Instruct-2507,derived_validated,
82267,at://did:plc:cvylz7h3pndwnnbm5shwdhqv/app.bsky.feed.post/3mvicjijjcs27,did:plc:cvylz7h3pndwnnbm5shwdhqv,2026-09-14T14:19:23.164000+00:00,bluesky,true,true,false,true,relevant,relevant,irrelevant,llm_v2b>llm_v2c>llm_v2d,llm_v2b@2026-09-22T06:02:28.700376+00:00,9da653163799d56c+ca3b837dd0b3e85c,user,Qwen/Qwen3-4B-Instruct-2507,derived_validated,
82268,at://did:plc:j7pqcukp23sqtwgkww6fxowh/app.bsky.feed.post/3mvici54owk2l,did:plc:j7pqcukp23sqtwgkww6fxowh,2026-09-14T14:18:37.652000+00:00,bluesky,false,false,true,true,irrelevant,irrelevant,relevant,llm_v2b>llm_v2c>llm_v2d,,,,,deterministic_rules,
82272,at://did:plc:hy4he4arap72ak2n74gx73dx/app.bsky.feed.post/3mviccgwhuz2x,did:plc:hy4he4arap72ak2n74gx73dx,2026-09-14T14:15:26.433000+00:00,bluesky,true,true,false,true,relevant,relevant,irrelevant,llm_v2b>llm_v2c>llm_v2d,llm_v2b@2026-09-22T06:02:28.700376+00:00,9da653163799d56c+ca3b837dd0b3e85c,user,Qwen/Qwen3-4B-Instruct-2507,derived_validated,
82286,at://did:plc:3dzlsh22j3qywv4f7a3jg6da/app.bsky.feed.post/3mvibnfei4b22,did:plc:3dzlsh22j3qywv4f7a3jg6da,2026-09-14T14:03:40.262000+00:00,bluesky,true,true,false,true,relevant,relevant,irrelevant,llm_v2b>llm_v2c>llm_v2d,llm_v2b@2026-09-22T06:02:28.700376+00:00,9da653163799d56c+ca3b837dd0b3e85c,user,Qwen/Qwen3-4B-Instruct-2507,derived_validated,
82322,at://did:plc:fyitqypzz6qaax7ve46hsw52/app.bsky.feed.post/3mvi7squyui26,did:plc:fyitqypzz6qaax7ve46hsw52,2026-09-14T13:30:51+00:00,bluesky,true,true,false,true,relevant,relevant,irrelevant,llm_v2b>llm_v2c>llm_v2d,llm_v2b@2026-09-22T06:02:28.700376+00:00,9da653163799d56c+ca3b837dd0b3e85c,user,Qwen/Qwen3-4B-Instruct-2507,derived_validated,
82374,at://did:plc:45l4jq2f7cqvzzu3qvnygv46/app.bsky.feed.post/3mvi4ceadn222,did:plc:45l4jq2f7cqvzzu3qvnygv46,2026-09-14T12:28:01.340000+00:00,bluesky,true,true,false,true,relevant,relevant,irrelevant,llm_v2b>llm_v2c>llm_v2d,llm_v2b@2026-09-22T06:02:28.700376+00:00,9da653163799d56c+ca3b837dd0b3e85c,user,Qwen/Qwen3-4B-Instruct-2507,derived_validated,
82459,at://did:plc:zutonlb2uhtugqw35dmffsdd/app.bsky.feed.post/3mvhvpmxu4k2e,did:plc:zutonlb2uhtugqw35dmffsdd,2026-09-14T10:30:10.508000+00:00,bluesky,true,true,false,true,relevant,relevant,irrelevant,llm_v2b>llm_v2c>llm_v2d,llm_v2b@2026-09-22T06:02:28.700376+00:00,9da653163799d56c+ca3b837dd0b3e85c,user,Qwen/Qwen3-4B-Instruct-2507,derived_validated,
82485,at://did:plc:zh77ra6ejiebe6eyrrlw52c7/app.bsky.feed.post/3mvhu7dzazw2l,did:plc:zh77ra6ejiebe6eyrrlw52c7,2026-09-14T10:03:10.362481+00:00,bluesky,true,true,false,true,relevant,relevant,irrelevant,llm_v2b>llm_v2c>llm_v2d,llm_v2b@2026-09-22T06:02:28.700376+00:00,9da653163799d56c+ca3b837dd0b3e85c,user,Qwen/Qwen3-4B-Instruct-2507,derived_validated,
82501,at://did:plc:u6celkmubfsmbus5m3aqcrla/app.bsky.feed.post/3mvhrjvnqcd2c,did:plc:u6celkmubfsmbus5m3aqcrla,2026-09-14T09:15:23+00:00,bluesky,true,true,false,true,relevant,relevant,irrelevant,llm_v2b>llm_v2c>llm_v2d,llm_v2b@2026-09-22T06:02:28.700376+00:00,9da653163799d56c+ca3b837dd0b3e85c,user,Qwen/Qwen3-4B-Instruct-2507,derived_validated,
82511,at://did:plc:7oeufzwrvqyzfmj3jffojbjw/app.bsky.feed.post/3mvhq5bfhj52n,did:plc:7oeufzwrvqyzfmj3jffojbjw,2026-09-14T08:50:25+00:00,bluesky,true,true,false,true,relevant,relevant,irrelevant,llm_v2b>llm_v2c>llm_v2d,llm_v2b@2026-09-22T06:02:28.700376+00:00,9da653163799d56c+ca3b837dd0b3e85c,user,Qwen/Qwen3-4B-Instruct-2507,derived_validated,
82514,at://did:plc:7t7fnrrotwbwx24wgibbx3ap/app.bsky.feed.post/3mvhpfksyum2c,did:plc:7t7fnrrotwbwx24wgibbx3ap,2026-09-14T08:37:09.972000+00:00,bluesky,true,true,false,true,relevant,relevant,irrelevant,llm_v2b>llm_v2c>llm_v2d,llm_v2b@2026-09-22T06:02:28.700376+00:00,9da653163799d56c+ca3b837dd0b3e85c,user,Qwen/Qwen3-4B-Instruct-2507,derived_validated,
82518,at://did:plc:lprz2mpkj7boeo63enrgljnx/app.bsky.feed.post/3mvhoz6oufh27,did:plc:lprz2mpkj7boeo63enrgljnx,2026-09-14T08:30:12.678000+00:00,bluesky,true,true,false,true,relevant,relevant,irrelevant,llm_v2b>llm_v2c>llm_v2d,llm_v2b@2026-09-22T06:02:28.700376+00:00,9da653163799d56c+ca3b837dd0b3e85c,user,Qwen/Qwen3-4B-Instruct-2507,derived_validated,
82549,at://did:plc:qidbgns7woeoeovntsu4thl6/app.bsky.feed.post/3mvhliotied23,did:plc:qidbgns7woeoeovntsu4thl6,2026-09-14T07:27:19.828000+00:00,bluesky,false,false,true,true,irrelevant,irrelevant,relevant,llm_v2b>llm_v2c>llm_v2d,,,,,deterministic_rules,
82600,at://did:plc:vfuhwvb67fy4nmyh6ba5gtur/app.bsky.feed.post/3mvheyki3is2b,did:plc:vfuhwvb67fy4nmyh6ba5gtur,2026-09-14T05:30:56.279000+00:00,bluesky,true,true,false,true,relevant,relevant,irrelevant,llm_v2b>llm_v2c>llm_v2d,llm_v2b@2026-09-22T06:02:28.700376+00:00,9da653163799d56c+ca3b837dd0b3e85c,user,Qwen/Qwen3-4B-Instruct-2507,derived_validated,
82745,at://did:plc:ejrdonhsxyou5txhfnfu5l44/app.bsky.feed.post/3mvjbalyz5y2i,did:plc:ejrdonhsxyou5txhfnfu5l44,2026-09-14T23:29:10+00:00,bluesky,true,true,false,true,relevant,relevant,irrelevant,llm_v2b>llm_v2c>llm_v2d,llm_v2b@2026-09-22T06:02:28.700376+00:00,9da653163799d56c+ca3b837dd0b3e85c,user,Qwen/Qwen3-4B-Instruct-2507,derived_validated,
82752,at://did:plc:dn242yln2biooe6qkd237tqd/app.bsky.feed.post/3mvivfy5lp72z,did:plc:dn242yln2biooe6qkd237tqd,2026-09-14T19:57:26.389000+00:00,bluesky,true,true,false,true,relevant,relevant,irrelevant,llm_v2b>llm_v2c>llm_v2d,llm_v2b@2026-09-22T06:02:28.700376+00:00,9da653163799d56c+ca3b837dd0b3e85c,user,Qwen/Qwen3-4B-Instruct-2507,derived_validated,
82791,at://did:plc:mhqnbglrgmwiuz3kgexbi7uf/app.bsky.feed.post/3mvhhekdtdr2z,did:plc:mhqnbglrgmwiuz3kgexbi7uf,2026-09-14T06:13:26.184190+00:00,bluesky,true,true,true,true,relevant,relevant,relevant,llm_v2b>llm_v2c>llm_v2d,llm_v2b@2026-09-22T06:02:28.700376+00:00,9da653163799d56c+ca3b837dd0b3e85c,user,Qwen/Qwen3-4B-Instruct-2507,derived_validated,
82798,at://did:plc:dlsswsojmwbwsidpbcblzoiv/app.bsky.feed.post/3mvgwhtnf4s2w,did:plc:dlsswsojmwbwsidpbcblzoiv,2026-09-14T01:11:03.079000+00:00,bluesky,true,true,false,true,relevant,relevant,irrelevant,llm_v2b>llm_v2c>llm_v2d,llm_v2b@2026-09-22T06:02:28.700376+00:00,9da653163799d56c+ca3b837dd0b3e85c,user,Qwen/Qwen3-4B-Instruct-2507,derived_validated,
83101,at://did:plc:qn32pbmcspvqexb7eccysjq4/app.bsky.feed.post/3mvifbi7vdl2v,did:plc:qn32pbmcspvqexb7eccysjq4,2026-09-14T15:08:32+00:00,bluesky,true,true,false,true,relevant,relevant,irrelevant,llm_v2b>llm_v2c>llm_v2d,llm_v2b@2026-09-22T06:02:28.700376+00:00,9da653163799d56c+ca3b837dd0b3e85c,user,Qwen/Qwen3-4B-Instruct-2507,derived_validated,
83225,at://did:plc:2gsotrtxixyze3e7gj5nem6m/app.bsky.feed.post/3mvhmqmpy5k2m,did:plc:2gsotrtxixyze3e7gj5nem6m,2026-09-14T07:49:40.135000+00:00,bluesky,true,true,false,true,relevant,relevant,irrelevant,llm_v2b>llm_v2c>llm_v2d,llm_v2b@2026-09-22T06:02:28.700376+00:00,9da653163799d56c+ca3b837dd0b3e85c,user,Qwen/Qwen3-4B-Instruct-2507,derived_validated,
83268,at://did:plc:le5b7ym7mphxuaaakfrgkfa6/app.bsky.feed.post/3mvj7s5pees2o,did:plc:le5b7ym7mphxuaaakfrgkfa6,2026-09-14T23:03:12.325000+00:00,bluesky,true,true,false,true,relevant,relevant,irrelevant,llm_v2b>llm_v2c>llm_v2d,llm_v2b@2026-09-22T06:02:28.700376+00:00,9da653163799d56c+ca3b837dd0b3e85c,user,Qwen/Qwen3-4B-Instruct-2507,derived_validated,
83273,at://did:plc:uwwgrxbzu5x3gfdxaszydn6k/app.bsky.feed.post/3mvj6ekptfk2k,did:plc:uwwgrxbzu5x3gfdxaszydn6k,2026-09-14T22:37:42.471000+00:00,bluesky,true,true,true,true,relevant,relevant,relevant,llm_v2b>llm_v2c>llm_v2d,llm_v2b@2026-09-22T06:02:28.700376+00:00,9da653163799d56c+ca3b837dd0b3e85c,user,Qwen/Qwen3-4B-Instruct-2507,derived_validated,
83286,at://did:plc:a73vcnfeg4nz6ci3vfh2nszb/app.bsky.feed.post/3mvj3nwlwj52w,did:plc:a73vcnfeg4nz6ci3vfh2nszb,2026-09-14T21:49:10.260882+00:00,bluesky,false,false,true,true,irrelevant,irrelevant,relevant,llm_v2b>llm_v2c>llm_v2d,,,,,deterministic_rules,
83475,at://did:plc:aan5ngkrszlyl7lnd6wp5zq3/app.bsky.feed.post/3mvi52ihpio2c,did:plc:aan5ngkrszlyl7lnd6wp5zq3,2026-09-14T12:41:31.064665+00:00,bluesky,true,true,false,true,relevant,relevant,irrelevant,llm_v2b>llm_v2c>llm_v2d,llm_v2b@2026-09-22T06:02:28.700376+00:00,9da653163799d56c+ca3b837dd0b3e85c,user,Qwen/Qwen3-4B-Instruct-2507,derived_validated,
83602,at://did:plc:57j4dnzyvdjl2bici4u3oero/app.bsky.feed.post/3mvgt2btgue2j,did:plc:57j4dnzyvdjl2bici4u3oero,2026-09-14T00:09:46.871312+00:00,bluesky,true,true,false,true,relevant,relevant,irrelevant,llm_v2b>llm_v2c>llm_v2d,llm_v2b@2026-09-22T06:02:28.700376+00:00,9da653163799d56c+ca3b837dd0b3e85c,user,Qwen/Qwen3-4B-Instruct-2507,derived_validated,
83629,at://did:plc:xvo7gsaojuuuxc6rlw374pls/app.bsky.feed.post/3mvhu6xqbti2y,did:plc:xvo7gsaojuuuxc6rlw374pls,2026-09-14T10:02:57.133793+00:00,bluesky,true,true,false,true,relevant,relevant,irrelevant,llm_v2b>llm_v2c>llm_v2d,llm_v2b@2026-09-22T06:02:28.700376+00:00,9da653163799d56c+ca3b837dd0b3e85c,user,Qwen/Qwen3-4B-Instruct-2507,derived_validated,
83787,at://did:plc:lfa65vcyknlf6glsahhiculh/app.bsky.feed.post/3mvix53jzkc25,did:plc:lfa65vcyknlf6glsahhiculh,2026-09-14T20:28:13+00:00,bluesky,true,true,true,true,relevant,relevant,relevant,llm_v2b>llm_v2c>llm_v2d,llm_v2b@2026-09-22T06:02:28.700376+00:00,9da653163799d56c+ca3b837dd0b3e85c,user,Qwen/Qwen3-4B-Instruct-2507,derived_validated,
83817,at://did:plc:uchqmxz4ntnlmznywfyoapsi/app.bsky.feed.post/3mvi43g7gov2l,did:plc:uchqmxz4ntnlmznywfyoapsi,2026-09-14T12:24:08.444000+00:00,bluesky,true,true,false,true,relevant,relevant,irrelevant,llm_v2b>llm_v2c>llm_v2d,llm_v2b@2026-09-22T06:02:28.700376+00:00,9da653163799d56c+ca3b837dd0b3e85c,user,Qwen/Qwen3-4B-Instruct-2507,derived_validated,
83852,at://did:plc:36i3w2wdhnj3te7s6pi7tovh/app.bsky.feed.post/3mviyiadwjc2t,did:plc:36i3w2wdhnj3te7s6pi7tovh,2026-09-14T20:52:23.361000+00:00,bluesky,true,true,false,true,relevant,relevant,irrelevant,llm_v2b>llm_v2c>llm_v2d,llm_v2b@2026-09-22T06:02:28.700376+00:00,9da653163799d56c+ca3b837dd0b3e85c,user,Qwen/Qwen3-4B-Instruct-2507,derived_validated,
83876,at://did:plc:kfk42qurfkcmglewpm5xnzon/app.bsky.feed.post/3mvi34ynamk2p,did:plc:kfk42qurfkcmglewpm5xnzon,2026-09-14T12:07:07.663000+00:00,bluesky,true,true,true,true,relevant,relevant,relevant,llm_v2b>llm_v2c>llm_v2d,llm_v2b@2026-09-22T06:02:28.700376+00:00,9da653163799d56c+ca3b837dd0b3e85c,user,Qwen/Qwen3-4B-Instruct-2507,derived_validated,
83883,at://did:plc:pcyrdko23skhqe6gpfiunene/app.bsky.feed.post/3mvgyu3fuhl2f,did:plc:pcyrdko23skhqe6gpfiunene,2026-09-14T01:53:41.358000+00:00,bluesky,true,true,false,true,relevant,relevant,irrelevant,llm_v2b>llm_v2c>llm_v2d,llm_v2b@2026-09-22T06:02:28.700376+00:00,9da653163799d56c+ca3b837dd0b3e85c,user,Qwen/Qwen3-4B-Instruct-2507,derived_validated,
83891,at://did:plc:a3ao5kas7dyi5ooog5saz2ko/app.bsky.feed.post/3mvjacmbogd2c,did:plc:a3ao5kas7dyi5ooog5saz2ko,2026-09-14T23:12:24.401000+00:00,bluesky,true,true,false,true,relevant,relevant,irrelevant,llm_v2b>llm_v2c>llm_v2d,llm_v2b@2026-09-22T06:02:28.700376+00:00,9da653163799d56c+ca3b837dd0b3e85c,user,Qwen/Qwen3-4B-Instruct-2507,derived_validated,
83934,at://did:plc:nq672mxwwjhcpl6il2zcvgna/app.bsky.feed.post/3mviywu7w6e25,did:plc:nq672mxwwjhcpl6il2zcvgna,2026-09-14T21:00:33+00:00,bluesky,true,true,false,true,relevant,relevant,irrelevant,llm_v2b>llm_v2c>llm_v2d,llm_v2b@2026-09-22T06:02:28.700376+00:00,9da653163799d56c+ca3b837dd0b3e85c,user,Qwen/Qwen3-4B-Instruct-2507,derived_validated,
83935,at://did:plc:nnkakrka4ra5bagmtsqhnlyj/app.bsky.feed.post/3mviywqp6lq22,did:plc:nnkakrka4ra5bagmtsqhnlyj,2026-09-14T21:00:29.709772+00:00,bluesky,true,true,false,true,relevant,relevant,irrelevant,llm_v2b>llm_v2c>llm_v2d,llm_v2b@2026-09-22T06:02:28.700376+00:00,9da653163799d56c+ca3b837dd0b3e85c,user,Qwen/Qwen3-4B-Instruct-2507,derived_validated,
84075,at://did:plc:zhe53h7ajlloep2oso5pqxzj/app.bsky.feed.post/3mvighvct7f2j,did:plc:zhe53h7ajlloep2oso5pqxzj,2026-09-14T15:30:01+00:00,bluesky,true,true,false,true,relevant,relevant,irrelevant,llm_v2b>llm_v2c>llm_v2d,llm_v2b@2026-09-22T06:02:28.700376+00:00,9da653163799d56c+ca3b837dd0b3e85c,user,Qwen/Qwen3-4B-Instruct-2507,derived_validated,
84102,at://did:plc:zhe53h7ajlloep2oso5pqxzj/app.bsky.feed.post/3mvickqctvg2b,did:plc:zhe53h7ajlloep2oso5pqxzj,2026-09-14T14:20:02+00:00,bluesky,true,true,false,true,relevant,relevant,irrelevant,llm_v2b>llm_v2c>llm_v2d,llm_v2b@2026-09-22T06:02:28.700376+00:00,9da653163799d56c+ca3b837dd0b3e85c,user,Qwen/Qwen3-4B-Instruct-2507,derived_validated,
84146,at://did:plc:djmypdmssd52r3oakrgmjovz/app.bsky.feed.post/3mvi6japqxu2x,did:plc:djmypdmssd52r3oakrgmjovz,2026-09-14T13:07:40.071000+00:00,bluesky,true,true,false,true,relevant,relevant,irrelevant,llm_v2b>llm_v2c>llm_v2d,llm_v2b@2026-09-22T06:02:28.700376+00:00,9da653163799d56c+ca3b837dd0b3e85c,user,Qwen/Qwen3-4B-Instruct-2507,derived_validated,
84240,at://did:plc:h32huf7akcjicqhx5jaaczu3/app.bsky.feed.post/3mvhnv7wnrk2l,did:plc:h32huf7akcjicqhx5jaaczu3,2026-09-14T08:10:07+00:00,bluesky,true,true,false,true,relevant,relevant,irrelevant,llm_v2b>llm_v2c>llm_v2d,llm_v2b@2026-09-22T06:02:28.700376+00:00,9da653163799d56c+ca3b837dd0b3e85c,user,Qwen/Qwen3-4B-Instruct-2507,derived_validated,
84250,at://did:plc:u6celkmubfsmbus5m3aqcrla/app.bsky.feed.post/3mvhmiwstof2g,did:plc:u6celkmubfsmbus5m3aqcrla,2026-09-14T07:45:21+00:00,bluesky,true,true,false,true,relevant,relevant,irrelevant,llm_v2b>llm_v2c>llm_v2d,llm_v2b@2026-09-22T06:02:28.700376+00:00,9da653163799d56c+ca3b837dd0b3e85c,user,Qwen/Qwen3-4B-Instruct-2507,derived_validated,
84256,at://did:plc:q5m4pspc6zmqru6b4dpg65yv/app.bsky.feed.post/3mvhkybmbq62q,did:plc:q5m4pspc6zmqru6b4dpg65yv,2026-09-14T07:18:09.333311+00:00,bluesky,true,true,false,true,relevant,relevant,irrelevant,llm_v2b>llm_v2c>llm_v2d,llm_v2b@2026-09-22T06:02:28.700376+00:00,9da653163799d56c+ca3b837dd0b3e85c,user,Qwen/Qwen3-4B-Instruct-2507,derived_validated,
84301,at://did:plc:bcjkzl6ah3bvfj2q3z6oigt5/app.bsky.feed.post/3mvhdfkbnzv2d,did:plc:bcjkzl6ah3bvfj2q3z6oigt5,2026-09-14T05:02:24.593000+00:00,bluesky,true,true,false,true,relevant,relevant,irrelevant,llm_v2b>llm_v2c>llm_v2d,llm_v2b@2026-09-22T06:02:28.700376+00:00,9da653163799d56c+ca3b837dd0b3e85c,user,Qwen/Qwen3-4B-Instruct-2507,derived_validated,
84302,at://did:plc:bcjkzl6ah3bvfj2q3z6oigt5/app.bsky.feed.post/3mvhdej5zwj2p,did:plc:bcjkzl6ah3bvfj2q3z6oigt5,2026-09-14T05:01:49.871000+00:00,bluesky,true,true,false,true,relevant,relevant,irrelevant,llm_v2b>llm_v2c>llm_v2d,llm_v2b@2026-09-22T06:02:28.700376+00:00,9da653163799d56c+ca3b837dd0b3e85c,user,Qwen/Qwen3-4B-Instruct-2507,derived_validated,
84492,at://did:plc:bitagplop7lgyhdrwyhqpsy5/app.bsky.feed.post/3mviyfs3iyn2a,did:plc:bitagplop7lgyhdrwyhqpsy5,2026-09-14T20:51:00.537000+00:00,bluesky,true,true,false,true,relevant,relevant,irrelevant,llm_v2b>llm_v2c>llm_v2d,llm_v2b@2026-09-22T06:02:28.700376+00:00,9da653163799d56c+ca3b837dd0b3e85c,user,Qwen/Qwen3-4B-Instruct-2507,derived_validated,
84493,at://did:plc:qn32pbmcspvqexb7eccysjq4/app.bsky.feed.post/3mvivuy22bp2x,did:plc:qn32pbmcspvqexb7eccysjq4,2026-09-14T20:44:44+00:00,bluesky,false,false,true,true,irrelevant,irrelevant,relevant,llm_v2b>llm_v2c>llm_v2d,,,,,deterministic_rules,
84530,at://did:plc:2mgpf44nirnudyjapkzsymu2/app.bsky.feed.post/3mvhvykefda26,did:plc:2mgpf44nirnudyjapkzsymu2,2026-09-14T10:35:09.592000+00:00,bluesky,true,true,false,true,relevant,relevant,irrelevant,llm_v2b>llm_v2c>llm_v2d,llm_v2b@2026-09-22T06:02:28.700376+00:00,9da653163799d56c+ca3b837dd0b3e85c,user,Qwen/Qwen3-4B-Instruct-2507,derived_validated,
84548,at://did:plc:7fn5xkrlc2rvmilf4b5od4ya/app.bsky.feed.post/3mvimpgjwd22p,did:plc:7fn5xkrlc2rvmilf4b5od4ya,2026-09-14T17:21:39.828000+00:00,bluesky,true,true,false,true,relevant,relevant,irrelevant,llm_v2b>llm_v2c>llm_v2d,llm_v2b@2026-09-22T06:02:28.700376+00:00,9da653163799d56c+ca3b837dd0b3e85c,user,Qwen/Qwen3-4B-Instruct-2507,derived_validated,
84549,at://did:plc:64girefktzr3op7lwv4boetu/app.bsky.feed.post/3mvijbmr6sk2v,did:plc:64girefktzr3op7lwv4boetu,2026-09-14T16:20:15.370000+00:00,bluesky,false,false,true,true,irrelevant,irrelevant,relevant,llm_v2b>llm_v2c>llm_v2d,,,,,deterministic_rules,
84553,at://did:plc:jybagyxpp37vcxg6escgdaeb/app.bsky.feed.post/3mvigslckqk2x,did:plc:jybagyxpp37vcxg6escgdaeb,2026-09-14T15:36:02.733000+00:00,bluesky,true,true,false,true,relevant,relevant,irrelevant,llm_v2b>llm_v2c>llm_v2d,llm_v2b@2026-09-22T06:02:28.700376+00:00,9da653163799d56c+ca3b837dd0b3e85c,user,Qwen/Qwen3-4B-Instruct-2507,derived_validated,
84563,at://did:plc:dyc7icqxrcyidrjlfyqr6slm/app.bsky.feed.post/3mvi4u6an3k2p,did:plc:dyc7icqxrcyidrjlfyqr6slm,2026-09-14T12:37:59.037000+00:00,bluesky,true,true,false,true,relevant,relevant,irrelevant,llm_v2b>llm_v2c>llm_v2d,llm_v2b@2026-09-22T06:02:28.700376+00:00,9da653163799d56c+ca3b837dd0b3e85c,user,Qwen/Qwen3-4B-Instruct-2507,derived_validated,
84568,at://did:plc:lirc57u4hu54xlmqfl2holat/app.bsky.feed.post/3mvhu2k7sif2d,did:plc:lirc57u4hu54xlmqfl2holat,2026-09-14T10:00:29.204000+00:00,bluesky,true,true,true,true,relevant,relevant,relevant,llm_v2b>llm_v2c>llm_v2d,llm_v2b@2026-09-22T06:02:28.700376+00:00,9da653163799d56c+ca3b837dd0b3e85c,user,Qwen/Qwen3-4B-Instruct-2507,derived_validated,
84581,at://did:plc:4c2n7hvw3zuiukqi3mi4gtii/app.bsky.feed.post/3mvhfyvsru72y,did:plc:4c2n7hvw3zuiukqi3mi4gtii,2026-09-14T05:48:18.106000+00:00,bluesky,true,true,false,true,relevant,relevant,irrelevant,llm_v2b>llm_v2c>llm_v2d,llm_v2b@2026-09-22T06:02:28.700376+00:00,9da653163799d56c+ca3b837dd0b3e85c,user,Qwen/Qwen3-4B-Instruct-2507,derived_validated,
84611,at://did:plc:ppblad4zr4ogqkgdff7asa6l/app.bsky.feed.post/3mvhlnoc7qg2n,did:plc:ppblad4zr4ogqkgdff7asa6l,2026-09-14T07:30:07.276010+00:00,bluesky,true,true,false,true,relevant,relevant,irrelevant,llm_v2b>llm_v2c>llm_v2d,llm_v2b@2026-09-22T06:02:28.700376+00:00,9da653163799d56c+ca3b837dd0b3e85c,user,Qwen/Qwen3-4B-Instruct-2507,derived_validated,
84654,at://did:plc:zh77ra6ejiebe6eyrrlw52c7/app.bsky.feed.post/3mvlmvgng5x2j,did:plc:zh77ra6ejiebe6eyrrlw52c7,2026-09-15T22:03:00.339477+00:00,bluesky,true,true,false,true,relevant,relevant,irrelevant,llm_v2b>llm_v2c>llm_v2d,llm_v2b@2026-09-22T06:02:28.700376+00:00,9da653163799d56c+ca3b837dd0b3e85c,user,Qwen/Qwen3-4B-Instruct-2507,derived_validated,
84682,at://did:plc:t3edcr7xq6vlvfjp5dlcwrkf/app.bsky.feed.post/3mvlipoxkuk2v,did:plc:t3edcr7xq6vlvfjp5dlcwrkf,2026-09-15T20:48:12.358993+00:00,bluesky,true,true,false,true,relevant,relevant,irrelevant,llm_v2b>llm_v2c>llm_v2d,llm_v2b@2026-09-22T06:02:28.700376+00:00,9da653163799d56c+ca3b837dd0b3e85c,user,Qwen/Qwen3-4B-Instruct-2507,derived_validated,
84766,at://did:plc:u6celkmubfsmbus5m3aqcrla/app.bsky.feed.post/3mvkxs5sd7q24,did:plc:u6celkmubfsmbus5m3aqcrla,2026-09-15T15:45:21+00:00,bluesky,true,true,false,true,relevant,relevant,irrelevant,llm_v2b>llm_v2c>llm_v2d,llm_v2b@2026-09-22T06:02:28.700376+00:00,9da653163799d56c+ca3b837dd0b3e85c,user,Qwen/Qwen3-4B-Instruct-2507,derived_validated,
84778,at://did:plc:mvw7btcxe6jgznss25lcmus7/app.bsky.feed.post/3mvkwo7imsk2m,did:plc:mvw7btcxe6jgznss25lcmus7,2026-09-15T15:25:15.774000+00:00,bluesky,true,true,false,true,relevant,relevant,irrelevant,llm_v2b>llm_v2c>llm_v2d,llm_v2b@2026-09-22T06:02:28.700376+00:00,9da653163799d56c+ca3b837dd0b3e85c,user,Qwen/Qwen3-4B-Instruct-2507,derived_validated,
84811,at://did:plc:q5m4pspc6zmqru6b4dpg65yv/app.bsky.feed.post/3mvksemjiw62p,did:plc:q5m4pspc6zmqru6b4dpg65yv,2026-09-15T14:08:18.836562+00:00,bluesky,true,true,false,true,relevant,relevant,irrelevant,llm_v2b>llm_v2c>llm_v2d,llm_v2b@2026-09-22T06:02:28.700376+00:00,9da653163799d56c+ca3b837dd0b3e85c,user,Qwen/Qwen3-4B-Instruct-2507,derived_validated,
84851,at://did:plc:mri4qfwjhti5j4c3ob5vtudy/app.bsky.feed.post/3mvkqpugcyk2j,did:plc:mri4qfwjhti5j4c3ob5vtudy,2026-09-15T13:38:48.834000+00:00,bluesky,true,true,false,true,relevant,relevant,irrelevant,llm_v2b>llm_v2c>llm_v2d,llm_v2b@2026-09-22T06:02:28.700376+00:00,9da653163799d56c+ca3b837dd0b3e85c,user,Qwen/Qwen3-4B-Instruct-2507,derived_validated,
84859,at://did:plc:gf2kf7hzq524kg3v5esrvtzi/app.bsky.feed.post/3mvkp65qfws25,did:plc:gf2kf7hzq524kg3v5esrvtzi,2026-09-15T13:11:00.509000+00:00,bluesky,true,true,false,true,relevant,relevant,irrelevant,llm_v2b>llm_v2c>llm_v2d,llm_v2b@2026-09-22T06:02:28.700376+00:00,9da653163799d56c+ca3b837dd0b3e85c,user,Qwen/Qwen3-4B-Instruct-2507,derived_validated,
84862,at://did:plc:i5a2vsezf56iu2yjtmb7m2tb/app.bsky.feed.post/3mvkovogaks2h,did:plc:i5a2vsezf56iu2yjtmb7m2tb,2026-09-15T13:06:16.355000+00:00,bluesky,true,true,false,true,relevant,relevant,irrelevant,llm_v2b>llm_v2c>llm_v2d,llm_v2b@2026-09-22T06:02:28.700376+00:00,9da653163799d56c+ca3b837dd0b3e85c,user,Qwen/Qwen3-4B-Instruct-2507,derived_validated,
84896,at://did:plc:7oeufzwrvqyzfmj3jffojbjw/app.bsky.feed.post/3mvknavyobq26,did:plc:7oeufzwrvqyzfmj3jffojbjw,2026-09-15T12:36:45+00:00,bluesky,true,true,false,true,relevant,relevant,irrelevant,llm_v2b>llm_v2c>llm_v2d,llm_v2b@2026-09-22T06:02:28.700376+00:00,9da653163799d56c+ca3b837dd0b3e85c,user,Qwen/Qwen3-4B-Instruct-2507,derived_validated,
85047,at://did:plc:u5d54hkw4ysuqtuvcj6cmsin/app.bsky.feed.post/3mvjzeckhfe2a,did:plc:u5d54hkw4ysuqtuvcj6cmsin,2026-09-15T06:40:44.848009+00:00,bluesky,true,true,true,true,relevant,relevant,relevant,llm_v2b>llm_v2c>llm_v2d,llm_v2b@2026-09-22T06:02:28.700376+00:00,9da653163799d56c+ca3b837dd0b3e85c,user,Qwen/Qwen3-4B-Instruct-2507,derived_validated,
85287,at://did:plc:7jxi3n5klrowd2obt76hkugm/app.bsky.feed.post/3mvjznve4w22e,did:plc:7jxi3n5klrowd2obt76hkugm,2026-09-15T06:46:06.635000+00:00,bluesky,true,true,false,true,relevant,relevant,irrelevant,llm_v2b>llm_v2c>llm_v2d,llm_v2b@2026-09-22T06:02:28.700376+00:00,9da653163799d56c+ca3b837dd0b3e85c,user,Qwen/Qwen3-4B-Instruct-2507,derived_validated,
85331,at://did:plc:amnhdrsyqrmpomj6qdzc3ved/app.bsky.feed.post/3mvlrfpqelwx2,did:plc:amnhdrsyqrmpomj6qdzc3ved,2026-09-15T23:16:35+00:00,bluesky,true,true,true,true,relevant,relevant,relevant,llm_v2b>llm_v2c>llm_v2d,llm_v2b@2026-09-22T06:02:28.700376+00:00,9da653163799d56c+ca3b837dd0b3e85c,user,Qwen/Qwen3-4B-Instruct-2507,derived_validated,
85335,at://did:plc:nsx4g6mgfuilfvb6nozc7yf4/app.bsky.feed.post/3mvlpbuu3q32k,did:plc:nsx4g6mgfuilfvb6nozc7yf4,2026-09-15T22:45:42.075000+00:00,bluesky,true,true,false,true,relevant,relevant,irrelevant,llm_v2b>llm_v2c>llm_v2d,llm_v2b@2026-09-22T06:02:28.700376+00:00,9da653163799d56c+ca3b837dd0b3e85c,user,Qwen/Qwen3-4B-Instruct-2507,derived_validated,
85336,at://did:plc:u6celkmubfsmbus5m3aqcrla/app.bsky.feed.post/3mvlogipr7i2n,did:plc:u6celkmubfsmbus5m3aqcrla,2026-09-15T22:30:26+00:00,bluesky,true,true,false,true,relevant,relevant,irrelevant,llm_v2b>llm_v2c>llm_v2d,llm_v2b@2026-09-22T06:02:28.700376+00:00,9da653163799d56c+ca3b837dd0b3e85c,user,Qwen/Qwen3-4B-Instruct-2507,derived_validated,
85339,at://did:plc:u6celkmubfsmbus5m3aqcrla/app.bsky.feed.post/3mvlnlkzb6q27,did:plc:u6celkmubfsmbus5m3aqcrla,2026-09-15T22:15:22+00:00,bluesky,true,true,false,true,relevant,relevant,irrelevant,llm_v2b>llm_v2c>llm_v2d,llm_v2b@2026-09-22T06:02:28.700376+00:00,9da653163799d56c+ca3b837dd0b3e85c,user,Qwen/Qwen3-4B-Instruct-2507,derived_validated,
85341,at://did:plc:y36bzn6jldyskfng3hdi2ewr/app.bsky.feed.post/3mvlmugz5hs2v,did:plc:y36bzn6jldyskfng3hdi2ewr,2026-09-15T22:02:26.891805+00:00,bluesky,true,true,false,true,relevant,relevant,irrelevant,llm_v2b>llm_v2c>llm_v2d,llm_v2b@2026-09-22T06:02:28.700376+00:00,9da653163799d56c+ca3b837dd0b3e85c,user,Qwen/Qwen3-4B-Instruct-2507,derived_validated,
85352,at://did:plc:nmp2motcnuzxaurbaz4fp4rk/app.bsky.feed.post/3mvlkkyp7ls22,did:plc:nmp2motcnuzxaurbaz4fp4rk,2026-09-15T21:21:22.835000+00:00,bluesky,true,true,true,true,relevant,relevant,relevant,llm_v2b>llm_v2c>llm_v2d,llm_v2b@2026-09-22T06:02:28.700376+00:00,9da653163799d56c+ca3b837dd0b3e85c,user,Qwen/Qwen3-4B-Instruct-2507,derived_validated,
85365,at://did:plc:vzmnljt7otfbbgrmachtefxh/app.bsky.feed.post/3mvljexw6k62i,did:plc:vzmnljt7otfbbgrmachtefxh,2026-09-15T20:19:54+00:00,bluesky,true,true,false,true,relevant,relevant,irrelevant,llm_v2b>llm_v2c>llm_v2d,llm_v2b@2026-09-22T06:02:28.700376+00:00,9da653163799d56c+ca3b837dd0b3e85c,user,Qwen/Qwen3-4B-Instruct-2507,derived_validated,
85403,at://did:plc:b22qvz2vwogbvcyevaocuwos/app.bsky.feed.post/3mvl3d73qwb2e,did:plc:b22qvz2vwogbvcyevaocuwos,2026-09-15T16:48:33+00:00,bluesky,true,true,true,true,relevant,relevant,relevant,llm_v2b>llm_v2c>llm_v2d,llm_v2b@2026-09-22T06:02:28.700376+00:00,9da653163799d56c+ca3b837dd0b3e85c,user,Qwen/Qwen3-4B-Instruct-2507,derived_validated,
85411,at://did:plc:c2pqqu7yi4nuxghkqw3baozz/app.bsky.feed.post/3mvl2cjj72p2n,did:plc:c2pqqu7yi4nuxghkqw3baozz,2026-09-15T16:30:18.581000+00:00,bluesky,true,true,false,true,relevant,relevant,irrelevant,llm_v2b>llm_v2c>llm_v2d,llm_v2b@2026-09-22T06:02:28.700376+00:00,9da653163799d56c+ca3b837dd0b3e85c,user,Qwen/Qwen3-4B-Instruct-2507,derived_validated,
85415,at://did:plc:uf6566ur4zv2h7yl4les2ygh/app.bsky.feed.post/3mvky6c7vwt2j,did:plc:uf6566ur4zv2h7yl4les2ygh,2026-09-15T15:52:07+00:00,bluesky,true,true,true,true,relevant,relevant,relevant,llm_v2b>llm_v2c>llm_v2d,llm_v2b@2026-09-22T06:02:28.700376+00:00,9da653163799d56c+ca3b837dd0b3e85c,user,Qwen/Qwen3-4B-Instruct-2507,derived_validated,
85418,at://did:plc:bnk5d72upa2mfzwglo6ynbs3/app.bsky.feed.post/3mvkxonlkjn2m,did:plc:bnk5d72upa2mfzwglo6ynbs3,2026-09-15T15:43:24.250670+00:00,bluesky,true,true,true,true,relevant,relevant,relevant,llm_v2b>llm_v2c>llm_v2d,llm_v2b@2026-09-22T06:02:28.700376+00:00,9da653163799d56c+ca3b837dd0b3e85c,user,Qwen/Qwen3-4B-Instruct-2507,derived_validated,
85545,at://did:plc:l7jgzsmm7rlsmenoergvnuxq/app.bsky.feed.post/3mvkr2v7yyi2t,did:plc:l7jgzsmm7rlsmenoergvnuxq,2026-09-15T13:44:57+00:00,bluesky,true,true,false,true,relevant,relevant,irrelevant,llm_v2b>llm_v2c>llm_v2d,llm_v2b@2026-09-22T06:02:28.700376+00:00,9da653163799d56c+ca3b837dd0b3e85c,user,Qwen/Qwen3-4B-Instruct-2507,derived_validated,
85556,at://did:plc:fyitqypzz6qaax7ve46hsw52/app.bsky.feed.post/3mvknvvek4e2m,did:plc:fyitqypzz6qaax7ve46hsw52,2026-09-15T12:48:28+00:00,bluesky,true,true,false,true,relevant,relevant,irrelevant,llm_v2b>llm_v2c>llm_v2d,llm_v2b@2026-09-22T06:02:28.700376+00:00,9da653163799d56c+ca3b837dd0b3e85c,user,Qwen/Qwen3-4B-Instruct-2507,derived_validated,
85586,at://did:plc:6hbp4de6bnetf4xwtwtdutby/app.bsky.feed.post/3mvk2vda62c2v,did:plc:6hbp4de6bnetf4xwtwtdutby,2026-09-15T07:08:09.814000+00:00,bluesky,true,true,false,true,relevant,relevant,irrelevant,llm_v2b>llm_v2c>llm_v2d,llm_v2b@2026-09-22T06:02:28.700376+00:00,9da653163799d56c+ca3b837dd0b3e85c,user,Qwen/Qwen3-4B-Instruct-2507,derived_validated,
85591,at://did:plc:7hc3ntwii55gbipddmecsn47/app.bsky.feed.post/3mvjyoivw522r,did:plc:7hc3ntwii55gbipddmecsn47,2026-09-15T06:28:33.400000+00:00,bluesky,true,true,false,true,relevant,relevant,irrelevant,llm_v2b>llm_v2c>llm_v2d,llm_v2b@2026-09-22T06:02:28.700376+00:00,9da653163799d56c+ca3b837dd0b3e85c,user,Qwen/Qwen3-4B-Instruct-2507,derived_validated,
85646,at://did:plc:apxd3irxog2ugf6m5vubjqrb/app.bsky.feed.post/3mvlofrgy4u2x,did:plc:apxd3irxog2ugf6m5vubjqrb,2026-09-15T22:30:02.182000+00:00,bluesky,true,true,false,true,relevant,relevant,irrelevant,llm_v2b>llm_v2c>llm_v2d,llm_v2b@2026-09-22T06:02:28.700376+00:00,9da653163799d56c+ca3b837dd0b3e85c,user,Qwen/Qwen3-4B-Instruct-2507,derived_validated,
85725,at://did:plc:opesxbeyjvrt65svpygu7hzh/app.bsky.feed.post/3mvlm2chyiq2i,did:plc:opesxbeyjvrt65svpygu7hzh,2026-09-15T21:47:49.833000+00:00,bluesky,true,true,false,true,relevant,relevant,irrelevant,llm_v2b>llm_v2c>llm_v2d,llm_v2b@2026-09-22T06:02:28.700376+00:00,9da653163799d56c+ca3b837dd0b3e85c,user,Qwen/Qwen3-4B-Instruct-2507,derived_validated,
85727,at://did:plc:r64wzjtkimyq4vkiddzuu6no/app.bsky.feed.post/3mvllqg45722d,did:plc:r64wzjtkimyq4vkiddzuu6no,2026-09-15T21:42:18.401000+00:00,bluesky,true,true,true,true,relevant,relevant,relevant,llm_v2b>llm_v2c>llm_v2d,llm_v2b@2026-09-22T06:02:28.700376+00:00,9da653163799d56c+ca3b837dd0b3e85c,user,Qwen/Qwen3-4B-Instruct-2507,derived_validated,
85757,at://did:plc:3u5nhawislztecapfkera3jv/app.bsky.feed.post/3mvljg3eowk2r,did:plc:3u5nhawislztecapfkera3jv,2026-09-15T21:00:44.123000+00:00,bluesky,false,false,true,true,irrelevant,irrelevant,relevant,llm_v2b>llm_v2c>llm_v2d,,,,,deterministic_rules,
85760,at://did:plc:jz3yn5ec4apvlpiea5donse7/app.bsky.feed.post/3mvlj44v4322f,did:plc:jz3yn5ec4apvlpiea5donse7,2026-09-15T20:55:10.163000+00:00,bluesky,true,true,false,true,relevant,relevant,irrelevant,llm_v2b>llm_v2c>llm_v2d,llm_v2b@2026-09-22T06:02:28.700376+00:00,9da653163799d56c+ca3b837dd0b3e85c,user,Qwen/Qwen3-4B-Instruct-2507,derived_validated,
85783,at://did:plc:mri4qfwjhti5j4c3ob5vtudy/app.bsky.feed.post/3mvlhdmvwtk2l,did:plc:mri4qfwjhti5j4c3ob5vtudy,2026-09-15T20:23:34.367000+00:00,bluesky,true,true,false,true,relevant,relevant,irrelevant,llm_v2b>llm_v2c>llm_v2d,llm_v2b@2026-09-22T06:02:28.700376+00:00,9da653163799d56c+ca3b837dd0b3e85c,user,Qwen/Qwen3-4B-Instruct-2507,derived_validated,
85866,at://did:plc:3dzlsh22j3qywv4f7a3jg6da/app.bsky.feed.post/3mvlcsbacpz2i,did:plc:3dzlsh22j3qywv4f7a3jg6da,2026-09-15T19:02:16.523000+00:00,bluesky,true,true,true,true,relevant,relevant,relevant,llm_v2b>llm_v2c>llm_v2d,llm_v2b@2026-09-22T06:02:28.700376+00:00,9da653163799d56c+ca3b837dd0b3e85c,user,Qwen/Qwen3-4B-Instruct-2507,derived_validated,
85960,at://did:plc:mht5ub4ykjuoxpux77hikixt/app.bsky.feed.post/3mvl53k74mk2b,did:plc:mht5ub4ykjuoxpux77hikixt,2026-09-15T17:20:05.493000+00:00,bluesky,true,true,false,true,relevant,relevant,irrelevant,llm_v2b>llm_v2c>llm_v2d,llm_v2b@2026-09-22T06:02:28.700376+00:00,9da653163799d56c+ca3b837dd0b3e85c,user,Qwen/Qwen3-4B-Instruct-2507,derived_validated,
85961,at://did:plc:ucoejjod4qjkajemzqanme2k/app.bsky.feed.post/3mvl4sixnlf2z,did:plc:ucoejjod4qjkajemzqanme2k,2026-09-15T17:15:02.331274+00:00,bluesky,false,false,true,true,irrelevant,irrelevant,relevant,llm_v2b>llm_v2c>llm_v2d,,,,,deterministic_rules,
85964,at://did:plc:sj7x2xctlsf6pilv4chfnz3t/app.bsky.feed.post/3mvl4pnfy552i,did:plc:sj7x2xctlsf6pilv4chfnz3t,2026-09-15T17:13:25.416000+00:00,bluesky,true,true,false,true,relevant,relevant,irrelevant,llm_v2b>llm_v2c>llm_v2d,llm_v2b@2026-09-22T06:02:28.700376+00:00,9da653163799d56c+ca3b837dd0b3e85c,user,Qwen/Qwen3-4B-Instruct-2507,derived_validated,
85966,at://did:plc:sj7x2xctlsf6pilv4chfnz3t/app.bsky.feed.post/3mvl4p3mdc52f,did:plc:sj7x2xctlsf6pilv4chfnz3t,2026-09-15T17:13:04.671000+00:00,bluesky,true,true,false,true,relevant,relevant,irrelevant,llm_v2b>llm_v2c>llm_v2d,llm_v2b@2026-09-22T06:02:28.700376+00:00,9da653163799d56c+ca3b837dd0b3e85c,user,Qwen/Qwen3-4B-Instruct-2507,derived_validated,
85998,at://did:plc:667kp47h3tv6wmavpeatu2u3/app.bsky.feed.post/3mvl2cvv5na2u,did:plc:667kp47h3tv6wmavpeatu2u3,2026-09-15T16:30:31.487000+00:00,bluesky,true,true,false,true,relevant,relevant,irrelevant,llm_v2b>llm_v2c>llm_v2d,llm_v2b@2026-09-22T06:02:28.700376+00:00,9da653163799d56c+ca3b837dd0b3e85c,user,Qwen/Qwen3-4B-Instruct-2507,derived_validated,
86003,at://did:plc:dl733qoamovlx7pxkcymfbvi/app.bsky.feed.post/3mvkzxi34n22e,did:plc:dl733qoamovlx7pxkcymfbvi,2026-09-15T16:24:07.996000+00:00,bluesky,true,true,false,true,relevant,relevant,irrelevant,llm_v2b>llm_v2c>llm_v2d,llm_v2b@2026-09-22T06:02:28.700376+00:00,9da653163799d56c+ca3b837dd0b3e85c,user,Qwen/Qwen3-4B-Instruct-2507,derived_validated,
86052,at://did:plc:mri4qfwjhti5j4c3ob5vtudy/app.bsky.feed.post/3mvky4cvkbs22,did:plc:mri4qfwjhti5j4c3ob5vtudy,2026-09-15T15:51:02.859000+00:00,bluesky,true,true,false,true,relevant,relevant,irrelevant,llm_v2b>llm_v2c>llm_v2d,llm_v2b@2026-09-22T06:02:28.700376+00:00,9da653163799d56c+ca3b837dd0b3e85c,user,Qwen/Qwen3-4B-Instruct-2507,derived_validated,
86059,at://did:plc:3665disgytzvbq7noakzovcu/app.bsky.feed.post/3mvkxytdj322y,did:plc:3665disgytzvbq7noakzovcu,2026-09-15T15:49:05.876000+00:00,bluesky,true,true,false,true,relevant,relevant,irrelevant,llm_v2b>llm_v2c>llm_v2d,llm_v2b@2026-09-22T06:02:28.700376+00:00,9da653163799d56c+ca3b837dd0b3e85c,user,Qwen/Qwen3-4B-Instruct-2507,derived_validated,
86061,at://did:plc:3665disgytzvbq7noakzovcu/app.bsky.feed.post/3mvkxxm4dzs2y,did:plc:3665disgytzvbq7noakzovcu,2026-09-15T15:48:24.747000+00:00,bluesky,true,true,true,true,relevant,relevant,relevant,llm_v2b>llm_v2c>llm_v2d,llm_v2b@2026-09-22T06:02:28.700376+00:00,9da653163799d56c+ca3b837dd0b3e85c,user,Qwen/Qwen3-4B-Instruct-2507,derived_validated,
86085,at://did:plc:4z3yzw36v7ywbf5cqh54nmxz/app.bsky.feed.post/3mvkwghitjk2p,did:plc:4z3yzw36v7ywbf5cqh54nmxz,2026-09-15T15:20:55+00:00,bluesky,true,true,false,true,relevant,relevant,irrelevant,llm_v2b>llm_v2c>llm_v2d,llm_v2b@2026-09-22T06:02:28.700376+00:00,9da653163799d56c+ca3b837dd0b3e85c,user,Qwen/Qwen3-4B-Instruct-2507,derived_validated,
86128,at://did:plc:ftuxbdbiab56fgcati5nuavn/app.bsky.feed.post/3mvku6pdsts2n,did:plc:ftuxbdbiab56fgcati5nuavn,2026-09-15T14:40:48.051000+00:00,bluesky,true,true,false,true,relevant,relevant,irrelevant,llm_v2b>llm_v2c>llm_v2d,llm_v2b@2026-09-22T06:02:28.700376+00:00,9da653163799d56c+ca3b837dd0b3e85c,user,Qwen/Qwen3-4B-Instruct-2507,derived_validated,
86160,at://did:plc:hslirr7h6d7livppaxty435b/app.bsky.feed.post/3mvksh3cxm22k,did:plc:hslirr7h6d7livppaxty435b,2026-09-15T14:09:39+00:00,bluesky,true,true,false,true,relevant,relevant,irrelevant,llm_v2b>llm_v2c>llm_v2d,llm_v2b@2026-09-22T06:02:28.700376+00:00,9da653163799d56c+ca3b837dd0b3e85c,user,Qwen/Qwen3-4B-Instruct-2507,derived_validated,
86227,at://did:plc:ejlg3wglztzxwrlwigpbhoon/app.bsky.feed.post/3mvkr4zltbc2r,did:plc:ejlg3wglztzxwrlwigpbhoon,2026-09-15T13:46:10.464000+00:00,bluesky,true,true,false,true,relevant,relevant,irrelevant,llm_v2b>llm_v2c>llm_v2d,llm_v2b@2026-09-22T06:02:28.700376+00:00,9da653163799d56c+ca3b837dd0b3e85c,user,Qwen/Qwen3-4B-Instruct-2507,derived_validated,
86255,at://did:plc:hslirr7h6d7livppaxty435b/app.bsky.feed.post/3mvkpnybwel2a,did:plc:hslirr7h6d7livppaxty435b,2026-09-15T13:19:50+00:00,bluesky,true,true,true,true,relevant,relevant,relevant,llm_v2b>llm_v2c>llm_v2d,llm_v2b@2026-09-22T06:02:28.700376+00:00,9da653163799d56c+ca3b837dd0b3e85c,user,Qwen/Qwen3-4B-Instruct-2507,derived_validated,
86373,at://did:plc:dnlygymbxetlmnowf72jfmrr/app.bsky.feed.post/3mvkknkitno2g,did:plc:dnlygymbxetlmnowf72jfmrr,2026-09-15T11:50:08+00:00,bluesky,true,true,false,true,relevant,relevant,irrelevant,llm_v2b>llm_v2c>llm_v2d,llm_v2b@2026-09-22T06:02:28.700376+00:00,9da653163799d56c+ca3b837dd0b3e85c,user,Qwen/Qwen3-4B-Instruct-2507,derived_validated,
86381,at://did:plc:rorbehh2c6vdismweye5wr3q/app.bsky.feed.post/3mvkkehavds2e,did:plc:rorbehh2c6vdismweye5wr3q,2026-09-15T11:45:03.476000+00:00,bluesky,true,true,false,true,relevant,relevant,irrelevant,llm_v2b>llm_v2c>llm_v2d,llm_v2b@2026-09-22T06:02:28.700376+00:00,9da653163799d56c+ca3b837dd0b3e85c,user,Qwen/Qwen3-4B-Instruct-2507,derived_validated,
86416,at://did:plc:hslirr7h6d7livppaxty435b/app.bsky.feed.post/3mvkgdaq3g72v,did:plc:hslirr7h6d7livppaxty435b,2026-09-15T10:32:46+00:00,bluesky,true,true,true,true,relevant,relevant,relevant,llm_v2b>llm_v2c>llm_v2d,llm_v2b@2026-09-22T06:02:28.700376+00:00,9da653163799d56c+ca3b837dd0b3e85c,user,Qwen/Qwen3-4B-Instruct-2507,derived_validated,
86450,at://did:plc:qea224rznhomndqzm7fofuhd/app.bsky.feed.post/3mvkem7m76ao2,did:plc:qea224rznhomndqzm7fofuhd,2026-09-15T10:01:10+00:00,bluesky,true,true,false,true,relevant,relevant,irrelevant,llm_v2b>llm_v2c>llm_v2d,llm_v2b@2026-09-22T06:02:28.700376+00:00,9da653163799d56c+ca3b837dd0b3e85c,user,Qwen/Qwen3-4B-Instruct-2507,derived_validated,
86524,at://did:plc:unejftsz3cgbjugdvrhzxzzx/app.bsky.feed.post/3mvk44z57di2y,did:plc:unejftsz3cgbjugdvrhzxzzx,2026-09-15T07:30:21.181996+00:00,bluesky,true,true,false,true,relevant,relevant,irrelevant,llm_v2b>llm_v2c>llm_v2d,llm_v2b@2026-09-22T06:02:28.700376+00:00,9da653163799d56c+ca3b837dd0b3e85c,user,Qwen/Qwen3-4B-Instruct-2507,derived_validated,
86549,at://did:plc:gyuqyhuifkovjaspzcym3eva/app.bsky.feed.post/3mvjzrbkguc27,did:plc:gyuqyhuifkovjaspzcym3eva,2026-09-15T06:48:00.094000+00:00,bluesky,true,true,false,true,relevant,relevant,irrelevant,llm_v2b>llm_v2c>llm_v2d,llm_v2b@2026-09-22T06:02:28.700376+00:00,9da653163799d56c+ca3b837dd0b3e85c,user,Qwen/Qwen3-4B-Instruct-2507,derived_validated,
86711,at://did:plc:ejrdonhsxyou5txhfnfu5l44/app.bsky.feed.post/3mvlrs5nyat2i,did:plc:ejrdonhsxyou5txhfnfu5l44,2026-09-15T23:30:39+00:00,bluesky,true,true,false,true,relevant,relevant,irrelevant,llm_v2b>llm_v2c>llm_v2d,llm_v2b@2026-09-22T06:02:28.700376+00:00,9da653163799d56c+ca3b837dd0b3e85c,user,Qwen/Qwen3-4B-Instruct-2507,derived_validated,
86722,at://did:plc:p7lwzmvvuifiylwxjczoq2vj/app.bsky.feed.post/3mvkxysbvus2a,did:plc:p7lwzmvvuifiylwxjczoq2vj,2026-09-15T15:49:04.776000+00:00,bluesky,true,true,true,true,relevant,relevant,relevant,llm_v2b>llm_v2c>llm_v2d,llm_v2b@2026-09-22T06:02:28.700376+00:00,9da653163799d56c+ca3b837dd0b3e85c,user,Qwen/Qwen3-4B-Instruct-2507,derived_validated,
86733,at://did:plc:6fuw3zfjjfjjnjcgxnmqqime/app.bsky.feed.post/3mvkqnjxwo22h,did:plc:6fuw3zfjjfjjnjcgxnmqqime,2026-09-15T13:37:30.769000+00:00,bluesky,true,true,false,true,relevant,relevant,irrelevant,llm_v2b>llm_v2c>llm_v2d,llm_v2b@2026-09-22T06:02:28.700376+00:00,9da653163799d56c+ca3b837dd0b3e85c,user,Qwen/Qwen3-4B-Instruct-2507,derived_validated,
86799,at://did:plc:xr4reoimhk7aqcea2ep5oauo/app.bsky.feed.post/3mvleiwuc4v2e,did:plc:xr4reoimhk7aqcea2ep5oauo,2026-09-15T19:32:51.071000+00:00,bluesky,true,true,false,true,relevant,relevant,irrelevant,llm_v2b>llm_v2c>llm_v2d,llm_v2b@2026-09-22T06:02:28.700376+00:00,9da653163799d56c+ca3b837dd0b3e85c,user,Qwen/Qwen3-4B-Instruct-2507,derived_validated,
86824,at://did:plc:7yqndmumvqmdaqpak7j5234c/app.bsky.feed.post/3mvl7sil2gz2y,did:plc:7yqndmumvqmdaqpak7j5234c,2026-09-15T18:08:42.650170+00:00,bluesky,true,true,true,true,relevant,relevant,relevant,llm_v2b>llm_v2c>llm_v2d,llm_v2b@2026-09-22T06:02:28.700376+00:00,9da653163799d56c+ca3b837dd0b3e85c,user,Qwen/Qwen3-4B-Instruct-2507,derived_validated,
86861,at://did:plc:gmfcvrfpr77wgw2jg6z5b7oj/app.bsky.feed.post/3mvl2hshjgs2r,did:plc:gmfcvrfpr77wgw2jg6z5b7oj,2026-09-15T16:33:15.758000+00:00,bluesky,true,true,false,true,relevant,relevant,irrelevant,llm_v2b>llm_v2c>llm_v2d,llm_v2b@2026-09-22T06:02:28.700376+00:00,9da653163799d56c+ca3b837dd0b3e85c,user,Qwen/Qwen3-4B-Instruct-2507,derived_validated,
86919,at://did:plc:mri4qfwjhti5j4c3ob5vtudy/app.bsky.feed.post/3mvkpv62f2s2f,did:plc:mri4qfwjhti5j4c3ob5vtudy,2026-09-15T13:23:52.960000+00:00,bluesky,true,true,false,true,relevant,relevant,irrelevant,llm_v2b>llm_v2c>llm_v2d,llm_v2b@2026-09-22T06:02:28.700376+00:00,9da653163799d56c+ca3b837dd0b3e85c,user,Qwen/Qwen3-4B-Instruct-2507,derived_validated,
86928,at://did:plc:at6a4g3smx3o2r7n2lx55tbc/app.bsky.feed.post/3mvkn4obhu22y,did:plc:at6a4g3smx3o2r7n2lx55tbc,2026-09-15T12:34:22.850000+00:00,bluesky,true,true,true,true,relevant,relevant,relevant,llm_v2b>llm_v2c>llm_v2d,llm_v2b@2026-09-22T06:02:28.700376+00:00,9da653163799d56c+ca3b837dd0b3e85c,user,Qwen/Qwen3-4B-Instruct-2507,derived_validated,
87042,at://did:plc:ppblad4zr4ogqkgdff7asa6l/app.bsky.feed.post/3mvlfznmtqd2m,did:plc:ppblad4zr4ogqkgdff7asa6l,2026-09-15T20:00:05.728713+00:00,bluesky,true,true,false,true,relevant,relevant,irrelevant,llm_v2b>llm_v2c>llm_v2d,llm_v2b@2026-09-22T06:02:28.700376+00:00,9da653163799d56c+ca3b837dd0b3e85c,user,Qwen/Qwen3-4B-Instruct-2507,derived_validated,
87057,at://did:plc:u6celkmubfsmbus5m3aqcrla/app.bsky.feed.post/3mvlmqt7ps724,did:plc:u6celkmubfsmbus5m3aqcrla,2026-09-15T22:00:25+00:00,bluesky,true,true,false,true,relevant,relevant,irrelevant,llm_v2b>llm_v2c>llm_v2d,llm_v2b@2026-09-22T06:02:28.700376+00:00,9da653163799d56c+ca3b837dd0b3e85c,user,Qwen/Qwen3-4B-Instruct-2507,derived_validated,
87161,at://did:plc:hizj6sbrbvmiz6whp6swcl2e/app.bsky.feed.post/3mvkp5g6qi22i,did:plc:hizj6sbrbvmiz6whp6swcl2e,2026-09-15T13:10:36.180000+00:00,bluesky,true,true,false,true,relevant,relevant,irrelevant,llm_v2b>llm_v2c>llm_v2d,llm_v2b@2026-09-22T06:02:28.700376+00:00,9da653163799d56c+ca3b837dd0b3e85c,user,Qwen/Qwen3-4B-Instruct-2507,derived_validated,
87190,at://did:plc:u6celkmubfsmbus5m3aqcrla/app.bsky.feed.post/3mvkgzpbd5s27,did:plc:u6celkmubfsmbus5m3aqcrla,2026-09-15T10:45:21+00:00,bluesky,true,true,false,true,relevant,relevant,irrelevant,llm_v2b>llm_v2c>llm_v2d,llm_v2b@2026-09-22T06:02:28.700376+00:00,9da653163799d56c+ca3b837dd0b3e85c,user,Qwen/Qwen3-4B-Instruct-2507,derived_validated,
87195,at://did:plc:u6celkmubfsmbus5m3aqcrla/app.bsky.feed.post/3mvkejgnvam24,did:plc:u6celkmubfsmbus5m3aqcrla,2026-09-15T10:00:27+00:00,bluesky,true,true,false,true,relevant,relevant,irrelevant,llm_v2b>llm_v2c>llm_v2d,llm_v2b@2026-09-22T06:02:28.700376+00:00,9da653163799d56c+ca3b837dd0b3e85c,user,Qwen/Qwen3-4B-Instruct-2507,derived_validated,
87434,at://did:plc:lsfk4tnv2ql33zsowdangwyl/app.bsky.feed.post/3mvkz2p2te22l,did:plc:lsfk4tnv2ql33zsowdangwyl,2026-09-15T16:08:02.240000+00:00,bluesky,true,true,false,true,relevant,relevant,irrelevant,llm_v2b>llm_v2c>llm_v2d,llm_v2b@2026-09-22T06:02:28.700376+00:00,9da653163799d56c+ca3b837dd0b3e85c,user,Qwen/Qwen3-4B-Instruct-2507,derived_validated,
87463,at://did:plc:asimjf25sjns25e2l3xeyggs/app.bsky.feed.post/3mvkv45sa6k2f,did:plc:asimjf25sjns25e2l3xeyggs,2026-09-15T14:57:16.283000+00:00,bluesky,false,false,true,true,irrelevant,irrelevant,relevant,llm_v2b>llm_v2c>llm_v2d,,,,,deterministic_rules,
87466,at://did:plc:kiohu7bv6qowt2mkn3b4byrp/app.bsky.feed.post/3mvkupyfg3k2y,did:plc:kiohu7bv6qowt2mkn3b4byrp,2026-09-15T14:50:27.966000+00:00,bluesky,true,true,false,true,relevant,relevant,irrelevant,llm_v2b>llm_v2c>llm_v2d,llm_v2b@2026-09-22T06:02:28.700376+00:00,9da653163799d56c+ca3b837dd0b3e85c,user,Qwen/Qwen3-4B-Instruct-2507,derived_validated,
87542,at://did:plc:n7bpv3f4s5hqkxaasnqeprkf/app.bsky.feed.post/3mvkblu3xzk2j,did:plc:n7bpv3f4s5hqkxaasnqeprkf,2026-09-15T09:08:08.149000+00:00,bluesky,true,true,false,true,relevant,relevant,irrelevant,llm_v2b>llm_v2c>llm_v2d,llm_v2b@2026-09-22T06:02:28.700376+00:00,9da653163799d56c+ca3b837dd0b3e85c,user,Qwen/Qwen3-4B-Instruct-2507,derived_validated,
87635,at://did:plc:mvw7btcxe6jgznss25lcmus7/app.bsky.feed.post/3mvji3r54fc2f,did:plc:mvw7btcxe6jgznss25lcmus7,2026-09-15T01:31:44.621000+00:00,bluesky,true,true,false,true,relevant,relevant,irrelevant,llm_v2b>llm_v2c>llm_v2d,llm_v2b@2026-09-22T06:02:28.700376+00:00,9da653163799d56c+ca3b837dd0b3e85c,user,Qwen/Qwen3-4B-Instruct-2507,derived_validated,
87687,at://did:plc:celo3h47irzpe2mabdcgg2tj/app.bsky.feed.post/3mvldj7oykp2d,did:plc:celo3h47irzpe2mabdcgg2tj,2026-09-15T19:15:06.565000+00:00,bluesky,true,true,false,true,relevant,relevant,irrelevant,llm_v2b>llm_v2c>llm_v2d,llm_v2b@2026-09-22T06:02:28.700376+00:00,9da653163799d56c+ca3b837dd0b3e85c,user,Qwen/Qwen3-4B-Instruct-2507,derived_validated,
87791,at://did:plc:43fdk46qa5gsokzygzildsaq/app.bsky.feed.post/3mvktc2rjd227,did:plc:43fdk46qa5gsokzygzildsaq,2026-09-15T14:24:46.572302+00:00,bluesky,true,true,false,true,relevant,relevant,irrelevant,llm_v2b>llm_v2c>llm_v2d,llm_v2b@2026-09-22T06:02:28.700376+00:00,9da653163799d56c+ca3b837dd0b3e85c,user,Qwen/Qwen3-4B-Instruct-2507,derived_validated,
88011,at://did:plc:sbnhzmalb3grgir3zosucoqe/app.bsky.feed.post/3mvlpit4rf226,did:plc:sbnhzmalb3grgir3zosucoqe,2026-09-15T22:49:38.585000+00:00,bluesky,true,true,false,true,relevant,relevant,irrelevant,llm_v2b>llm_v2c>llm_v2d,llm_v2b@2026-09-22T06:02:28.700376+00:00,9da653163799d56c+ca3b837dd0b3e85c,user,Qwen/Qwen3-4B-Instruct-2507,derived_validated,
88026,at://did:plc:ysrq4a5duveqy6jgkbw6g66m/app.bsky.feed.post/3mvlbg3dpbs2w,did:plc:ysrq4a5duveqy6jgkbw6g66m,2026-09-15T18:37:34.156000+00:00,bluesky,true,true,true,true,relevant,relevant,relevant,llm_v2b>llm_v2c>llm_v2d,llm_v2b@2026-09-22T06:02:28.700376+00:00,9da653163799d56c+ca3b837dd0b3e85c,user,Qwen/Qwen3-4B-Instruct-2507,derived_validated,
88030,at://did:plc:nicwh2jweqdibqgkqgetlyqx/app.bsky.feed.post/3mvl6mte7ws2o,did:plc:nicwh2jweqdibqgkqgetlyqx,2026-09-15T17:47:39.433000+00:00,bluesky,true,true,false,true,relevant,relevant,irrelevant,llm_v2b>llm_v2c>llm_v2d,llm_v2b@2026-09-22T06:02:28.700376+00:00,9da653163799d56c+ca3b837dd0b3e85c,user,Qwen/Qwen3-4B-Instruct-2507,derived_validated,
88031,at://did:plc:rfh2f5pq3oxphxxoaatw664x/app.bsky.feed.post/3mvl5sddprk2n,did:plc:rfh2f5pq3oxphxxoaatw664x,2026-09-15T17:32:50.218000+00:00,bluesky,true,true,true,true,relevant,relevant,relevant,llm_v2b>llm_v2c>llm_v2d,llm_v2b@2026-09-22T06:02:28.700376+00:00,9da653163799d56c+ca3b837dd0b3e85c,user,Qwen/Qwen3-4B-Instruct-2507,derived_validated,
88036,at://did:plc:cj2shn3676rejtq2bro6be2e/app.bsky.feed.post/3mvl2zdoxlk26,did:plc:cj2shn3676rejtq2bro6be2e,2026-09-15T16:43:04.249000+00:00,bluesky,true,true,true,true,relevant,relevant,relevant,llm_v2b>llm_v2c>llm_v2d,llm_v2b@2026-09-22T06:02:28.700376+00:00,9da653163799d56c+ca3b837dd0b3e85c,user,Qwen/Qwen3-4B-Instruct-2507,derived_validated,
88041,at://did:plc:k5owzp2dlmnfa3ovsuoyrnaf/app.bsky.feed.post/3mvkyuewb7k2t,did:plc:k5owzp2dlmnfa3ovsuoyrnaf,2026-09-15T16:04:30.284000+00:00,bluesky,true,true,false,true,relevant,relevant,irrelevant,llm_v2b>llm_v2c>llm_v2d,llm_v2b@2026-09-22T06:02:28.700376+00:00,9da653163799d56c+ca3b837dd0b3e85c,user,Qwen/Qwen3-4B-Instruct-2507,derived_validated,
88045,at://did:plc:dn242yln2biooe6qkd237tqd/app.bsky.feed.post/3mvksbkah6j2h,did:plc:dn242yln2biooe6qkd237tqd,2026-09-15T14:06:35.666000+00:00,bluesky,true,true,false,true,relevant,relevant,irrelevant,llm_v2b>llm_v2c>llm_v2d,llm_v2b@2026-09-22T06:02:28.700376+00:00,9da653163799d56c+ca3b837dd0b3e85c,user,Qwen/Qwen3-4B-Instruct-2507,derived_validated,
88158,at://did:plc:qv4cel4jrf5qqzfq6ddvp6yv/app.bsky.feed.post/3mvllmnfbwl23,did:plc:qv4cel4jrf5qqzfq6ddvp6yv,2026-09-15T21:40:09+00:00,bluesky,true,true,false,true,relevant,relevant,irrelevant,llm_v2b>llm_v2c>llm_v2d,llm_v2b@2026-09-22T06:02:28.700376+00:00,9da653163799d56c+ca3b837dd0b3e85c,user,Qwen/Qwen3-4B-Instruct-2507,derived_validated,
88247,at://did:plc:dyzbakrpj25wudow7x43wmm6/app.bsky.feed.post/3mvlaafmybm2c,did:plc:dyzbakrpj25wudow7x43wmm6,2026-09-15T18:16:29.796000+00:00,bluesky,true,true,false,true,relevant,relevant,irrelevant,llm_v2b>llm_v2c>llm_v2d,llm_v2b@2026-09-22T06:02:28.700376+00:00,9da653163799d56c+ca3b837dd0b3e85c,user,Qwen/Qwen3-4B-Instruct-2507,derived_validated,
88268,at://did:plc:gfanuxztw23oyks6n2owgipu/app.bsky.feed.post/3mvl7esucs22p,did:plc:gfanuxztw23oyks6n2owgipu,2026-09-15T18:01:04.224000+00:00,bluesky,true,true,false,true,relevant,relevant,irrelevant,llm_v2b>llm_v2c>llm_v2d,llm_v2b@2026-09-22T06:02:28.700376+00:00,9da653163799d56c+ca3b837dd0b3e85c,user,Qwen/Qwen3-4B-Instruct-2507,derived_validated,
88299,at://did:plc:zhe53h7ajlloep2oso5pqxzj/app.bsky.feed.post/3mvl4jmnzjz2p,did:plc:zhe53h7ajlloep2oso5pqxzj,2026-09-15T17:10:01+00:00,bluesky,true,true,false,true,relevant,relevant,irrelevant,llm_v2b>llm_v2c>llm_v2d,llm_v2b@2026-09-22T06:02:28.700376+00:00,9da653163799d56c+ca3b837dd0b3e85c,user,Qwen/Qwen3-4B-Instruct-2507,derived_validated,
88339,at://did:plc:dn242yln2biooe6qkd237tqd/app.bsky.feed.post/3mvkyc3g34t2z,did:plc:dn242yln2biooe6qkd237tqd,2026-09-15T15:54:16.127000+00:00,bluesky,true,true,false,true,relevant,relevant,irrelevant,llm_v2b>llm_v2c>llm_v2d,llm_v2b@2026-09-22T06:02:28.700376+00:00,9da653163799d56c+ca3b837dd0b3e85c,user,Qwen/Qwen3-4B-Instruct-2507,derived_validated,
88340,at://did:plc:dn242yln2biooe6qkd237tqd/app.bsky.feed.post/3mvkyc2jrsp2s,did:plc:dn242yln2biooe6qkd237tqd,2026-09-15T15:54:15.155000+00:00,bluesky,true,true,false,true,relevant,relevant,irrelevant,llm_v2b>llm_v2c>llm_v2d,llm_v2b@2026-09-22T06:02:28.700376+00:00,9da653163799d56c+ca3b837dd0b3e85c,user,Qwen/Qwen3-4B-Instruct-2507,derived_validated,
88341,at://did:plc:dn242yln2biooe6qkd237tqd/app.bsky.feed.post/3mvkybzic6x2v,did:plc:dn242yln2biooe6qkd237tqd,2026-09-15T15:54:14.127000+00:00,bluesky,true,true,false,true,relevant,relevant,irrelevant,llm_v2b>llm_v2c>llm_v2d,llm_v2b@2026-09-22T06:02:28.700376+00:00,9da653163799d56c+ca3b837dd0b3e85c,user,Qwen/Qwen3-4B-Instruct-2507,derived_validated,
88342,at://did:plc:dn242yln2biooe6qkd237tqd/app.bsky.feed.post/3mvkybynj5d2z,did:plc:dn242yln2biooe6qkd237tqd,2026-09-15T15:54:13.211000+00:00,bluesky,true,true,false,true,relevant,relevant,irrelevant,llm_v2b>llm_v2c>llm_v2d,llm_v2b@2026-09-22T06:02:28.700376+00:00,9da653163799d56c+ca3b837dd0b3e85c,user,Qwen/Qwen3-4B-Instruct-2507,derived_validated,
88343,at://did:plc:dn242yln2biooe6qkd237tqd/app.bsky.feed.post/3mvkybvlejd2z,did:plc:dn242yln2biooe6qkd237tqd,2026-09-15T15:54:10.013000+00:00,bluesky,true,true,false,true,relevant,relevant,irrelevant,llm_v2b>llm_v2c>llm_v2d,llm_v2b@2026-09-22T06:02:28.700376+00:00,9da653163799d56c+ca3b837dd0b3e85c,user,Qwen/Qwen3-4B-Instruct-2507,derived_validated,
88344,at://did:plc:dn242yln2biooe6qkd237tqd/app.bsky.feed.post/3mvkybupo3t2d,did:plc:dn242yln2biooe6qkd237tqd,2026-09-15T15:54:09.088000+00:00,bluesky,true,true,false,true,relevant,relevant,irrelevant,llm_v2b>llm_v2c>llm_v2d,llm_v2b@2026-09-22T06:02:28.700376+00:00,9da653163799d56c+ca3b837dd0b3e85c,user,Qwen/Qwen3-4B-Instruct-2507,derived_validated,
88365,at://did:plc:js47jwpkdz3aamh4nleuowbv/app.bsky.feed.post/3mvktzif23s2r,did:plc:js47jwpkdz3aamh4nleuowbv,2026-09-15T14:37:52.975000+00:00,bluesky,true,true,false,true,relevant,relevant,irrelevant,llm_v2b>llm_v2c>llm_v2d,llm_v2b@2026-09-22T06:02:28.700376+00:00,9da653163799d56c+ca3b837dd0b3e85c,user,Qwen/Qwen3-4B-Instruct-2507,derived_validated,
88381,at://did:plc:dyzbakrpj25wudow7x43wmm6/app.bsky.feed.post/3mvkqqshhb52t,did:plc:dyzbakrpj25wudow7x43wmm6,2026-09-15T13:39:20.250000+00:00,bluesky,true,true,false,true,relevant,relevant,irrelevant,llm_v2b>llm_v2c>llm_v2d,llm_v2b@2026-09-22T06:02:28.700376+00:00,9da653163799d56c+ca3b837dd0b3e85c,user,Qwen/Qwen3-4B-Instruct-2507,derived_validated,
88382,at://did:plc:dyzbakrpj25wudow7x43wmm6/app.bsky.feed.post/3mvkqqqg2gd2u,did:plc:dyzbakrpj25wudow7x43wmm6,2026-09-15T13:39:18.108000+00:00,bluesky,true,true,false,true,relevant,relevant,irrelevant,llm_v2b>llm_v2c>llm_v2d,llm_v2b@2026-09-22T06:02:28.700376+00:00,9da653163799d56c+ca3b837dd0b3e85c,user,Qwen/Qwen3-4B-Instruct-2507,derived_validated,
88384,at://did:plc:dyzbakrpj25wudow7x43wmm6/app.bsky.feed.post/3mvkqqoerkb23,did:plc:dyzbakrpj25wudow7x43wmm6,2026-09-15T13:39:15.835000+00:00,bluesky,true,true,false,true,relevant,relevant,irrelevant,llm_v2b>llm_v2c>llm_v2d,llm_v2b@2026-09-22T06:02:28.700376+00:00,9da653163799d56c+ca3b837dd0b3e85c,user,Qwen/Qwen3-4B-Instruct-2507,derived_validated,
88385,at://did:plc:dyzbakrpj25wudow7x43wmm6/app.bsky.feed.post/3mvkqqm7etc2c,did:plc:dyzbakrpj25wudow7x43wmm6,2026-09-15T13:39:13.693000+00:00,bluesky,true,true,false,true,relevant,relevant,irrelevant,llm_v2b>llm_v2c>llm_v2d,llm_v2b@2026-09-22T06:02:28.700376+00:00,9da653163799d56c+ca3b837dd0b3e85c,user,Qwen/Qwen3-4B-Instruct-2507,derived_validated,
88504,at://did:plc:u6celkmubfsmbus5m3aqcrla/app.bsky.feed.post/3mvkdojubkw2c,did:plc:u6celkmubfsmbus5m3aqcrla,2026-09-15T09:45:25+00:00,bluesky,true,true,false,true,relevant,relevant,irrelevant,llm_v2b>llm_v2c>llm_v2d,llm_v2b@2026-09-22T06:02:28.700376+00:00,9da653163799d56c+ca3b837dd0b3e85c,user,Qwen/Qwen3-4B-Instruct-2507,derived_validated,
88506,at://did:plc:uqamywduaz5g2xyj6b6inddu/app.bsky.feed.post/3mvkdigjaxn2r,did:plc:uqamywduaz5g2xyj6b6inddu,2026-09-15T09:42:00.531000+00:00,bluesky,true,true,false,true,relevant,relevant,irrelevant,llm_v2b>llm_v2c>llm_v2d,llm_v2b@2026-09-22T06:02:28.700376+00:00,9da653163799d56c+ca3b837dd0b3e85c,user,Qwen/Qwen3-4B-Instruct-2507,derived_validated,
88545,at://did:plc:dyzbakrpj25wudow7x43wmm6/app.bsky.feed.post/3mvk5cjhprv2t,did:plc:dyzbakrpj25wudow7x43wmm6,2026-09-15T07:51:19.968000+00:00,bluesky,true,true,false,true,relevant,relevant,irrelevant,llm_v2b>llm_v2c>llm_v2d,llm_v2b@2026-09-22T06:02:28.700376+00:00,9da653163799d56c+ca3b837dd0b3e85c,user,Qwen/Qwen3-4B-Instruct-2507,derived_validated,
88546,at://did:plc:dyzbakrpj25wudow7x43wmm6/app.bsky.feed.post/3mvk5chh46x2v,did:plc:dyzbakrpj25wudow7x43wmm6,2026-09-15T07:51:17.856000+00:00,bluesky,true,true,false,true,relevant,relevant,irrelevant,llm_v2b>llm_v2c>llm_v2d,llm_v2b@2026-09-22T06:02:28.700376+00:00,9da653163799d56c+ca3b837dd0b3e85c,user,Qwen/Qwen3-4B-Instruct-2507,derived_validated,
88547,at://did:plc:dyzbakrpj25wudow7x43wmm6/app.bsky.feed.post/3mvk5cfgexa2f,did:plc:dyzbakrpj25wudow7x43wmm6,2026-09-15T07:51:15.736000+00:00,bluesky,true,true,false,true,relevant,relevant,irrelevant,llm_v2b>llm_v2c>llm_v2d,llm_v2b@2026-09-22T06:02:28.700376+00:00,9da653163799d56c+ca3b837dd0b3e85c,user,Qwen/Qwen3-4B-Instruct-2507,derived_validated,
88548,at://did:plc:dyzbakrpj25wudow7x43wmm6/app.bsky.feed.post/3mvk5cdfku22l,did:plc:dyzbakrpj25wudow7x43wmm6,2026-09-15T07:51:13.611000+00:00,bluesky,true,true,false,true,relevant,relevant,irrelevant,llm_v2b>llm_v2c>llm_v2d,llm_v2b@2026-09-22T06:02:28.700376+00:00,9da653163799d56c+ca3b837dd0b3e85c,user,Qwen/Qwen3-4B-Instruct-2507,derived_validated,
88628,at://did:plc:zbwjcykiabagp7xou3enigo7/app.bsky.feed.post/3mvjoy32ucoec,did:plc:zbwjcykiabagp7xou3enigo7,2026-09-15T03:34:51+00:00,bluesky,true,true,false,true,relevant,relevant,irrelevant,llm_v2b>llm_v2c>llm_v2d,llm_v2b@2026-09-22T06:02:28.700376+00:00,9da653163799d56c+ca3b837dd0b3e85c,user,Qwen/Qwen3-4B-Instruct-2507,derived_validated,
88789,at://did:plc:hwdph5m7gcfd2lld6mlkkakk/app.bsky.feed.post/3mvlfqq2jvq2u,did:plc:hwdph5m7gcfd2lld6mlkkakk,2026-09-15T19:55:06.265562+00:00,bluesky,true,true,false,true,relevant,relevant,irrelevant,llm_v2b>llm_v2c>llm_v2d,llm_v2b@2026-09-22T06:02:28.700376+00:00,9da653163799d56c+ca3b837dd0b3e85c,user,Qwen/Qwen3-4B-Instruct-2507,derived_validated,
88805,at://did:plc:2fb42uzksbu2or3zbfyhb5rq/app.bsky.feed.post/3mvkgvbgocs25,did:plc:2fb42uzksbu2or3zbfyhb5rq,2026-09-15T10:42:52.831000+00:00,bluesky,true,true,false,true,relevant,relevant,irrelevant,llm_v2b>llm_v2c>llm_v2d,llm_v2b@2026-09-22T06:02:28.700376+00:00,9da653163799d56c+ca3b837dd0b3e85c,user,Qwen/Qwen3-4B-Instruct-2507,derived_validated,
88836,at://did:plc:45tfelc3s6sgs3jgyrr4x46c/app.bsky.feed.post/3mvl5xuw37n2g,did:plc:45tfelc3s6sgs3jgyrr4x46c,2026-09-15T17:35:56.322000+00:00,bluesky,true,true,false,true,relevant,relevant,irrelevant,llm_v2b>llm_v2c>llm_v2d,llm_v2b@2026-09-22T06:02:28.700376+00:00,9da653163799d56c+ca3b837dd0b3e85c,user,Qwen/Qwen3-4B-Instruct-2507,derived_validated,
88840,at://did:plc:vevngu5t7a2zqvdftysxv26d/app.bsky.feed.post/3mvkz3esstk2q,did:plc:vevngu5t7a2zqvdftysxv26d,2026-09-15T16:08:25.055000+00:00,bluesky,true,true,false,true,relevant,relevant,irrelevant,llm_v2b>llm_v2c>llm_v2d,llm_v2b@2026-09-22T06:02:28.700376+00:00,9da653163799d56c+ca3b837dd0b3e85c,user,Qwen/Qwen3-4B-Instruct-2507,derived_validated,
88841,at://did:plc:25pccvttt2mgeu4v7euqmblg/app.bsky.feed.post/3mvkymzy3qp2y,did:plc:25pccvttt2mgeu4v7euqmblg,2026-09-15T16:00:23.835473+00:00,bluesky,true,true,false,true,relevant,relevant,irrelevant,llm_v2b>llm_v2c>llm_v2d,llm_v2b@2026-09-22T06:02:28.700376+00:00,9da653163799d56c+ca3b837dd0b3e85c,user,Qwen/Qwen3-4B-Instruct-2507,derived_validated,
88843,at://did:plc:i4tbg55dz6ia3fx7wcvgfqs7/app.bsky.feed.post/3mvktwultes2u,did:plc:i4tbg55dz6ia3fx7wcvgfqs7,2026-09-15T14:36:24.840000+00:00,bluesky,true,true,false,true,relevant,relevant,irrelevant,llm_v2b>llm_v2c>llm_v2d,llm_v2b@2026-09-22T06:02:28.700376+00:00,9da653163799d56c+ca3b837dd0b3e85c,user,Qwen/Qwen3-4B-Instruct-2507,derived_validated,
88848,at://did:plc:64girefktzr3op7lwv4boetu/app.bsky.feed.post/3mvkq5ofdxs2x,did:plc:64girefktzr3op7lwv4boetu,2026-09-15T13:28:38.530000+00:00,bluesky,true,true,false,true,relevant,relevant,irrelevant,llm_v2b>llm_v2c>llm_v2d,llm_v2b@2026-09-22T06:02:28.700376+00:00,9da653163799d56c+ca3b837dd0b3e85c,user,Qwen/Qwen3-4B-Instruct-2507,derived_validated,
88857,at://did:plc:vqyo3d5yj5uwbymx3h7feqnw/app.bsky.feed.post/3mvkdgo452we2,did:plc:vqyo3d5yj5uwbymx3h7feqnw,2026-09-15T09:40:57+00:00,bluesky,true,true,false,true,relevant,relevant,irrelevant,llm_v2b>llm_v2c>llm_v2d,llm_v2b@2026-09-22T06:02:28.700376+00:00,9da653163799d56c+ca3b837dd0b3e85c,user,Qwen/Qwen3-4B-Instruct-2507,derived_validated,
88860,at://did:plc:vevngu5t7a2zqvdftysxv26d/app.bsky.feed.post/3mvjxrpoegk2q,did:plc:vevngu5t7a2zqvdftysxv26d,2026-09-15T06:12:27.419000+00:00,bluesky,true,true,false,true,relevant,relevant,irrelevant,llm_v2b>llm_v2c>llm_v2d,llm_v2b@2026-09-22T06:02:28.700376+00:00,9da653163799d56c+ca3b837dd0b3e85c,user,Qwen/Qwen3-4B-Instruct-2507,derived_validated,
88872,at://did:plc:c7boxmqpjv4wrutpuocir7ss/app.bsky.feed.post/3mvlnixneac2e,did:plc:c7boxmqpjv4wrutpuocir7ss,2026-09-15T22:13:55.787980+00:00,bluesky,true,true,false,true,relevant,relevant,irrelevant,llm_v2b>llm_v2c>llm_v2d,llm_v2b@2026-09-22T06:02:28.700376+00:00,9da653163799d56c+ca3b837dd0b3e85c,user,Qwen/Qwen3-4B-Instruct-2507,derived_validated,
88885,at://did:plc:abt5tpb7lqr7vopkrkwfswwq/app.bsky.feed.post/3mvkomwnqaj23,did:plc:abt5tpb7lqr7vopkrkwfswwq,2026-09-15T13:01:23.002586+00:00,bluesky,true,true,true,true,relevant,relevant,relevant,llm_v2b>llm_v2c>llm_v2d,llm_v2b@2026-09-22T06:02:28.700376+00:00,9da653163799d56c+ca3b837dd0b3e85c,user,Qwen/Qwen3-4B-Instruct-2507,derived_validated,
88895,at://did:plc:vevngu5t7a2zqvdftysxv26d/app.bsky.feed.post/3mvlfiq6mwc2q,did:plc:vevngu5t7a2zqvdftysxv26d,2026-09-15T19:50:38.086000+00:00,bluesky,true,true,false,true,relevant,relevant,irrelevant,llm_v2b>llm_v2c>llm_v2d,llm_v2b@2026-09-22T06:02:28.700376+00:00,9da653163799d56c+ca3b837dd0b3e85c,user,Qwen/Qwen3-4B-Instruct-2507,derived_validated,
88915,at://did:plc:abt5tpb7lqr7vopkrkwfswwq/app.bsky.feed.post/3mvk5uj7zii2f,did:plc:abt5tpb7lqr7vopkrkwfswwq,2026-09-15T08:01:23.722915+00:00,bluesky,true,true,true,true,relevant,relevant,relevant,llm_v2b>llm_v2c>llm_v2d,llm_v2b@2026-09-22T06:02:28.700376+00:00,9da653163799d56c+ca3b837dd0b3e85c,user,Qwen/Qwen3-4B-Instruct-2507,derived_validated,
88923,at://did:plc:ppblad4zr4ogqkgdff7asa6l/app.bsky.feed.post/3mvledzyn4l2n,did:plc:ppblad4zr4ogqkgdff7asa6l,2026-09-15T19:30:06.753541+00:00,bluesky,true,true,false,true,relevant,relevant,irrelevant,llm_v2b>llm_v2c>llm_v2d,llm_v2b@2026-09-22T06:02:28.700376+00:00,9da653163799d56c+ca3b837dd0b3e85c,user,Qwen/Qwen3-4B-Instruct-2507,derived_validated,
88944,at://did:plc:mri4qfwjhti5j4c3ob5vtudy/app.bsky.feed.post/3mvo2ttko5s2b,did:plc:mri4qfwjhti5j4c3ob5vtudy,2026-09-16T21:17:58.779000+00:00,bluesky,true,true,false,true,relevant,relevant,irrelevant,llm_v2b>llm_v2c>llm_v2d,llm_v2b@2026-09-22T06:02:28.700376+00:00,9da653163799d56c+ca3b837dd0b3e85c,user,Qwen/Qwen3-4B-Instruct-2507,derived_validated,
88960,at://did:plc:u5d54hkw4ysuqtuvcj6cmsin/app.bsky.feed.post/3mvny7cn3hm2a,did:plc:u5d54hkw4ysuqtuvcj6cmsin,2026-09-16T20:30:42.428794+00:00,bluesky,true,true,true,true,relevant,relevant,relevant,llm_v2b>llm_v2c>llm_v2d,llm_v2b@2026-09-22T06:02:28.700376+00:00,9da653163799d56c+ca3b837dd0b3e85c,user,Qwen/Qwen3-4B-Instruct-2507,derived_validated,
88988,at://did:plc:7h7srlskyboefvfqmbgy2wax/app.bsky.feed.post/3mvntermvdf2m,did:plc:7h7srlskyboefvfqmbgy2wax,2026-09-16T19:04:14+00:00,bluesky,true,true,true,true,relevant,relevant,relevant,llm_v2b>llm_v2c>llm_v2d,llm_v2b@2026-09-22T06:02:28.700376+00:00,9da653163799d56c+ca3b837dd0b3e85c,user,Qwen/Qwen3-4B-Instruct-2507,derived_validated,
89031,at://did:plc:hh3brnksirhma2rymwtpnp5w/app.bsky.feed.post/3mvnmktc72i2r,did:plc:hh3brnksirhma2rymwtpnp5w,2026-09-16T17:02:23.831799+00:00,bluesky,true,true,false,true,relevant,relevant,irrelevant,llm_v2b>llm_v2c>llm_v2d,llm_v2b@2026-09-22T06:02:28.700376+00:00,9da653163799d56c+ca3b837dd0b3e85c,user,Qwen/Qwen3-4B-Instruct-2507,derived_validated,
89036,at://did:plc:7h7srlskyboefvfqmbgy2wax/app.bsky.feed.post/3mvnmimptpi27,did:plc:7h7srlskyboefvfqmbgy2wax,2026-09-16T17:01:08+00:00,bluesky,true,true,false,true,relevant,relevant,irrelevant,llm_v2b>llm_v2c>llm_v2d,llm_v2b@2026-09-22T06:02:28.700376+00:00,9da653163799d56c+ca3b837dd0b3e85c,user,Qwen/Qwen3-4B-Instruct-2507,derived_validated,
89052,at://did:plc:hdxmn3swrqewu3gvmg672ae7/app.bsky.feed.post/3mvnl5m3th22p,did:plc:hdxmn3swrqewu3gvmg672ae7,2026-09-16T16:37:06.628000+00:00,bluesky,true,true,false,true,relevant,relevant,irrelevant,llm_v2b>llm_v2c>llm_v2d,llm_v2b@2026-09-22T06:02:28.700376+00:00,9da653163799d56c+ca3b837dd0b3e85c,user,Qwen/Qwen3-4B-Instruct-2507,derived_validated,
89088,at://did:plc:7h7srlskyboefvfqmbgy2wax/app.bsky.feed.post/3mvnfuj3kdr2p,did:plc:7h7srlskyboefvfqmbgy2wax,2026-09-16T15:02:31+00:00,bluesky,true,true,true,true,relevant,relevant,relevant,llm_v2b>llm_v2c>llm_v2d,llm_v2b@2026-09-22T06:02:28.700376+00:00,9da653163799d56c+ca3b837dd0b3e85c,user,Qwen/Qwen3-4B-Instruct-2507,derived_validated,
89095,at://did:plc:hh3brnksirhma2rymwtpnp5w/app.bsky.feed.post/3mvnfgigffp2r,did:plc:hh3brnksirhma2rymwtpnp5w,2026-09-16T14:54:42.059850+00:00,bluesky,true,true,false,true,relevant,relevant,irrelevant,llm_v2b>llm_v2c>llm_v2d,llm_v2b@2026-09-22T06:02:28.700376+00:00,9da653163799d56c+ca3b837dd0b3e85c,user,Qwen/Qwen3-4B-Instruct-2507,derived_validated,
89100,at://did:plc:gdqumykkptobwxvtvg352i5b/app.bsky.feed.post/3mvne374mbgq2,did:plc:gdqumykkptobwxvtvg352i5b,2026-09-16T14:30:00+00:00,bluesky,true,true,false,true,relevant,relevant,irrelevant,llm_v2b>llm_v2c>llm_v2d,llm_v2b@2026-09-22T06:02:28.700376+00:00,9da653163799d56c+ca3b837dd0b3e85c,user,Qwen/Qwen3-4B-Instruct-2507,derived_validated,
89139,at://did:plc:sgdlvu6ir5hlaxdl3uyd5jx5/app.bsky.feed.post/3mvmy2yruks2r,did:plc:sgdlvu6ir5hlaxdl3uyd5jx5,2026-09-16T10:55:38.176000+00:00,bluesky,true,true,false,true,relevant,relevant,irrelevant,llm_v2b>llm_v2c>llm_v2d,llm_v2b@2026-09-22T06:02:28.700376+00:00,9da653163799d56c+ca3b837dd0b3e85c,user,Qwen/Qwen3-4B-Instruct-2507,derived_validated,
89145,at://did:plc:pcievrygrnjjg5ni7mjfgctb/app.bsky.feed.post/3mvmta4zyxs2d,did:plc:pcievrygrnjjg5ni7mjfgctb,2026-09-16T09:29:01.641000+00:00,bluesky,true,true,false,true,relevant,relevant,irrelevant,llm_v2b>llm_v2c>llm_v2d,llm_v2b@2026-09-22T06:02:28.700376+00:00,9da653163799d56c+ca3b837dd0b3e85c,user,Qwen/Qwen3-4B-Instruct-2507,derived_validated,
89152,at://did:plc:ynxpsn6ztqzqfjwbw4se6bch/app.bsky.feed.post/3mvmpslcpkd2h,did:plc:ynxpsn6ztqzqfjwbw4se6bch,2026-09-16T08:27:45+00:00,bluesky,true,true,false,true,relevant,relevant,irrelevant,llm_v2b>llm_v2c>llm_v2d,llm_v2b@2026-09-22T06:02:28.700376+00:00,9da653163799d56c+ca3b837dd0b3e85c,user,Qwen/Qwen3-4B-Instruct-2507,derived_validated,
89164,at://did:plc:iqisolaecmif2zmpfbmsq2te/app.bsky.feed.post/3mvmftp563z2r,did:plc:iqisolaecmif2zmpfbmsq2te,2026-09-16T05:29:24.959158+00:00,bluesky,true,true,false,true,relevant,relevant,irrelevant,llm_v2b>llm_v2c>llm_v2d,llm_v2b@2026-09-22T06:02:28.700376+00:00,9da653163799d56c+ca3b837dd0b3e85c,user,Qwen/Qwen3-4B-Instruct-2507,derived_validated,
89199,at://did:plc:vk6td3mrsynkglk5meajauty/app.bsky.feed.post/3mvm6j6gl5s25,did:plc:vk6td3mrsynkglk5meajauty,2026-09-16T03:18:16.571000+00:00,bluesky,true,true,false,true,relevant,relevant,irrelevant,llm_v2b>llm_v2c>llm_v2d,llm_v2b@2026-09-22T06:02:28.700376+00:00,9da653163799d56c+ca3b837dd0b3e85c,user,Qwen/Qwen3-4B-Instruct-2507,derived_validated,
89200,at://did:plc:a7kzhcx6gfnf7doxosshhwuh/app.bsky.feed.post/3mvm5zbzjz22v,did:plc:a7kzhcx6gfnf7doxosshhwuh,2026-09-16T03:09:23.147780+00:00,bluesky,true,true,false,true,relevant,relevant,irrelevant,llm_v2b>llm_v2c>llm_v2d,llm_v2b@2026-09-22T06:02:28.700376+00:00,9da653163799d56c+ca3b837dd0b3e85c,user,Qwen/Qwen3-4B-Instruct-2507,derived_validated,
89210,at://did:plc:q5m4pspc6zmqru6b4dpg65yv/app.bsky.feed.post/3mvlule67as24,did:plc:q5m4pspc6zmqru6b4dpg65yv,2026-09-16T00:20:32.180735+00:00,bluesky,true,true,false,true,relevant,relevant,irrelevant,llm_v2b>llm_v2c>llm_v2d,llm_v2b@2026-09-22T06:02:28.700376+00:00,9da653163799d56c+ca3b837dd0b3e85c,user,Qwen/Qwen3-4B-Instruct-2507,derived_validated,
89225,at://did:plc:i2y34utl5i7yo34ymxxksmwo/app.bsky.feed.post/3mvo7lgt2uu2p,did:plc:i2y34utl5i7yo34ymxxksmwo,2026-09-16T22:42:45+00:00,bluesky,true,true,false,true,relevant,relevant,irrelevant,llm_v2b>llm_v2c>llm_v2d,llm_v2b@2026-09-22T06:02:28.700376+00:00,9da653163799d56c+ca3b837dd0b3e85c,user,Qwen/Qwen3-4B-Instruct-2507,derived_validated,
89230,at://did:plc:mbz4n4ok6n7tbspj7p6sgjbm/app.bsky.feed.post/3mvo6z36aan2u,did:plc:mbz4n4ok6n7tbspj7p6sgjbm,2026-09-16T22:32:29+00:00,bluesky,true,true,false,true,relevant,relevant,irrelevant,llm_v2b>llm_v2c>llm_v2d,llm_v2b@2026-09-22T06:02:28.700376+00:00,9da653163799d56c+ca3b837dd0b3e85c,user,Qwen/Qwen3-4B-Instruct-2507,derived_validated,
89306,at://did:plc:gmfcvrfpr77wgw2jg6z5b7oj/app.bsky.feed.post/3mvnjyln7ns23,did:plc:gmfcvrfpr77wgw2jg6z5b7oj,2026-09-16T16:16:24.635000+00:00,bluesky,true,true,false,true,relevant,relevant,irrelevant,llm_v2b>llm_v2c>llm_v2d,llm_v2b@2026-09-22T06:02:28.700376+00:00,9da653163799d56c+ca3b837dd0b3e85c,user,Qwen/Qwen3-4B-Instruct-2507,derived_validated,
89320,at://did:plc:de5dtbkhpuuoimk7bb2jhhcw/app.bsky.feed.post/3mvnhnzigyv2j,did:plc:de5dtbkhpuuoimk7bb2jhhcw,2026-09-16T15:34:42.554000+00:00,bluesky,true,true,false,true,relevant,relevant,irrelevant,llm_v2b>llm_v2c>llm_v2d,llm_v2b@2026-09-22T06:02:28.700376+00:00,9da653163799d56c+ca3b837dd0b3e85c,user,Qwen/Qwen3-4B-Instruct-2507,derived_validated,
89352,at://did:plc:u6celkmubfsmbus5m3aqcrla/app.bsky.feed.post/3mvn7247axl24,did:plc:u6celkmubfsmbus5m3aqcrla,2026-09-16T13:00:24+00:00,bluesky,true,true,true,true,relevant,relevant,relevant,llm_v2b>llm_v2c>llm_v2d,llm_v2b@2026-09-22T06:02:28.700376+00:00,9da653163799d56c+ca3b837dd0b3e85c,user,Qwen/Qwen3-4B-Instruct-2507,derived_validated,
89389,at://did:plc:7szndbckzwso647c27jaaxfs/app.bsky.feed.post/3mvmtpchvwk2z,did:plc:7szndbckzwso647c27jaaxfs,2026-09-16T09:37:30.714000+00:00,bluesky,true,true,false,true,relevant,relevant,irrelevant,llm_v2b>llm_v2c>llm_v2d,llm_v2b@2026-09-22T06:02:28.700376+00:00,9da653163799d56c+ca3b837dd0b3e85c,user,Qwen/Qwen3-4B-Instruct-2507,derived_validated,
89459,at://did:plc:vwh57fexn3qrs2pz6pddakxs/app.bsky.feed.post/3mvocpndww22u,did:plc:vwh57fexn3qrs2pz6pddakxs,2026-09-16T23:38:47.984000+00:00,bluesky,true,true,true,true,relevant,relevant,relevant,llm_v2b>llm_v2c>llm_v2d,llm_v2b@2026-09-22T06:02:28.700376+00:00,9da653163799d56c+ca3b837dd0b3e85c,user,Qwen/Qwen3-4B-Instruct-2507,derived_validated,
89463,at://did:plc:luqklzbsnbqr37mcgvnesvi7/app.bsky.feed.post/3mvoacim7k426,did:plc:luqklzbsnbqr37mcgvnesvi7,2026-09-16T22:56:42.098000+00:00,bluesky,true,true,false,true,relevant,relevant,irrelevant,llm_v2b>llm_v2c>llm_v2d,llm_v2b@2026-09-22T06:02:28.700376+00:00,9da653163799d56c+ca3b837dd0b3e85c,user,Qwen/Qwen3-4B-Instruct-2507,derived_validated,
89467,at://did:plc:6uqqv7asv2xsxwn224tyexng/app.bsky.feed.post/3mvo5njsuqc27,did:plc:6uqqv7asv2xsxwn224tyexng,2026-09-16T22:08:08.460000+00:00,bluesky,true,true,true,true,relevant,relevant,relevant,llm_v2b>llm_v2c>llm_v2d,llm_v2b@2026-09-22T06:02:28.700376+00:00,9da653163799d56c+ca3b837dd0b3e85c,user,Qwen/Qwen3-4B-Instruct-2507,derived_validated,
89476,at://did:plc:swqgf7xx75sy4kn5azqetvh5/app.bsky.feed.post/3mvo35cvwxs26,did:plc:swqgf7xx75sy4kn5azqetvh5,2026-09-16T21:23:16.868000+00:00,bluesky,true,true,true,true,relevant,relevant,relevant,llm_v2b>llm_v2c>llm_v2d,llm_v2b@2026-09-22T06:02:28.700376+00:00,9da653163799d56c+ca3b837dd0b3e85c,user,Qwen/Qwen3-4B-Instruct-2507,derived_validated,
89477,at://did:plc:fjmvx5e7nxs4sxt67tpgqomg/app.bsky.feed.post/3mvo2xbamjc2v,did:plc:fjmvx5e7nxs4sxt67tpgqomg,2026-09-16T21:19:53.792000+00:00,bluesky,true,true,true,true,relevant,relevant,relevant,llm_v2b>llm_v2c>llm_v2d,llm_v2b@2026-09-22T06:02:28.700376+00:00,9da653163799d56c+ca3b837dd0b3e85c,user,Qwen/Qwen3-4B-Instruct-2507,derived_validated,
89484,at://did:plc:icsgkevq6mfyuf5c357xc7dm/app.bsky.feed.post/3mvnyrtz3c42d,did:plc:icsgkevq6mfyuf5c357xc7dm,2026-09-16T20:41:04.630232+00:00,bluesky,true,true,true,true,relevant,relevant,relevant,llm_v2b>llm_v2c>llm_v2d,llm_v2b@2026-09-22T06:02:28.700376+00:00,9da653163799d56c+ca3b837dd0b3e85c,user,Qwen/Qwen3-4B-Instruct-2507,derived_validated,
89487,at://did:plc:kfnlzufcxc56jgp4m2spyw64/app.bsky.feed.post/3mvnybw7hsv2x,did:plc:kfnlzufcxc56jgp4m2spyw64,2026-09-16T20:32:09+00:00,bluesky,true,true,true,true,relevant,relevant,relevant,llm_v2b>llm_v2c>llm_v2d,llm_v2b@2026-09-22T06:02:28.700376+00:00,9da653163799d56c+ca3b837dd0b3e85c,user,Qwen/Qwen3-4B-Instruct-2507,derived_validated,
89488,at://did:plc:73vkh3bocvb6uewxbpmhay7d/app.bsky.feed.post/3mvny74qtko2y,did:plc:73vkh3bocvb6uewxbpmhay7d,2026-09-16T20:30:36+00:00,bluesky,true,true,true,true,relevant,relevant,relevant,llm_v2b>llm_v2c>llm_v2d,llm_v2b@2026-09-22T06:02:28.700376+00:00,9da653163799d56c+ca3b837dd0b3e85c,user,Qwen/Qwen3-4B-Instruct-2507,derived_validated,
89489,at://did:plc:kfnlzufcxc56jgp4m2spyw64/app.bsky.feed.post/3mvny6hm7eo23,did:plc:kfnlzufcxc56jgp4m2spyw64,2026-09-16T20:30:13+00:00,bluesky,true,true,true,true,relevant,relevant,relevant,llm_v2b>llm_v2c>llm_v2d,llm_v2b@2026-09-22T06:02:28.700376+00:00,9da653163799d56c+ca3b837dd0b3e85c,user,Qwen/Qwen3-4B-Instruct-2507,derived_validated,
89490,at://did:plc:icsgkevq6mfyuf5c357xc7dm/app.bsky.feed.post/3mvnxy62ufd2d,did:plc:icsgkevq6mfyuf5c357xc7dm,2026-09-16T20:26:42.717320+00:00,bluesky,true,true,true,true,relevant,relevant,relevant,llm_v2b>llm_v2c>llm_v2d,llm_v2b@2026-09-22T06:02:28.700376+00:00,9da653163799d56c+ca3b837dd0b3e85c,user,Qwen/Qwen3-4B-Instruct-2507,derived_validated,
89493,at://did:plc:73vkh3bocvb6uewxbpmhay7d/app.bsky.feed.post/3mvnxmufd3i2g,did:plc:73vkh3bocvb6uewxbpmhay7d,2026-09-16T20:20:23+00:00,bluesky,true,true,true,true,relevant,relevant,relevant,llm_v2b>llm_v2c>llm_v2d,llm_v2b@2026-09-22T06:02:28.700376+00:00,9da653163799d56c+ca3b837dd0b3e85c,user,Qwen/Qwen3-4B-Instruct-2507,derived_validated,
89503,at://did:plc:e33vu66lder3opn2nouekw7a/app.bsky.feed.post/3mvnwazj5es24,did:plc:e33vu66lder3opn2nouekw7a,2026-09-16T19:55:52.517000+00:00,bluesky,true,true,false,true,relevant,relevant,irrelevant,llm_v2b>llm_v2c>llm_v2d,llm_v2b@2026-09-22T06:02:28.700376+00:00,9da653163799d56c+ca3b837dd0b3e85c,user,Qwen/Qwen3-4B-Instruct-2507,derived_validated,
89515,at://did:plc:e2imm7mt4d3tdkq2hc2tp524/app.bsky.feed.post/3mvnqjcr3rz27,did:plc:e2imm7mt4d3tdkq2hc2tp524,2026-09-16T18:13:08.166735+00:00,bluesky,true,true,false,true,relevant,relevant,irrelevant,llm_v2b>llm_v2c>llm_v2d,llm_v2b@2026-09-22T06:02:28.700376+00:00,9da653163799d56c+ca3b837dd0b3e85c,user,Qwen/Qwen3-4B-Instruct-2507,derived_validated,
89541,at://did:plc:od736zk4jzdweguvsg2mcwxw/app.bsky.feed.post/3mvnjss3y4224,did:plc:od736zk4jzdweguvsg2mcwxw,2026-09-16T16:13:09.900515+00:00,bluesky,true,true,false,true,relevant,relevant,irrelevant,llm_v2b>llm_v2c>llm_v2d,llm_v2b@2026-09-22T06:02:28.700376+00:00,9da653163799d56c+ca3b837dd0b3e85c,user,Qwen/Qwen3-4B-Instruct-2507,derived_validated,
89547,at://did:plc:l5pf6qjpoe2keax4u3xvtfc7/app.bsky.feed.post/3mvnjav3rns2l,did:plc:l5pf6qjpoe2keax4u3xvtfc7,2026-09-16T16:03:09.244000+00:00,bluesky,true,true,true,true,relevant,relevant,relevant,llm_v2b>llm_v2c>llm_v2d,llm_v2b@2026-09-22T06:02:28.700376+00:00,9da653163799d56c+ca3b837dd0b3e85c,user,Qwen/Qwen3-4B-Instruct-2507,derived_validated,
89555,at://did:plc:fkxcnwwlovg6pckgqtmn2fzd/app.bsky.feed.post/3mvnd3qzy772s,did:plc:fkxcnwwlovg6pckgqtmn2fzd,2026-09-16T14:12:53+00:00,bluesky,true,true,false,true,relevant,relevant,irrelevant,llm_v2b>llm_v2c>llm_v2d,llm_v2b@2026-09-22T06:02:28.700376+00:00,9da653163799d56c+ca3b837dd0b3e85c,user,Qwen/Qwen3-4B-Instruct-2507,derived_validated,
89571,at://did:plc:7mz4dlnc6pgupijjv45wbvbz/app.bsky.feed.post/3mvn6b3z3qs26,did:plc:7mz4dlnc6pgupijjv45wbvbz,2026-09-16T12:46:25.333000+00:00,bluesky,false,false,true,true,irrelevant,irrelevant,relevant,llm_v2b>llm_v2c>llm_v2d,,,,,deterministic_rules,
89586,at://did:plc:vzmnljt7otfbbgrmachtefxh/app.bsky.feed.post/3mvn3oruy4t2o,did:plc:vzmnljt7otfbbgrmachtefxh,2026-09-16T11:15:44+00:00,bluesky,true,true,false,true,relevant,relevant,irrelevant,llm_v2b>llm_v2c>llm_v2d,llm_v2b@2026-09-22T06:02:28.700376+00:00,9da653163799d56c+ca3b837dd0b3e85c,user,Qwen/Qwen3-4B-Instruct-2507,derived_validated,
89620,at://did:plc:fu2fddbaeqjdu7k3fbep2mxl/app.bsky.feed.post/3mvmf77tcec2v,did:plc:fu2fddbaeqjdu7k3fbep2mxl,2026-09-16T05:17:58.684000+00:00,bluesky,true,true,false,true,relevant,relevant,irrelevant,llm_v2b>llm_v2c>llm_v2d,llm_v2b@2026-09-22T06:02:28.700376+00:00,9da653163799d56c+ca3b837dd0b3e85c,user,Qwen/Qwen3-4B-Instruct-2507,derived_validated,
89634,at://did:plc:ht2scbde3p3fzqi6mfrysc76/app.bsky.feed.post/3mvm3b32e722o,did:plc:ht2scbde3p3fzqi6mfrysc76,2026-09-16T02:20:03.365000+00:00,bluesky,true,true,true,true,relevant,relevant,relevant,llm_v2b>llm_v2c>llm_v2d,llm_v2b@2026-09-22T06:02:28.700376+00:00,9da653163799d56c+ca3b837dd0b3e85c,user,Qwen/Qwen3-4B-Instruct-2507,derived_validated,
89644,at://did:plc:le5b7ym7mphxuaaakfrgkfa6/app.bsky.feed.post/3mvlv3q5de223,did:plc:le5b7ym7mphxuaaakfrgkfa6,2026-09-16T00:29:41.704000+00:00,bluesky,true,true,true,true,relevant,relevant,relevant,llm_v2b>llm_v2c>llm_v2d,llm_v2b@2026-09-22T06:02:28.700376+00:00,9da653163799d56c+ca3b837dd0b3e85c,user,Qwen/Qwen3-4B-Instruct-2507,derived_validated,
89659,at://did:plc:x5ogrjhuiyz2ogymexvwinof/app.bsky.feed.post/3mvo3of6qbk2r,did:plc:x5ogrjhuiyz2ogymexvwinof,2026-09-16T21:32:49+00:00,bluesky,true,true,false,true,relevant,relevant,irrelevant,llm_v2b>llm_v2c>llm_v2d,llm_v2b@2026-09-22T06:02:28.700376+00:00,9da653163799d56c+ca3b837dd0b3e85c,user,Qwen/Qwen3-4B-Instruct-2507,derived_validated,
89818,at://did:plc:wz2qyzl4g547jhajifdzkfq2/app.bsky.feed.post/3mvo7pobblo2n,did:plc:wz2qyzl4g547jhajifdzkfq2,2026-09-16T22:45:07.520000+00:00,bluesky,false,false,true,true,irrelevant,irrelevant,relevant,llm_v2b>llm_v2c>llm_v2d,,,,,deterministic_rules,
89820,at://did:plc:jytstmos46mpbaprwiqvtlo2/app.bsky.feed.post/3mvo7g5zfys2f,did:plc:jytstmos46mpbaprwiqvtlo2,2026-09-16T22:39:48.687000+00:00,bluesky,true,true,false,true,relevant,relevant,irrelevant,llm_v2b>llm_v2c>llm_v2d,llm_v2b@2026-09-22T06:02:28.700376+00:00,9da653163799d56c+ca3b837dd0b3e85c,user,Qwen/Qwen3-4B-Instruct-2507,derived_validated,
89821,at://did:plc:oo4ouvn7tbvay7nj5deye25c/app.bsky.feed.post/3mvo7fl5tkc22,did:plc:oo4ouvn7tbvay7nj5deye25c,2026-09-16T22:39:28.911000+00:00,bluesky,true,true,false,true,relevant,relevant,irrelevant,llm_v2b>llm_v2c>llm_v2d,llm_v2b@2026-09-22T06:02:28.700376+00:00,9da653163799d56c+ca3b837dd0b3e85c,user,Qwen/Qwen3-4B-Instruct-2507,derived_validated,
89868,at://did:plc:6rvdipirgmnxilr6uhjyj4rx/app.bsky.feed.post/3mvo3sb5yuc2d,did:plc:6rvdipirgmnxilr6uhjyj4rx,2026-09-16T21:34:59.676000+00:00,bluesky,true,true,true,true,relevant,relevant,relevant,llm_v2b>llm_v2c>llm_v2d,llm_v2b@2026-09-22T06:02:28.700376+00:00,9da653163799d56c+ca3b837dd0b3e85c,user,Qwen/Qwen3-4B-Instruct-2507,derived_validated,
89925,at://did:plc:dpwpritm3tmba7pyf4r6uqlf/app.bsky.feed.post/3mvny3n6gfh23,did:plc:dpwpritm3tmba7pyf4r6uqlf,2026-09-16T20:28:39.180000+00:00,bluesky,true,true,true,true,relevant,relevant,relevant,llm_v2b>llm_v2c>llm_v2d,llm_v2b@2026-09-22T06:02:28.700376+00:00,9da653163799d56c+ca3b837dd0b3e85c,user,Qwen/Qwen3-4B-Instruct-2507,derived_validated,
89975,at://did:plc:2utsyuufaetvgcyein4w276f/app.bsky.feed.post/3mvnvqearsk26,did:plc:2utsyuufaetvgcyein4w276f,2026-09-16T19:46:33.355000+00:00,bluesky,true,true,true,true,relevant,relevant,relevant,llm_v2b>llm_v2c>llm_v2d,llm_v2b@2026-09-22T06:02:28.700376+00:00,9da653163799d56c+ca3b837dd0b3e85c,user,Qwen/Qwen3-4B-Instruct-2507,derived_validated,
89981,at://did:plc:lkriaqexl3njczp5xyzuahrk/app.bsky.feed.post/3mvnv2v7flc2l,did:plc:lkriaqexl3njczp5xyzuahrk,2026-09-16T19:34:32.937000+00:00,bluesky,true,true,false,true,relevant,relevant,irrelevant,llm_v2b>llm_v2c>llm_v2d,llm_v2b@2026-09-22T06:02:28.700376+00:00,9da653163799d56c+ca3b837dd0b3e85c,user,Qwen/Qwen3-4B-Instruct-2507,derived_validated,
89986,at://did:plc:dpmwlesjodhle7ss5227yvvg/app.bsky.feed.post/3mvnusso7322l,did:plc:dpmwlesjodhle7ss5227yvvg,2026-09-16T19:30:00+00:00,bluesky,true,true,true,true,relevant,relevant,relevant,llm_v2b>llm_v2c>llm_v2d,llm_v2b@2026-09-22T06:02:28.700376+00:00,9da653163799d56c+ca3b837dd0b3e85c,user,Qwen/Qwen3-4B-Instruct-2507,derived_validated,
90031,at://did:plc:c4l6c3v5kvm7i32xiiqtszro/app.bsky.feed.post/3mvnr45tpgc23,did:plc:c4l6c3v5kvm7i32xiiqtszro,2026-09-16T18:23:40.394000+00:00,bluesky,true,true,false,true,relevant,relevant,irrelevant,llm_v2b>llm_v2c>llm_v2d,llm_v2b@2026-09-22T06:02:28.700376+00:00,9da653163799d56c+ca3b837dd0b3e85c,user,Qwen/Qwen3-4B-Instruct-2507,derived_validated,
90037,at://did:plc:2utsyuufaetvgcyein4w276f/app.bsky.feed.post/3mvnql4zipl2b,did:plc:2utsyuufaetvgcyein4w276f,2026-09-16T18:14:09.292000+00:00,bluesky,true,true,true,true,relevant,relevant,relevant,llm_v2b>llm_v2c>llm_v2d,llm_v2b@2026-09-22T06:02:28.700376+00:00,9da653163799d56c+ca3b837dd0b3e85c,user,Qwen/Qwen3-4B-Instruct-2507,derived_validated,
90040,at://did:plc:54lvxus5zpnvtmtukgcga24s/app.bsky.feed.post/3mvnrsxssfj25,did:plc:54lvxus5zpnvtmtukgcga24s,2026-09-16T18:12:00+00:00,bluesky,true,true,false,true,relevant,relevant,irrelevant,llm_v2b>llm_v2c>llm_v2d,llm_v2b@2026-09-22T06:02:28.700376+00:00,9da653163799d56c+ca3b837dd0b3e85c,user,Qwen/Qwen3-4B-Instruct-2507,derived_validated,
90058,at://did:plc:lgutgmg6n7y3tcigvbavsfsx/app.bsky.feed.post/3mvnpxq7qmc2n,did:plc:lgutgmg6n7y3tcigvbavsfsx,2026-09-16T18:03:18.333000+00:00,bluesky,true,true,false,true,relevant,relevant,irrelevant,llm_v2b>llm_v2c>llm_v2d,llm_v2b@2026-09-22T06:02:28.700376+00:00,9da653163799d56c+ca3b837dd0b3e85c,user,Qwen/Qwen3-4B-Instruct-2507,derived_validated,
90088,at://did:plc:gdxiuhym6fvbhxo5uhiohmyy/app.bsky.feed.post/3mvno4idk232g,did:plc:gdxiuhym6fvbhxo5uhiohmyy,2026-09-16T17:30:09.507000+00:00,bluesky,true,true,false,true,relevant,relevant,irrelevant,llm_v2b>llm_v2c>llm_v2d,llm_v2b@2026-09-22T06:02:28.700376+00:00,9da653163799d56c+ca3b837dd0b3e85c,user,Qwen/Qwen3-4B-Instruct-2507,derived_validated,
90144,at://did:plc:dn242yln2biooe6qkd237tqd/app.bsky.feed.post/3mvnjr2ax7m2v,did:plc:dn242yln2biooe6qkd237tqd,2026-09-16T16:12:11.337000+00:00,bluesky,true,true,false,true,relevant,relevant,irrelevant,llm_v2b>llm_v2c>llm_v2d,llm_v2b@2026-09-22T06:02:28.700376+00:00,9da653163799d56c+ca3b837dd0b3e85c,user,Qwen/Qwen3-4B-Instruct-2507,derived_validated,
90180,at://did:plc:sj7x2xctlsf6pilv4chfnz3t/app.bsky.feed.post/3mvnjcxgtgo2f,did:plc:sj7x2xctlsf6pilv4chfnz3t,2026-09-16T16:04:17.869000+00:00,bluesky,true,true,false,true,relevant,relevant,irrelevant,llm_v2b>llm_v2c>llm_v2d,llm_v2b@2026-09-22T06:02:28.700376+00:00,9da653163799d56c+ca3b837dd0b3e85c,user,Qwen/Qwen3-4B-Instruct-2507,derived_validated,
90183,at://did:plc:sj7x2xctlsf6pilv4chfnz3t/app.bsky.feed.post/3mvnjcd4sod2t,did:plc:sj7x2xctlsf6pilv4chfnz3t,2026-09-16T16:03:56.619000+00:00,bluesky,true,true,false,true,relevant,relevant,irrelevant,llm_v2b>llm_v2c>llm_v2d,llm_v2b@2026-09-22T06:02:28.700376+00:00,9da653163799d56c+ca3b837dd0b3e85c,user,Qwen/Qwen3-4B-Instruct-2507,derived_validated,
90193,at://did:plc:a3bo2umjzgmm3pjkjfqqg3lg/app.bsky.feed.post/3mvnipwugik2c,did:plc:a3bo2umjzgmm3pjkjfqqg3lg,2026-09-16T15:53:40.673000+00:00,bluesky,true,true,true,true,relevant,relevant,relevant,llm_v2b>llm_v2c>llm_v2d,llm_v2b@2026-09-22T06:02:28.700376+00:00,9da653163799d56c+ca3b837dd0b3e85c,user,Qwen/Qwen3-4B-Instruct-2507,derived_validated,
90206,at://did:plc:mgp7ni6bomaigwnx3yywnhua/app.bsky.feed.post/3mvni3e5vsc2r,did:plc:mgp7ni6bomaigwnx3yywnhua,2026-09-16T15:42:09.973000+00:00,bluesky,true,true,false,true,relevant,relevant,irrelevant,llm_v2b>llm_v2c>llm_v2d,llm_v2b@2026-09-22T06:02:28.700376+00:00,9da653163799d56c+ca3b837dd0b3e85c,user,Qwen/Qwen3-4B-Instruct-2507,derived_validated,
90240,at://did:plc:o6zj77adynrtx7d5kv2t5imm/app.bsky.feed.post/3mvnfu7dhhc2z,did:plc:o6zj77adynrtx7d5kv2t5imm,2026-09-16T15:02:22+00:00,bluesky,true,true,false,true,relevant,relevant,irrelevant,llm_v2b>llm_v2c>llm_v2d,llm_v2b@2026-09-22T06:02:28.700376+00:00,9da653163799d56c+ca3b837dd0b3e85c,user,Qwen/Qwen3-4B-Instruct-2507,derived_validated,
90285,at://did:plc:2utsyuufaetvgcyein4w276f/app.bsky.feed.post/3mvndbttwrc2l,did:plc:2utsyuufaetvgcyein4w276f,2026-09-16T14:16:18.811000+00:00,bluesky,true,true,false,true,relevant,relevant,irrelevant,llm_v2b>llm_v2c>llm_v2d,llm_v2b@2026-09-22T06:02:28.700376+00:00,9da653163799d56c+ca3b837dd0b3e85c,user,Qwen/Qwen3-4B-Instruct-2507,derived_validated,
90313,at://did:plc:xrvbnajja6zt6fpxnf5hd74k/app.bsky.feed.post/3mvnbpnzmhk2o,did:plc:xrvbnajja6zt6fpxnf5hd74k,2026-09-16T13:48:15.204000+00:00,bluesky,true,true,false,true,relevant,relevant,irrelevant,llm_v2b>llm_v2c>llm_v2d,llm_v2b@2026-09-22T06:02:28.700376+00:00,9da653163799d56c+ca3b837dd0b3e85c,user,Qwen/Qwen3-4B-Instruct-2507,derived_validated,
90315,at://did:plc:mht5ub4ykjuoxpux77hikixt/app.bsky.feed.post/3mvnbofmozd2p,did:plc:mht5ub4ykjuoxpux77hikixt,2026-09-16T13:47:32.670000+00:00,bluesky,true,true,false,true,relevant,relevant,irrelevant,llm_v2b>llm_v2c>llm_v2d,llm_v2b@2026-09-22T06:02:28.700376+00:00,9da653163799d56c+ca3b837dd0b3e85c,user,Qwen/Qwen3-4B-Instruct-2507,derived_validated,
90322,at://did:plc:2yp3qbkyxd5znzhtsq4n2wml/app.bsky.feed.post/3mvnb46h7h222,did:plc:2yp3qbkyxd5znzhtsq4n2wml,2026-09-16T13:37:21.349000+00:00,bluesky,true,true,false,true,relevant,relevant,irrelevant,llm_v2b>llm_v2c>llm_v2d,llm_v2b@2026-09-22T06:02:28.700376+00:00,9da653163799d56c+ca3b837dd0b3e85c,user,Qwen/Qwen3-4B-Instruct-2507,derived_validated,
90334,at://did:plc:enkh3ukzv62ddvfoycakjyjf/app.bsky.feed.post/3mvnahkyr4s2l,did:plc:enkh3ukzv62ddvfoycakjyjf,2026-09-16T13:25:49.699000+00:00,bluesky,true,true,true,true,relevant,relevant,relevant,llm_v2b>llm_v2c>llm_v2d,llm_v2b@2026-09-22T06:02:28.700376+00:00,9da653163799d56c+ca3b837dd0b3e85c,user,Qwen/Qwen3-4B-Instruct-2507,derived_validated,
90385,at://did:plc:xgmilruk76or6bqupyvww3dp/app.bsky.feed.post/3mvn67yfrs42m,did:plc:xgmilruk76or6bqupyvww3dp,2026-09-16T12:45:48.001000+00:00,bluesky,false,false,true,true,irrelevant,irrelevant,relevant,llm_v2b>llm_v2c>llm_v2d,,,,,deterministic_rules,
90396,at://did:plc:mvw7btcxe6jgznss25lcmus7/app.bsky.feed.post/3mvn5ibr66k2l,did:plc:mvw7btcxe6jgznss25lcmus7,2026-09-16T12:32:32.503000+00:00,bluesky,true,true,false,true,relevant,relevant,irrelevant,llm_v2b>llm_v2c>llm_v2d,llm_v2b@2026-09-22T06:02:28.700376+00:00,9da653163799d56c+ca3b837dd0b3e85c,user,Qwen/Qwen3-4B-Instruct-2507,derived_validated,
90412,at://did:plc:2b5nuetooljnqnrzq3um4iol/app.bsky.feed.post/3mvn4hzsni226,did:plc:2b5nuetooljnqnrzq3um4iol,2026-09-16T12:14:30.425000+00:00,bluesky,true,true,false,true,relevant,relevant,irrelevant,llm_v2b>llm_v2c>llm_v2d,llm_v2b@2026-09-22T06:02:28.700376+00:00,9da653163799d56c+ca3b837dd0b3e85c,user,Qwen/Qwen3-4B-Instruct-2507,derived_validated,
90431,at://did:plc:2yp3qbkyxd5znzhtsq4n2wml/app.bsky.feed.post/3mvn34vrja22d,did:plc:2yp3qbkyxd5znzhtsq4n2wml,2026-09-16T11:50:23.353000+00:00,bluesky,true,true,false,true,relevant,relevant,irrelevant,llm_v2b>llm_v2c>llm_v2d,llm_v2b@2026-09-22T06:02:28.700376+00:00,9da653163799d56c+ca3b837dd0b3e85c,user,Qwen/Qwen3-4B-Instruct-2507,derived_validated,
90439,at://did:plc:2b5nuetooljnqnrzq3um4iol/app.bsky.feed.post/3mvn2ozjf7k26,did:plc:2b5nuetooljnqnrzq3um4iol,2026-09-16T11:42:37.519000+00:00,bluesky,true,true,false,true,relevant,relevant,irrelevant,llm_v2b>llm_v2c>llm_v2d,llm_v2b@2026-09-22T06:02:28.700376+00:00,9da653163799d56c+ca3b837dd0b3e85c,user,Qwen/Qwen3-4B-Instruct-2507,derived_validated,
90449,at://did:plc:2yp3qbkyxd5znzhtsq4n2wml/app.bsky.feed.post/3mvn2adt7fc2d,did:plc:2yp3qbkyxd5znzhtsq4n2wml,2026-09-16T11:34:25.010000+00:00,bluesky,true,true,false,true,relevant,relevant,irrelevant,llm_v2b>llm_v2c>llm_v2d,llm_v2b@2026-09-22T06:02:28.700376+00:00,9da653163799d56c+ca3b837dd0b3e85c,user,Qwen/Qwen3-4B-Instruct-2507,derived_validated,
90462,at://did:plc:kbdifeeymt5ppkl4gtq3i7be/app.bsky.feed.post/3mvmzdfrw2i2v,did:plc:kbdifeeymt5ppkl4gtq3i7be,2026-09-16T11:18:13+00:00,bluesky,true,true,false,true,relevant,relevant,irrelevant,llm_v2b>llm_v2c>llm_v2d,llm_v2b@2026-09-22T06:02:28.700376+00:00,9da653163799d56c+ca3b837dd0b3e85c,user,Qwen/Qwen3-4B-Instruct-2507,derived_validated,
90467,at://did:plc:36trxcdhay6uygpri2mepw2d/app.bsky.feed.post/3mvmyydkcg42d,did:plc:36trxcdhay6uygpri2mepw2d,2026-09-16T11:12:02.477000+00:00,bluesky,true,true,false,true,relevant,relevant,irrelevant,llm_v2b>llm_v2c>llm_v2d,llm_v2b@2026-09-22T06:02:28.700376+00:00,9da653163799d56c+ca3b837dd0b3e85c,user,Qwen/Qwen3-4B-Instruct-2507,derived_validated,
90500,at://did:plc:hslirr7h6d7livppaxty435b/app.bsky.feed.post/3mvmvqbtdjy22,did:plc:hslirr7h6d7livppaxty435b,2026-09-16T10:13:49+00:00,bluesky,true,true,false,true,relevant,relevant,irrelevant,llm_v2b>llm_v2c>llm_v2d,llm_v2b@2026-09-22T06:02:28.700376+00:00,9da653163799d56c+ca3b837dd0b3e85c,user,Qwen/Qwen3-4B-Instruct-2507,derived_validated,
90519,at://did:plc:iw64qq5pjwfy32emjbcnf77a/app.bsky.feed.post/3mvmue3izzk2i,did:plc:iw64qq5pjwfy32emjbcnf77a,2026-09-16T09:49:08.051000+00:00,bluesky,true,true,false,true,relevant,relevant,irrelevant,llm_v2b>llm_v2c>llm_v2d,llm_v2b@2026-09-22T06:02:28.700376+00:00,9da653163799d56c+ca3b837dd0b3e85c,user,Qwen/Qwen3-4B-Instruct-2507,derived_validated,
90538,at://did:plc:tkfg6eimgd36nkcagcayhmvv/app.bsky.feed.post/3mvmscw3ggs25,did:plc:tkfg6eimgd36nkcagcayhmvv,2026-09-16T09:12:41.088000+00:00,bluesky,true,true,true,true,relevant,relevant,relevant,llm_v2b>llm_v2c>llm_v2d,llm_v2b@2026-09-22T06:02:28.700376+00:00,9da653163799d56c+ca3b837dd0b3e85c,user,Qwen/Qwen3-4B-Instruct-2507,derived_validated,
90590,at://did:plc:c4l6c3v5kvm7i32xiiqtszro/app.bsky.feed.post/3mvmnuxanbp2f,did:plc:c4l6c3v5kvm7i32xiiqtszro,2026-09-16T07:53:17.569000+00:00,bluesky,true,true,false,true,relevant,relevant,irrelevant,llm_v2b>llm_v2c>llm_v2d,llm_v2b@2026-09-22T06:02:28.700376+00:00,9da653163799d56c+ca3b837dd0b3e85c,user,Qwen/Qwen3-4B-Instruct-2507,derived_validated,
90632,at://did:plc:5k5pplndbh2hyakkw3kl22uu/app.bsky.feed.post/3mvmjiibnkc2o,did:plc:5k5pplndbh2hyakkw3kl22uu,2026-09-16T06:34:44.502000+00:00,bluesky,true,true,false,true,relevant,relevant,irrelevant,llm_v2b>llm_v2c>llm_v2d,llm_v2b@2026-09-22T06:02:28.700376+00:00,9da653163799d56c+ca3b837dd0b3e85c,user,Qwen/Qwen3-4B-Instruct-2507,derived_validated,
90664,at://did:plc:gyuqyhuifkovjaspzcym3eva/app.bsky.feed.post/3mvmf4soobc27,did:plc:gyuqyhuifkovjaspzcym3eva,2026-09-16T05:16:37.794000+00:00,bluesky,true,true,false,true,relevant,relevant,irrelevant,llm_v2b>llm_v2c>llm_v2d,llm_v2b@2026-09-22T06:02:28.700376+00:00,9da653163799d56c+ca3b837dd0b3e85c,user,Qwen/Qwen3-4B-Instruct-2507,derived_validated,
90677,at://did:plc:jrfrxm7ahfafxt7nooovdmix/app.bsky.feed.post/3mvmcgyj2wl24,did:plc:jrfrxm7ahfafxt7nooovdmix,2026-09-16T04:28:38+00:00,bluesky,true,true,false,true,relevant,relevant,irrelevant,llm_v2b>llm_v2c>llm_v2d,llm_v2b@2026-09-22T06:02:28.700376+00:00,9da653163799d56c+ca3b837dd0b3e85c,user,Qwen/Qwen3-4B-Instruct-2507,derived_validated,
90686,at://did:plc:fyitqypzz6qaax7ve46hsw52/app.bsky.feed.post/3mvmbsioweg26,did:plc:fyitqypzz6qaax7ve46hsw52,2026-09-16T04:17:09+00:00,bluesky,true,true,false,true,relevant,relevant,irrelevant,llm_v2b>llm_v2c>llm_v2d,llm_v2b@2026-09-22T06:02:28.700376+00:00,9da653163799d56c+ca3b837dd0b3e85c,user,Qwen/Qwen3-4B-Instruct-2507,derived_validated,
90750,at://did:plc:v6fh7fd2xjlf3vgrj7p3zj52/app.bsky.feed.post/3mvm3c5jc5c2c,did:plc:v6fh7fd2xjlf3vgrj7p3zj52,2026-09-16T02:20:39.506000+00:00,bluesky,true,true,false,true,relevant,relevant,irrelevant,llm_v2b>llm_v2c>llm_v2d,llm_v2b@2026-09-22T06:02:28.700376+00:00,9da653163799d56c+ca3b837dd0b3e85c,user,Qwen/Qwen3-4B-Instruct-2507,derived_validated,
90782,at://did:plc:3tgymfgk45vesgzndgd7qlkm/app.bsky.feed.post/3mvm24wbb2xx2,did:plc:3tgymfgk45vesgzndgd7qlkm,2026-09-16T01:59:48+00:00,bluesky,true,true,true,true,relevant,relevant,relevant,llm_v2b>llm_v2c>llm_v2d,llm_v2b@2026-09-22T06:02:28.700376+00:00,9da653163799d56c+ca3b837dd0b3e85c,user,Qwen/Qwen3-4B-Instruct-2507,derived_validated,
90880,at://did:plc:dn242yln2biooe6qkd237tqd/app.bsky.feed.post/3mvnxdswftp2l,did:plc:dn242yln2biooe6qkd237tqd,2026-09-16T20:15:19.811000+00:00,bluesky,true,true,false,true,relevant,relevant,irrelevant,llm_v2b>llm_v2c>llm_v2d,llm_v2b@2026-09-22T06:02:28.700376+00:00,9da653163799d56c+ca3b837dd0b3e85c,user,Qwen/Qwen3-4B-Instruct-2507,derived_validated,
90897,at://did:plc:dn242yln2biooe6qkd237tqd/app.bsky.feed.post/3mvngoi7bem2y,did:plc:dn242yln2biooe6qkd237tqd,2026-09-16T15:17:04.065000+00:00,bluesky,true,true,false,true,relevant,relevant,irrelevant,llm_v2b>llm_v2c>llm_v2d,llm_v2b@2026-09-22T06:02:28.700376+00:00,9da653163799d56c+ca3b837dd0b3e85c,user,Qwen/Qwen3-4B-Instruct-2507,derived_validated,
90995,at://did:plc:qagpri6bbqv326oafdew35v7/app.bsky.feed.post/3mvnnnzvtqc2t,did:plc:qagpri6bbqv326oafdew35v7,2026-09-16T17:22:01.774144+00:00,bluesky,true,true,false,true,relevant,relevant,irrelevant,llm_v2b>llm_v2c>llm_v2d,llm_v2b@2026-09-22T06:02:28.700376+00:00,9da653163799d56c+ca3b837dd0b3e85c,user,Qwen/Qwen3-4B-Instruct-2507,derived_validated,
91015,at://did:plc:5mygsj6el6l2mjsn7jfcqf72/app.bsky.feed.post/3mvnkirk6v42b,did:plc:5mygsj6el6l2mjsn7jfcqf72,2026-09-16T16:25:27+00:00,bluesky,true,true,false,true,relevant,relevant,irrelevant,llm_v2b>llm_v2c>llm_v2d,llm_v2b@2026-09-22T06:02:28.700376+00:00,9da653163799d56c+ca3b837dd0b3e85c,user,Qwen/Qwen3-4B-Instruct-2507,derived_validated,
91117,at://did:plc:xb2atbeujr3e7upskrxlb72f/app.bsky.feed.post/3mvmrmlhj7h2z,did:plc:xb2atbeujr3e7upskrxlb72f,2026-09-16T09:00:11.783463+00:00,bluesky,true,true,false,true,relevant,relevant,irrelevant,llm_v2b>llm_v2c>llm_v2d,llm_v2b@2026-09-22T06:02:28.700376+00:00,9da653163799d56c+ca3b837dd0b3e85c,user,Qwen/Qwen3-4B-Instruct-2507,derived_validated,
91135,at://did:plc:qwaqhxjcdozkgpsw35b3f6my/app.bsky.feed.post/3mvmmof4l4c25,did:plc:qwaqhxjcdozkgpsw35b3f6my,2026-09-16T07:31:43.739000+00:00,bluesky,true,true,false,true,relevant,relevant,irrelevant,llm_v2b>llm_v2c>llm_v2d,llm_v2b@2026-09-22T06:02:28.700376+00:00,9da653163799d56c+ca3b837dd0b3e85c,user,Qwen/Qwen3-4B-Instruct-2507,derived_validated,
91170,at://did:plc:vvz47mxtw7vx3l7wqsqfnc7t/app.bsky.feed.post/3mvlyznhptn2o,did:plc:vvz47mxtw7vx3l7wqsqfnc7t,2026-09-16T01:40:06.561255+00:00,bluesky,true,true,false,true,relevant,relevant,irrelevant,llm_v2b>llm_v2c>llm_v2d,llm_v2b@2026-09-22T06:02:28.700376+00:00,9da653163799d56c+ca3b837dd0b3e85c,user,Qwen/Qwen3-4B-Instruct-2507,derived_validated,
91215,at://did:plc:uojespnlnr2skq7sbbdasg3l/app.bsky.feed.post/3mvo3fjxyhpp2,did:plc:uojespnlnr2skq7sbbdasg3l,2026-09-16T21:27:45+00:00,bluesky,true,true,false,true,relevant,relevant,irrelevant,llm_v2b>llm_v2c>llm_v2d,llm_v2b@2026-09-22T06:02:28.700376+00:00,9da653163799d56c+ca3b837dd0b3e85c,user,Qwen/Qwen3-4B-Instruct-2507,derived_validated,
91222,at://did:plc:ppblad4zr4ogqkgdff7asa6l/app.bsky.feed.post/3mvnztvdgux2d,did:plc:ppblad4zr4ogqkgdff7asa6l,2026-09-16T21:00:06.796797+00:00,bluesky,true,true,false,true,relevant,relevant,irrelevant,llm_v2b>llm_v2c>llm_v2d,llm_v2b@2026-09-22T06:02:28.700376+00:00,9da653163799d56c+ca3b837dd0b3e85c,user,Qwen/Qwen3-4B-Instruct-2507,derived_validated,
91490,at://did:plc:75zi2olk2o5dhgecktggd23c/app.bsky.feed.post/3mvnxqonfpc2u,did:plc:75zi2olk2o5dhgecktggd23c,2026-09-16T20:22:31.737000+00:00,bluesky,true,true,false,true,relevant,relevant,irrelevant,llm_v2b>llm_v2c>llm_v2d,llm_v2b@2026-09-22T06:02:28.700376+00:00,9da653163799d56c+ca3b837dd0b3e85c,user,Qwen/Qwen3-4B-Instruct-2507,derived_validated,
91622,at://did:plc:jz3yn5ec4apvlpiea5donse7/app.bsky.feed.post/3mvnwa3baps2h,did:plc:jz3yn5ec4apvlpiea5donse7,2026-09-16T19:55:20.803000+00:00,bluesky,true,true,false,true,relevant,relevant,irrelevant,llm_v2b>llm_v2c>llm_v2d,llm_v2b@2026-09-22T06:02:28.700376+00:00,9da653163799d56c+ca3b837dd0b3e85c,user,Qwen/Qwen3-4B-Instruct-2507,derived_validated,
91783,at://did:plc:nphbvail7k2n2jy4rmqp3jge/app.bsky.feed.post/3mvn6zsrrqs2j,did:plc:nphbvail7k2n2jy4rmqp3jge,2026-09-16T13:00:14.519000+00:00,bluesky,false,false,true,true,irrelevant,irrelevant,relevant,llm_v2b>llm_v2c>llm_v2d,,,,,deterministic_rules,
91830,at://did:plc:qohmu7qk3uudnqr4vhliaayk/app.bsky.feed.post/3mvmt3btr2c27,did:plc:qohmu7qk3uudnqr4vhliaayk,2026-09-16T09:26:18.961000+00:00,bluesky,false,false,true,true,irrelevant,irrelevant,relevant,llm_v2b>llm_v2c>llm_v2d,,,,,deterministic_rules,
91920,at://did:plc:jk5cjbjmnbl2dnx24zurqn23/app.bsky.feed.post/3mvnuid4zhb2v,did:plc:jk5cjbjmnbl2dnx24zurqn23,2026-09-16T19:24:08.370242+00:00,bluesky,true,true,false,true,relevant,relevant,irrelevant,llm_v2b>llm_v2c>llm_v2d,llm_v2b@2026-09-22T06:02:28.700376+00:00,9da653163799d56c+ca3b837dd0b3e85c,user,Qwen/Qwen3-4B-Instruct-2507,derived_validated,
91976,at://did:plc:qfcveel64wpn6shhk5frugrr/app.bsky.feed.post/3mvnyj6u2ys27,did:plc:qfcveel64wpn6shhk5frugrr,2026-09-16T20:36:14.040000+00:00,bluesky,true,true,true,true,relevant,relevant,relevant,llm_v2b>llm_v2c>llm_v2d,llm_v2b@2026-09-22T06:02:28.700376+00:00,9da653163799d56c+ca3b837dd0b3e85c,user,Qwen/Qwen3-4B-Instruct-2507,derived_validated,
92012,at://did:plc:druwo2b6c4anfaj3homobmub/app.bsky.feed.post/3mvnav2sdac2n,did:plc:druwo2b6c4anfaj3homobmub,2026-09-16T13:33:22.637000+00:00,bluesky,true,true,true,true,relevant,relevant,relevant,llm_v2b>llm_v2c>llm_v2d,llm_v2b@2026-09-22T06:02:28.700376+00:00,9da653163799d56c+ca3b837dd0b3e85c,user,Qwen/Qwen3-4B-Instruct-2507,derived_validated,
92227,at://did:plc:6kes6jjmzmn4a6nac4v2btlu/app.bsky.feed.post/3mvo4uvhlqv2z,did:plc:6kes6jjmzmn4a6nac4v2btlu,2026-09-16T21:54:21.733935+00:00,bluesky,true,true,true,true,relevant,relevant,relevant,llm_v2b>llm_v2c>llm_v2d,llm_v2b@2026-09-22T06:02:28.700376+00:00,9da653163799d56c+ca3b837dd0b3e85c,user,Qwen/Qwen3-4B-Instruct-2507,derived_validated,
92228,at://did:plc:6gssgguzeecdttuw4gpdshg2/app.bsky.feed.post/3mvo3yjkg4s2o,did:plc:6gssgguzeecdttuw4gpdshg2,2026-09-16T21:38:29.800000+00:00,bluesky,true,true,false,true,relevant,relevant,irrelevant,llm_v2b>llm_v2c>llm_v2d,llm_v2b@2026-09-22T06:02:28.700376+00:00,9da653163799d56c+ca3b837dd0b3e85c,user,Qwen/Qwen3-4B-Instruct-2507,derived_validated,
92230,at://did:plc:sm3mytgu2daw6ymel4ifnkkw/app.bsky.feed.post/3mvo2goaqbs26,did:plc:sm3mytgu2daw6ymel4ifnkkw,2026-09-16T21:10:37.003000+00:00,bluesky,true,true,false,true,relevant,relevant,irrelevant,llm_v2b>llm_v2c>llm_v2d,llm_v2b@2026-09-22T06:02:28.700376+00:00,9da653163799d56c+ca3b837dd0b3e85c,user,Qwen/Qwen3-4B-Instruct-2507,derived_validated,
92271,at://did:plc:le5b7ym7mphxuaaakfrgkfa6/app.bsky.feed.post/3mvlwiyewhs23,did:plc:le5b7ym7mphxuaaakfrgkfa6,2026-09-16T00:55:00.292000+00:00,bluesky,true,true,true,true,relevant,relevant,relevant,llm_v2b>llm_v2c>llm_v2d,llm_v2b@2026-09-22T06:02:28.700376+00:00,9da653163799d56c+ca3b837dd0b3e85c,user,Qwen/Qwen3-4B-Instruct-2507,derived_validated,
92293,at://did:plc:a7kzhcx6gfnf7doxosshhwuh/app.bsky.feed.post/3mvoaz7jf352l,did:plc:a7kzhcx6gfnf7doxosshhwuh,2026-09-16T23:08:21.239308+00:00,bluesky,true,true,false,true,relevant,relevant,irrelevant,llm_v2b>llm_v2c>llm_v2d,llm_v2b@2026-09-22T06:02:28.700376+00:00,9da653163799d56c+ca3b837dd0b3e85c,user,Qwen/Qwen3-4B-Instruct-2507,derived_validated,
92300,at://did:plc:a3ao5kas7dyi5ooog5saz2ko/app.bsky.feed.post/3mvoaj3p3pn2x,did:plc:a3ao5kas7dyi5ooog5saz2ko,2026-09-16T22:59:20.593000+00:00,bluesky,true,true,false,true,relevant,relevant,irrelevant,llm_v2b>llm_v2c>llm_v2d,llm_v2b@2026-09-22T06:02:28.700376+00:00,9da653163799d56c+ca3b837dd0b3e85c,user,Qwen/Qwen3-4B-Instruct-2507,derived_validated,
92301,at://did:plc:a3ao5kas7dyi5ooog5saz2ko/app.bsky.feed.post/3mvoaj3bxzx2d,did:plc:a3ao5kas7dyi5ooog5saz2ko,2026-09-16T22:59:20.165000+00:00,bluesky,true,true,false,true,relevant,relevant,irrelevant,llm_v2b>llm_v2c>llm_v2d,llm_v2b@2026-09-22T06:02:28.700376+00:00,9da653163799d56c+ca3b837dd0b3e85c,user,Qwen/Qwen3-4B-Instruct-2507,derived_validated,
92396,at://did:plc:u6celkmubfsmbus5m3aqcrla/app.bsky.feed.post/3mvnribemrc2l,did:plc:u6celkmubfsmbus5m3aqcrla,2026-09-16T18:30:26+00:00,bluesky,true,true,false,true,relevant,relevant,irrelevant,llm_v2b>llm_v2c>llm_v2d,llm_v2b@2026-09-22T06:02:28.700376+00:00,9da653163799d56c+ca3b837dd0b3e85c,user,Qwen/Qwen3-4B-Instruct-2507,derived_validated,
92525,at://did:plc:2pgnv3aw5dhgz47345v5nfpu/app.bsky.feed.post/3mvnht2jpgs2e,did:plc:2pgnv3aw5dhgz47345v5nfpu,2026-09-16T15:37:31.363727+00:00,bluesky,true,true,false,true,relevant,relevant,irrelevant,llm_v2b>llm_v2c>llm_v2d,llm_v2b@2026-09-22T06:02:28.700376+00:00,9da653163799d56c+ca3b837dd0b3e85c,user,Qwen/Qwen3-4B-Instruct-2507,derived_validated,
92556,at://did:plc:q5m4pspc6zmqru6b4dpg65yv/app.bsky.feed.post/3mvnef4sg5e2q,did:plc:q5m4pspc6zmqru6b4dpg65yv,2026-09-16T14:36:02.734886+00:00,bluesky,true,true,false,true,relevant,relevant,irrelevant,llm_v2b>llm_v2c>llm_v2d,llm_v2b@2026-09-22T06:02:28.700376+00:00,9da653163799d56c+ca3b837dd0b3e85c,user,Qwen/Qwen3-4B-Instruct-2507,derived_validated,
92673,at://did:plc:zhe53h7ajlloep2oso5pqxzj/app.bsky.feed.post/3mvmyuslcf224,did:plc:zhe53h7ajlloep2oso5pqxzj,2026-09-16T11:10:01+00:00,bluesky,true,true,false,true,relevant,relevant,irrelevant,llm_v2b>llm_v2c>llm_v2d,llm_v2b@2026-09-22T06:02:28.700376+00:00,9da653163799d56c+ca3b837dd0b3e85c,user,Qwen/Qwen3-4B-Instruct-2507,derived_validated,
92681,at://did:plc:zhe53h7ajlloep2oso5pqxzj/app.bsky.feed.post/3mvmycy6f5m25,did:plc:zhe53h7ajlloep2oso5pqxzj,2026-09-16T11:00:02+00:00,bluesky,true,true,false,true,relevant,relevant,irrelevant,llm_v2b>llm_v2c>llm_v2d,llm_v2b@2026-09-22T06:02:28.700376+00:00,9da653163799d56c+ca3b837dd0b3e85c,user,Qwen/Qwen3-4B-Instruct-2507,derived_validated,
92682,at://did:plc:zhe53h7ajlloep2oso5pqxzj/app.bsky.feed.post/3mvmxr57op32t,did:plc:zhe53h7ajlloep2oso5pqxzj,2026-09-16T10:50:01+00:00,bluesky,true,true,false,true,relevant,relevant,irrelevant,llm_v2b>llm_v2c>llm_v2d,llm_v2b@2026-09-22T06:02:28.700376+00:00,9da653163799d56c+ca3b837dd0b3e85c,user,Qwen/Qwen3-4B-Instruct-2507,derived_validated,
92755,at://did:plc:it4u4auilfzs3h6uqbmugfcn/app.bsky.feed.post/3mvmoum4aw52h,did:plc:it4u4auilfzs3h6uqbmugfcn,2026-09-16T08:10:59.871520+00:00,bluesky,true,true,false,true,relevant,relevant,irrelevant,llm_v2b>llm_v2c>llm_v2d,llm_v2b@2026-09-22T06:02:28.700376+00:00,9da653163799d56c+ca3b837dd0b3e85c,user,Qwen/Qwen3-4B-Instruct-2507,derived_validated,
92769,at://did:plc:zhe53h7ajlloep2oso5pqxzj/app.bsky.feed.post/3mvmnpbkd572r,did:plc:zhe53h7ajlloep2oso5pqxzj,2026-09-16T07:50:01+00:00,bluesky,true,true,false,true,relevant,relevant,irrelevant,llm_v2b>llm_v2c>llm_v2d,llm_v2b@2026-09-22T06:02:28.700376+00:00,9da653163799d56c+ca3b837dd0b3e85c,user,Qwen/Qwen3-4B-Instruct-2507,derived_validated,
92838,at://did:plc:hufjjwwkxxsf5ztkce2ircwo/app.bsky.feed.post/3mvmhjbkd5t22,did:plc:hufjjwwkxxsf5ztkce2ircwo,2026-09-16T05:59:23.123000+00:00,bluesky,true,true,false,true,relevant,relevant,irrelevant,llm_v2b>llm_v2c>llm_v2d,llm_v2b@2026-09-22T06:02:28.700376+00:00,9da653163799d56c+ca3b837dd0b3e85c,user,Qwen/Qwen3-4B-Instruct-2507,derived_validated,
92841,at://did:plc:gfanuxztw23oyks6n2owgipu/app.bsky.feed.post/3mvmgihhh5c2h,did:plc:gfanuxztw23oyks6n2owgipu,2026-09-16T05:41:02.417000+00:00,bluesky,true,true,false,true,relevant,relevant,irrelevant,llm_v2b>llm_v2c>llm_v2d,llm_v2b@2026-09-22T06:02:28.700376+00:00,9da653163799d56c+ca3b837dd0b3e85c,user,Qwen/Qwen3-4B-Instruct-2507,derived_validated,
92862,at://did:plc:zhe53h7ajlloep2oso5pqxzj/app.bsky.feed.post/3mvme7cocsb2w,did:plc:zhe53h7ajlloep2oso5pqxzj,2026-09-16T05:00:01+00:00,bluesky,true,true,false,true,relevant,relevant,irrelevant,llm_v2b>llm_v2c>llm_v2d,llm_v2b@2026-09-22T06:02:28.700376+00:00,9da653163799d56c+ca3b837dd0b3e85c,user,Qwen/Qwen3-4B-Instruct-2507,derived_validated,
92863,at://did:plc:zhe53h7ajlloep2oso5pqxzj/app.bsky.feed.post/3mvme77zlib2y,did:plc:zhe53h7ajlloep2oso5pqxzj,2026-09-16T05:00:01+00:00,bluesky,true,true,false,true,relevant,relevant,irrelevant,llm_v2b>llm_v2c>llm_v2d,llm_v2b@2026-09-22T06:02:28.700376+00:00,9da653163799d56c+ca3b837dd0b3e85c,user,Qwen/Qwen3-4B-Instruct-2507,derived_validated,
92866,at://did:plc:zhe53h7ajlloep2oso5pqxzj/app.bsky.feed.post/3mvmdnemcih25,did:plc:zhe53h7ajlloep2oso5pqxzj,2026-09-16T04:50:02+00:00,bluesky,true,true,false,true,relevant,relevant,irrelevant,llm_v2b>llm_v2c>llm_v2d,llm_v2b@2026-09-22T06:02:28.700376+00:00,9da653163799d56c+ca3b837dd0b3e85c,user,Qwen/Qwen3-4B-Instruct-2507,derived_validated,
92897,at://did:plc:spzmgpshuuwostqxvorzb6ul/app.bsky.feed.post/3mvmav6lgpu2z,did:plc:spzmgpshuuwostqxvorzb6ul,2026-09-16T04:00:46.510159+00:00,bluesky,true,true,false,true,relevant,relevant,irrelevant,llm_v2b>llm_v2c>llm_v2d,llm_v2b@2026-09-22T06:02:28.700376+00:00,9da653163799d56c+ca3b837dd0b3e85c,user,Qwen/Qwen3-4B-Instruct-2507,derived_validated,
93239,at://did:plc:k7w5tf7gws2uyhgick3frdld/app.bsky.feed.post/3mvmk6wco722k,did:plc:k7w5tf7gws2uyhgick3frdld,2026-09-16T06:47:17.412000+00:00,bluesky,true,true,false,true,relevant,relevant,irrelevant,llm_v2b>llm_v2c>llm_v2d,llm_v2b@2026-09-22T06:02:28.700376+00:00,9da653163799d56c+ca3b837dd0b3e85c,user,Qwen/Qwen3-4B-Instruct-2507,derived_validated,
93250,at://did:plc:wn5vb2qhnv56rmvz3jji7ww7/app.bsky.feed.post/3mvm67xkf5h22,did:plc:wn5vb2qhnv56rmvz3jji7ww7,2026-09-16T03:13:07.130000+00:00,bluesky,true,true,false,true,relevant,relevant,irrelevant,llm_v2b>llm_v2c>llm_v2d,llm_v2b@2026-09-22T06:02:28.700376+00:00,9da653163799d56c+ca3b837dd0b3e85c,user,Qwen/Qwen3-4B-Instruct-2507,derived_validated,
93251,at://did:plc:2trov5yqgladnr3pt3w3ffo3/app.bsky.feed.post/3mvltppblb523,did:plc:2trov5yqgladnr3pt3w3ffo3,2026-09-16T00:05:02+00:00,bluesky,true,true,false,true,relevant,relevant,irrelevant,llm_v2b>llm_v2c>llm_v2d,llm_v2b@2026-09-22T06:02:28.700376+00:00,9da653163799d56c+ca3b837dd0b3e85c,user,Qwen/Qwen3-4B-Instruct-2507,derived_validated,
93292,at://did:plc:55xm5fd5lnhlljkv7hp6uin3/app.bsky.feed.post/3mvmz6kk45k2k,did:plc:55xm5fd5lnhlljkv7hp6uin3,2026-09-16T11:15:31.467000+00:00,bluesky,true,true,false,true,relevant,relevant,irrelevant,llm_v2b>llm_v2c>llm_v2d,llm_v2b@2026-09-22T06:02:28.700376+00:00,9da653163799d56c+ca3b837dd0b3e85c,user,Qwen/Qwen3-4B-Instruct-2507,derived_validated,
93293,at://did:plc:236mwzduwwykthn7xa6hcqh2/app.bsky.feed.post/3mvmz3v5f4x2s,did:plc:236mwzduwwykthn7xa6hcqh2,2026-09-16T11:14:03.263000+00:00,bluesky,true,true,false,true,relevant,relevant,irrelevant,llm_v2b>llm_v2c>llm_v2d,llm_v2b@2026-09-22T06:02:28.700376+00:00,9da653163799d56c+ca3b837dd0b3e85c,user,Qwen/Qwen3-4B-Instruct-2507,derived_validated,
93304,at://did:plc:ysvazr3jicwi4v5mhws3q4hq/app.bsky.feed.post/3mvmhlac4fa2o,did:plc:ysvazr3jicwi4v5mhws3q4hq,2026-09-16T06:00:27.926976+00:00,bluesky,true,true,false,true,relevant,relevant,irrelevant,llm_v2b>llm_v2c>llm_v2d,llm_v2b@2026-09-22T06:02:28.700376+00:00,9da653163799d56c+ca3b837dd0b3e85c,user,Qwen/Qwen3-4B-Instruct-2507,derived_validated,
93384,at://did:plc:7h7srlskyboefvfqmbgy2wax/app.bsky.feed.post/3mvq4wtbybm27,did:plc:7h7srlskyboefvfqmbgy2wax,2026-09-17T17:00:44+00:00,bluesky,true,true,true,true,relevant,relevant,relevant,llm_v2b>llm_v2c>llm_v2d,llm_v2b@2026-09-22T06:02:28.700376+00:00,9da653163799d56c+ca3b837dd0b3e85c,user,Qwen/Qwen3-4B-Instruct-2507,derived_validated,
93413,at://did:plc:5cjtlwhckfhm5oidxvvqxsrz/app.bsky.feed.post/3mvpyfocous2n,did:plc:5cjtlwhckfhm5oidxvvqxsrz,2026-09-17T15:39:35.218145+00:00,bluesky,true,true,false,true,relevant,relevant,irrelevant,llm_v2b>llm_v2c>llm_v2d,llm_v2b@2026-09-22T06:02:28.700376+00:00,9da653163799d56c+ca3b837dd0b3e85c,user,Qwen/Qwen3-4B-Instruct-2507,derived_validated,
93419,at://did:plc:sj7x2xctlsf6pilv4chfnz3t/app.bsky.feed.post/3mvpxymeqks2t,did:plc:sj7x2xctlsf6pilv4chfnz3t,2026-09-17T15:32:16.359000+00:00,bluesky,true,true,false,true,relevant,relevant,irrelevant,llm_v2b>llm_v2c>llm_v2d,llm_v2b@2026-09-22T06:02:28.700376+00:00,9da653163799d56c+ca3b837dd0b3e85c,user,Qwen/Qwen3-4B-Instruct-2507,derived_validated,
93427,at://did:plc:hh3brnksirhma2rymwtpnp5w/app.bsky.feed.post/3mvpxephaxg2c,did:plc:hh3brnksirhma2rymwtpnp5w,2026-09-17T15:21:09.161929+00:00,bluesky,true,true,false,true,relevant,relevant,irrelevant,llm_v2b>llm_v2c>llm_v2d,llm_v2b@2026-09-22T06:02:28.700376+00:00,9da653163799d56c+ca3b837dd0b3e85c,user,Qwen/Qwen3-4B-Instruct-2507,derived_validated,
93428,at://did:plc:u5d54hkw4ysuqtuvcj6cmsin/app.bsky.feed.post/3mvpx2inoco2l,did:plc:u5d54hkw4ysuqtuvcj6cmsin,2026-09-17T15:15:26.686837+00:00,bluesky,true,true,true,true,relevant,relevant,relevant,llm_v2b>llm_v2c>llm_v2d,llm_v2b@2026-09-22T06:02:28.700376+00:00,9da653163799d56c+ca3b837dd0b3e85c,user,Qwen/Qwen3-4B-Instruct-2507,derived_validated,
93464,at://did:plc:u5d54hkw4ysuqtuvcj6cmsin/app.bsky.feed.post/3mvpuegdtkm25,did:plc:u5d54hkw4ysuqtuvcj6cmsin,2026-09-17T14:27:18.584007+00:00,bluesky,true,true,false,true,relevant,relevant,irrelevant,llm_v2b>llm_v2c>llm_v2d,llm_v2b@2026-09-22T06:02:28.700376+00:00,9da653163799d56c+ca3b837dd0b3e85c,user,Qwen/Qwen3-4B-Instruct-2507,derived_validated,
93509,at://did:plc:u6celkmubfsmbus5m3aqcrla/app.bsky.feed.post/3mvpmykcfdt2l,did:plc:u6celkmubfsmbus5m3aqcrla,2026-09-17T12:15:23+00:00,bluesky,true,true,true,true,relevant,relevant,relevant,llm_v2b>llm_v2c>llm_v2d,llm_v2b@2026-09-22T06:02:28.700376+00:00,9da653163799d56c+ca3b837dd0b3e85c,user,Qwen/Qwen3-4B-Instruct-2507,derived_validated,
93563,at://did:plc:u5d54hkw4ysuqtuvcj6cmsin/app.bsky.feed.post/3mvp3vhy3jj2w,did:plc:u5d54hkw4ysuqtuvcj6cmsin,2026-09-17T07:09:27.165998+00:00,bluesky,true,true,false,true,relevant,relevant,irrelevant,llm_v2b>llm_v2c>llm_v2d,llm_v2b@2026-09-22T06:02:28.700376+00:00,9da653163799d56c+ca3b837dd0b3e85c,user,Qwen/Qwen3-4B-Instruct-2507,derived_validated,
93619,at://did:plc:vjlzmzpkrou44q7udrogms2m/app.bsky.feed.post/3mvqkesg6a72v,did:plc:vjlzmzpkrou44q7udrogms2m,2026-09-17T21:01:13+00:00,bluesky,true,true,false,true,relevant,relevant,irrelevant,llm_v2b>llm_v2c>llm_v2d,llm_v2b@2026-09-22T06:02:28.700376+00:00,9da653163799d56c+ca3b837dd0b3e85c,user,Qwen/Qwen3-4B-Instruct-2507,derived_validated,
93697,at://did:plc:45l4jq2f7cqvzzu3qvnygv46/app.bsky.feed.post/3mvpqa6nwhk2s,did:plc:45l4jq2f7cqvzzu3qvnygv46,2026-09-17T13:13:21.390000+00:00,bluesky,true,true,false,true,relevant,relevant,irrelevant,llm_v2b>llm_v2c>llm_v2d,llm_v2b@2026-09-22T06:02:28.700376+00:00,9da653163799d56c+ca3b837dd0b3e85c,user,Qwen/Qwen3-4B-Instruct-2507,derived_validated,
93775,at://did:plc:mvw7btcxe6jgznss25lcmus7/app.bsky.feed.post/3mvofi7agac26,did:plc:mvw7btcxe6jgznss25lcmus7,2026-09-17T00:28:19.533000+00:00,bluesky,true,true,false,true,relevant,relevant,irrelevant,llm_v2b>llm_v2c>llm_v2d,llm_v2b@2026-09-22T06:02:28.700376+00:00,9da653163799d56c+ca3b837dd0b3e85c,user,Qwen/Qwen3-4B-Instruct-2507,derived_validated,
93807,at://did:plc:e2imm7mt4d3tdkq2hc2tp524/app.bsky.feed.post/3mvqe4e73po2f,did:plc:e2imm7mt4d3tdkq2hc2tp524,2026-09-17T19:09:07.780512+00:00,bluesky,true,true,false,true,relevant,relevant,irrelevant,llm_v2b>llm_v2c>llm_v2d,llm_v2b@2026-09-22T06:02:28.700376+00:00,9da653163799d56c+ca3b837dd0b3e85c,user,Qwen/Qwen3-4B-Instruct-2507,derived_validated,
93821,at://did:plc:52x4hgh43acag3ecs2qi57tr/app.bsky.feed.post/3mvqasgilyc2b,did:plc:52x4hgh43acag3ecs2qi57tr,2026-09-17T18:09:53.454000+00:00,bluesky,true,true,true,true,relevant,relevant,relevant,llm_v2b>llm_v2c>llm_v2d,llm_v2b@2026-09-22T06:02:28.700376+00:00,9da653163799d56c+ca3b837dd0b3e85c,user,Qwen/Qwen3-4B-Instruct-2507,derived_validated,
93828,at://did:plc:muw5gsnsqef3ezjrqyqhkye5/app.bsky.feed.post/3mvq6ercky22t,did:plc:muw5gsnsqef3ezjrqyqhkye5,2026-09-17T17:26:27.544000+00:00,bluesky,true,true,true,true,relevant,relevant,relevant,llm_v2b>llm_v2c>llm_v2d,llm_v2b@2026-09-22T06:02:28.700376+00:00,9da653163799d56c+ca3b837dd0b3e85c,user,Qwen/Qwen3-4B-Instruct-2507,derived_validated,
93851,at://did:plc:sj7x2xctlsf6pilv4chfnz3t/app.bsky.feed.post/3mvpxy2j5cz2v,did:plc:sj7x2xctlsf6pilv4chfnz3t,2026-09-17T15:31:57.503000+00:00,bluesky,true,true,false,true,relevant,relevant,irrelevant,llm_v2b>llm_v2c>llm_v2d,llm_v2b@2026-09-22T06:02:28.700376+00:00,9da653163799d56c+ca3b837dd0b3e85c,user,Qwen/Qwen3-4B-Instruct-2507,derived_validated,
93886,at://did:plc:6uqqv7asv2xsxwn224tyexng/app.bsky.feed.post/3mvplkdb3as2u,did:plc:6uqqv7asv2xsxwn224tyexng,2026-09-17T11:49:33.047000+00:00,bluesky,false,false,true,true,irrelevant,irrelevant,relevant,llm_v2b>llm_v2c>llm_v2d,,,,,deterministic_rules,
93896,at://did:plc:4cftweyaifiyd5266vus5cpl/app.bsky.feed.post/3mvphje54h226,did:plc:4cftweyaifiyd5266vus5cpl,2026-09-17T10:37:25.444000+00:00,bluesky,true,true,true,true,relevant,relevant,relevant,llm_v2b>llm_v2c>llm_v2d,llm_v2b@2026-09-22T06:02:28.700376+00:00,9da653163799d56c+ca3b837dd0b3e85c,user,Qwen/Qwen3-4B-Instruct-2507,derived_validated,
93908,at://did:plc:vxzqeu2zbp4bviwvmqbixlps/app.bsky.feed.post/3mvpcyo6z2t2n,did:plc:vxzqeu2zbp4bviwvmqbixlps,2026-09-17T09:16:30.221591+00:00,bluesky,false,false,true,true,irrelevant,irrelevant,relevant,llm_v2b>llm_v2c>llm_v2d,,,,,deterministic_rules,
93926,at://did:plc:fyitqypzz6qaax7ve46hsw52/app.bsky.feed.post/3mvozcxvikf2t,did:plc:fyitqypzz6qaax7ve46hsw52,2026-09-17T06:23:17+00:00,bluesky,true,true,false,true,relevant,relevant,irrelevant,llm_v2b>llm_v2c>llm_v2d,llm_v2b@2026-09-22T06:02:28.700376+00:00,9da653163799d56c+ca3b837dd0b3e85c,user,Qwen/Qwen3-4B-Instruct-2507,derived_validated,
93961,at://did:plc:jxzjpg4p4giu4oycq2oaljip/app.bsky.feed.post/3mvoknxdagi2v,did:plc:jxzjpg4p4giu4oycq2oaljip,2026-09-17T02:01:01.222330+00:00,bluesky,true,true,true,true,relevant,relevant,relevant,llm_v2b>llm_v2c>llm_v2d,llm_v2b@2026-09-22T06:02:28.700376+00:00,9da653163799d56c+ca3b837dd0b3e85c,user,Qwen/Qwen3-4B-Instruct-2507,derived_validated,
93962,at://did:plc:ntt4ddjj5y5iqlkuqi6vatk3/app.bsky.feed.post/3mvoix7tyiu25,did:plc:ntt4ddjj5y5iqlkuqi6vatk3,2026-09-17T01:30:24+00:00,bluesky,true,true,true,true,relevant,relevant,relevant,llm_v2b>llm_v2c>llm_v2d,llm_v2b@2026-09-22T06:02:28.700376+00:00,9da653163799d56c+ca3b837dd0b3e85c,user,Qwen/Qwen3-4B-Instruct-2507,derived_validated,
93965,at://did:plc:namifrcorf6hzy45phd4shvt/app.bsky.feed.post/3mvohe466xj2t,did:plc:namifrcorf6hzy45phd4shvt,2026-09-17T01:01:49.394471+00:00,bluesky,true,true,true,true,relevant,relevant,relevant,llm_v2b>llm_v2c>llm_v2d,llm_v2b@2026-09-22T06:02:28.700376+00:00,9da653163799d56c+ca3b837dd0b3e85c,user,Qwen/Qwen3-4B-Instruct-2507,derived_validated,
93991,at://did:plc:irh4h7zxcorfdagirr4mui4f/app.bsky.feed.post/3mvqbpdhov22t,did:plc:irh4h7zxcorfdagirr4mui4f,2026-09-17T18:26:03.356000+00:00,bluesky,true,true,true,true,relevant,relevant,relevant,llm_v2b>llm_v2c>llm_v2d,llm_v2b@2026-09-22T06:02:28.700376+00:00,9da653163799d56c+ca3b837dd0b3e85c,user,Qwen/Qwen3-4B-Instruct-2507,derived_validated,
94002,at://did:plc:vjyi7xa7gfrsivr7bugrun4q/app.bsky.feed.post/3mvpzxgdeq52k,did:plc:vjyi7xa7gfrsivr7bugrun4q,2026-09-17T16:07:24+00:00,bluesky,true,true,false,true,relevant,relevant,irrelevant,llm_v2b>llm_v2c>llm_v2d,llm_v2b@2026-09-22T06:02:28.700376+00:00,9da653163799d56c+ca3b837dd0b3e85c,user,Qwen/Qwen3-4B-Instruct-2507,derived_validated,
94005,at://did:plc:h35j5ifyttzpjoh57e4qp53g/app.bsky.feed.post/3mvpzc7qrgc2p,did:plc:h35j5ifyttzpjoh57e4qp53g,2026-09-17T15:55:33.292000+00:00,bluesky,true,true,true,true,relevant,relevant,relevant,llm_v2b>llm_v2c>llm_v2d,llm_v2b@2026-09-22T06:02:28.700376+00:00,9da653163799d56c+ca3b837dd0b3e85c,user,Qwen/Qwen3-4B-Instruct-2507,derived_validated,
94038,at://did:plc:jc3uvsfby2oxtcqomg4k2m5b/app.bsky.feed.post/3mvpdr57agu2k,did:plc:jc3uvsfby2oxtcqomg4k2m5b,2026-09-17T09:30:11+00:00,bluesky,true,true,true,true,relevant,relevant,relevant,llm_v2b>llm_v2c>llm_v2d,llm_v2b@2026-09-22T06:02:28.700376+00:00,9da653163799d56c+ca3b837dd0b3e85c,user,Qwen/Qwen3-4B-Instruct-2507,derived_validated,
94058,at://did:plc:yhf2lgbo5svaqxbtnd5sek3o/app.bsky.feed.post/3mvopjkesu22a,did:plc:yhf2lgbo5svaqxbtnd5sek3o,2026-09-17T03:28:02.184000+00:00,bluesky,true,true,false,true,relevant,relevant,irrelevant,llm_v2b>llm_v2c>llm_v2d,llm_v2b@2026-09-22T06:02:28.700376+00:00,9da653163799d56c+ca3b837dd0b3e85c,user,Qwen/Qwen3-4B-Instruct-2507,derived_validated,
94084,at://did:plc:yc2f25cacz5jijxqybduya62/app.bsky.feed.post/3mvqrwslbc22q,did:plc:yc2f25cacz5jijxqybduya62,2026-09-17T23:16:33.952000+00:00,bluesky,true,true,false,true,relevant,relevant,irrelevant,llm_v2b>llm_v2c>llm_v2d,llm_v2b@2026-09-22T06:02:28.700376+00:00,9da653163799d56c+ca3b837dd0b3e85c,user,Qwen/Qwen3-4B-Instruct-2507,derived_validated,
94110,at://did:plc:ch4rt33v2exah7iw3entsz75/app.bsky.feed.post/3mvqpfzaemk2f,did:plc:ch4rt33v2exah7iw3entsz75,2026-09-17T22:31:23.027000+00:00,bluesky,true,true,false,true,relevant,relevant,irrelevant,llm_v2b>llm_v2c>llm_v2d,llm_v2b@2026-09-22T06:02:28.700376+00:00,9da653163799d56c+ca3b837dd0b3e85c,user,Qwen/Qwen3-4B-Instruct-2507,derived_validated,
94117,at://did:plc:u6celkmubfsmbus5m3aqcrla/app.bsky.feed.post/3mvqojhqsst2x,did:plc:u6celkmubfsmbus5m3aqcrla,2026-09-17T22:15:24+00:00,bluesky,true,true,false,true,relevant,relevant,irrelevant,llm_v2b>llm_v2c>llm_v2d,llm_v2b@2026-09-22T06:02:28.700376+00:00,9da653163799d56c+ca3b837dd0b3e85c,user,Qwen/Qwen3-4B-Instruct-2507,derived_validated,
94131,at://did:plc:tlwuhhfj5qvzufkcxctoh4n7/app.bsky.feed.post/3mvqnwq5bic2l,did:plc:tlwuhhfj5qvzufkcxctoh4n7,2026-09-17T22:04:56.429000+00:00,bluesky,true,true,false,true,relevant,relevant,irrelevant,llm_v2b>llm_v2c>llm_v2d,llm_v2b@2026-09-22T06:02:28.700376+00:00,9da653163799d56c+ca3b837dd0b3e85c,user,Qwen/Qwen3-4B-Instruct-2507,derived_validated,
94160,at://did:plc:dpmwlesjodhle7ss5227yvvg/app.bsky.feed.post/3mvqkgtxutn2o,did:plc:dpmwlesjodhle7ss5227yvvg,2026-09-17T21:02:21+00:00,bluesky,false,false,true,true,irrelevant,irrelevant,relevant,llm_v2b>llm_v2c>llm_v2d,,,,,deterministic_rules,
94177,at://did:plc:aro3jplgxhbjbrscu5g3bha3/app.bsky.feed.post/3mvqjlpdkc22x,did:plc:aro3jplgxhbjbrscu5g3bha3,2026-09-17T20:47:11.454000+00:00,bluesky,true,true,true,true,relevant,relevant,relevant,llm_v2b>llm_v2c>llm_v2d,llm_v2b@2026-09-22T06:02:28.700376+00:00,9da653163799d56c+ca3b837dd0b3e85c,user,Qwen/Qwen3-4B-Instruct-2507,derived_validated,
94197,at://did:plc:ng33k5c3zzaulr5m7pshjkhi/app.bsky.feed.post/3mvqhobx4oc2t,did:plc:ng33k5c3zzaulr5m7pshjkhi,2026-09-17T20:12:50.661000+00:00,bluesky,true,true,true,true,relevant,relevant,relevant,llm_v2b>llm_v2c>llm_v2d,llm_v2b@2026-09-22T06:02:28.700376+00:00,9da653163799d56c+ca3b837dd0b3e85c,user,Qwen/Qwen3-4B-Instruct-2507,derived_validated,
94199,at://did:plc:ng33k5c3zzaulr5m7pshjkhi/app.bsky.feed.post/3mvqhjggjp22t,did:plc:ng33k5c3zzaulr5m7pshjkhi,2026-09-17T20:10:07.588000+00:00,bluesky,true,true,true,true,relevant,relevant,relevant,llm_v2b>llm_v2c>llm_v2d,llm_v2b@2026-09-22T06:02:28.700376+00:00,9da653163799d56c+ca3b837dd0b3e85c,user,Qwen/Qwen3-4B-Instruct-2507,derived_validated,
94223,at://did:plc:gdqumykkptobwxvtvg352i5b/app.bsky.feed.post/3mvqfckxwb332,did:plc:gdqumykkptobwxvtvg352i5b,2026-09-17T19:30:04+00:00,bluesky,true,true,false,true,relevant,relevant,irrelevant,llm_v2b>llm_v2c>llm_v2d,llm_v2b@2026-09-22T06:02:28.700376+00:00,9da653163799d56c+ca3b837dd0b3e85c,user,Qwen/Qwen3-4B-Instruct-2507,derived_validated,
94273,at://did:plc:j7v5ev2cxoahz4jmimqbzheg/app.bsky.feed.post/3mvqbhfht3k2r,did:plc:j7v5ev2cxoahz4jmimqbzheg,2026-09-17T18:21:37.015000+00:00,bluesky,true,true,false,true,relevant,relevant,irrelevant,llm_v2b>llm_v2c>llm_v2d,llm_v2b@2026-09-22T06:02:28.700376+00:00,9da653163799d56c+ca3b837dd0b3e85c,user,Qwen/Qwen3-4B-Instruct-2507,derived_validated,
94327,at://did:plc:6dblsm6fgvnnkx74pzfxti75/app.bsky.feed.post/3mvq6jbx2ck2p,did:plc:6dblsm6fgvnnkx74pzfxti75,2026-09-17T17:28:58.911000+00:00,bluesky,true,true,false,true,relevant,relevant,irrelevant,llm_v2b>llm_v2c>llm_v2d,llm_v2b@2026-09-22T06:02:28.700376+00:00,9da653163799d56c+ca3b837dd0b3e85c,user,Qwen/Qwen3-4B-Instruct-2507,derived_validated,
94347,at://did:plc:ppblad4zr4ogqkgdff7asa6l/app.bsky.feed.post/3mvq4voiwx62x,did:plc:ppblad4zr4ogqkgdff7asa6l,2026-09-17T17:00:07.451431+00:00,bluesky,true,true,false,true,relevant,relevant,irrelevant,llm_v2b>llm_v2c>llm_v2d,llm_v2b@2026-09-22T06:02:28.700376+00:00,9da653163799d56c+ca3b837dd0b3e85c,user,Qwen/Qwen3-4B-Instruct-2507,derived_validated,
94348,at://did:plc:gdqumykkptobwxvtvg352i5b/app.bsky.feed.post/3mvq4xambkrc2,did:plc:gdqumykkptobwxvtvg352i5b,2026-09-17T17:00:03+00:00,bluesky,true,true,true,true,relevant,relevant,relevant,llm_v2b>llm_v2c>llm_v2d,llm_v2b@2026-09-22T06:02:28.700376+00:00,9da653163799d56c+ca3b837dd0b3e85c,user,Qwen/Qwen3-4B-Instruct-2507,derived_validated,
94452,at://did:plc:sj7x2xctlsf6pilv4chfnz3t/app.bsky.feed.post/3mvpxxs5pwk2t,did:plc:sj7x2xctlsf6pilv4chfnz3t,2026-09-17T15:31:47.615000+00:00,bluesky,true,true,false,true,relevant,relevant,irrelevant,llm_v2b>llm_v2c>llm_v2d,llm_v2b@2026-09-22T06:02:28.700376+00:00,9da653163799d56c+ca3b837dd0b3e85c,user,Qwen/Qwen3-4B-Instruct-2507,derived_validated,
94453,at://did:plc:ncphlqd2ek6arps77odi3sfc/app.bsky.feed.post/3mvpxwpiuww2k,did:plc:ncphlqd2ek6arps77odi3sfc,2026-09-17T15:31:13.358434+00:00,bluesky,true,true,false,true,relevant,relevant,irrelevant,llm_v2b>llm_v2c>llm_v2d,llm_v2b@2026-09-22T06:02:28.700376+00:00,9da653163799d56c+ca3b837dd0b3e85c,user,Qwen/Qwen3-4B-Instruct-2507,derived_validated,
94482,at://did:plc:xrvbnajja6zt6fpxnf5hd74k/app.bsky.feed.post/3mvpwplwe3c22,did:plc:xrvbnajja6zt6fpxnf5hd74k,2026-09-17T15:09:21.055000+00:00,bluesky,true,true,false,true,relevant,relevant,irrelevant,llm_v2b>llm_v2c>llm_v2d,llm_v2b@2026-09-22T06:02:28.700376+00:00,9da653163799d56c+ca3b837dd0b3e85c,user,Qwen/Qwen3-4B-Instruct-2507,derived_validated,
94503,at://did:plc:mht5ub4ykjuoxpux77hikixt/app.bsky.feed.post/3mvpvjxmftv23,did:plc:mht5ub4ykjuoxpux77hikixt,2026-09-17T14:48:18.068000+00:00,bluesky,true,true,false,true,relevant,relevant,irrelevant,llm_v2b>llm_v2c>llm_v2d,llm_v2b@2026-09-22T06:02:28.700376+00:00,9da653163799d56c+ca3b837dd0b3e85c,user,Qwen/Qwen3-4B-Instruct-2507,derived_validated,
94510,at://did:plc:ersfxbyptvuo7lwz267grx5h/app.bsky.feed.post/3mvpuygs6w22w,did:plc:ersfxbyptvuo7lwz267grx5h,2026-09-17T14:38:30.190000+00:00,bluesky,true,true,false,true,relevant,relevant,irrelevant,llm_v2b>llm_v2c>llm_v2d,llm_v2b@2026-09-22T06:02:28.700376+00:00,9da653163799d56c+ca3b837dd0b3e85c,user,Qwen/Qwen3-4B-Instruct-2507,derived_validated,
94515,at://did:plc:bk2rsuppft7i6r6voztdlcy2/app.bsky.feed.post/3mvpumyrnqd2r,did:plc:bk2rsuppft7i6r6voztdlcy2,2026-09-17T14:32:03+00:00,bluesky,true,true,false,true,relevant,relevant,irrelevant,llm_v2b>llm_v2c>llm_v2d,llm_v2b@2026-09-22T06:02:28.700376+00:00,9da653163799d56c+ca3b837dd0b3e85c,user,Qwen/Qwen3-4B-Instruct-2507,derived_validated,
94523,at://did:plc:yqlug74peayx7dr4xv3mkjgf/app.bsky.feed.post/3mvpu4hi74c2m,did:plc:yqlug74peayx7dr4xv3mkjgf,2026-09-17T14:22:51.379000+00:00,bluesky,true,true,true,true,relevant,relevant,relevant,llm_v2b>llm_v2c>llm_v2d,llm_v2b@2026-09-22T06:02:28.700376+00:00,9da653163799d56c+ca3b837dd0b3e85c,user,Qwen/Qwen3-4B-Instruct-2507,derived_validated,
94524,at://did:plc:yqlug74peayx7dr4xv3mkjgf/app.bsky.feed.post/3mvpu4hhuek2m,did:plc:yqlug74peayx7dr4xv3mkjgf,2026-09-17T14:22:51.378000+00:00,bluesky,true,true,true,true,relevant,relevant,relevant,llm_v2b>llm_v2c>llm_v2d,llm_v2b@2026-09-22T06:02:28.700376+00:00,9da653163799d56c+ca3b837dd0b3e85c,user,Qwen/Qwen3-4B-Instruct-2507,derived_validated,
94574,at://did:plc:mri4qfwjhti5j4c3ob5vtudy/app.bsky.feed.post/3mvps2rgyrs2n,did:plc:mri4qfwjhti5j4c3ob5vtudy,2026-09-17T13:46:07.243000+00:00,bluesky,true,true,false,true,relevant,relevant,irrelevant,llm_v2b>llm_v2c>llm_v2d,llm_v2b@2026-09-22T06:02:28.700376+00:00,9da653163799d56c+ca3b837dd0b3e85c,user,Qwen/Qwen3-4B-Instruct-2507,derived_validated,
94594,at://did:plc:wbc4ucqgvgrpwwxguyh7veqy/app.bsky.feed.post/3mvpqq4wwrs26,did:plc:wbc4ucqgvgrpwwxguyh7veqy,2026-09-17T13:22:16.459000+00:00,bluesky,true,true,true,true,relevant,relevant,relevant,llm_v2b>llm_v2c>llm_v2d,llm_v2b@2026-09-22T06:02:28.700376+00:00,9da653163799d56c+ca3b837dd0b3e85c,user,Qwen/Qwen3-4B-Instruct-2507,derived_validated,
94602,at://did:plc:ftuxbdbiab56fgcati5nuavn/app.bsky.feed.post/3mvppwosrtk2r,did:plc:ftuxbdbiab56fgcati5nuavn,2026-09-17T13:08:02.782000+00:00,bluesky,true,true,false,true,relevant,relevant,irrelevant,llm_v2b>llm_v2c>llm_v2d,llm_v2b@2026-09-22T06:02:28.700376+00:00,9da653163799d56c+ca3b837dd0b3e85c,user,Qwen/Qwen3-4B-Instruct-2507,derived_validated,
94619,at://did:plc:45l4jq2f7cqvzzu3qvnygv46/app.bsky.feed.post/3mvppfzs4ec2x,did:plc:45l4jq2f7cqvzzu3qvnygv46,2026-09-17T12:58:43.869000+00:00,bluesky,true,true,false,true,relevant,relevant,irrelevant,llm_v2b>llm_v2c>llm_v2d,llm_v2b@2026-09-22T06:02:28.700376+00:00,9da653163799d56c+ca3b837dd0b3e85c,user,Qwen/Qwen3-4B-Instruct-2507,derived_validated,
94626,at://did:plc:jrfrxm7ahfafxt7nooovdmix/app.bsky.feed.post/3mvposgzhib2g,did:plc:jrfrxm7ahfafxt7nooovdmix,2026-09-17T12:47:46+00:00,bluesky,true,true,false,true,relevant,relevant,irrelevant,llm_v2b>llm_v2c>llm_v2d,llm_v2b@2026-09-22T06:02:28.700376+00:00,9da653163799d56c+ca3b837dd0b3e85c,user,Qwen/Qwen3-4B-Instruct-2507,derived_validated,
94703,at://did:plc:mri4qfwjhti5j4c3ob5vtudy/app.bsky.feed.post/3mvpjdzhr4k2f,did:plc:mri4qfwjhti5j4c3ob5vtudy,2026-09-17T11:10:13.970000+00:00,bluesky,true,true,false,true,relevant,relevant,irrelevant,llm_v2b>llm_v2c>llm_v2d,llm_v2b@2026-09-22T06:02:28.700376+00:00,9da653163799d56c+ca3b837dd0b3e85c,user,Qwen/Qwen3-4B-Instruct-2507,derived_validated,
94715,at://did:plc:fozzbhhdmk6sch52su2ney4e/app.bsky.feed.post/3mvpitfjvei24,did:plc:fozzbhhdmk6sch52su2ney4e,2026-09-17T11:00:55.517027+00:00,bluesky,true,true,true,true,relevant,relevant,relevant,llm_v2b>llm_v2c>llm_v2d,llm_v2b@2026-09-22T06:02:28.700376+00:00,9da653163799d56c+ca3b837dd0b3e85c,user,Qwen/Qwen3-4B-Instruct-2507,derived_validated,
94745,at://did:plc:ztw7f6x4e4kdccsuzgcxhart/app.bsky.feed.post/3mvpgkcmwtk2l,did:plc:ztw7f6x4e4kdccsuzgcxhart,2026-09-17T10:20:03.675000+00:00,bluesky,true,true,false,true,relevant,relevant,irrelevant,llm_v2b>llm_v2c>llm_v2d,llm_v2b@2026-09-22T06:02:28.700376+00:00,9da653163799d56c+ca3b837dd0b3e85c,user,Qwen/Qwen3-4B-Instruct-2507,derived_validated,
94746,at://did:plc:45l4jq2f7cqvzzu3qvnygv46/app.bsky.feed.post/3mvpgjgnvac2v,did:plc:45l4jq2f7cqvzzu3qvnygv46,2026-09-17T10:19:34.349000+00:00,bluesky,true,true,false,true,relevant,relevant,irrelevant,llm_v2b>llm_v2c>llm_v2d,llm_v2b@2026-09-22T06:02:28.700376+00:00,9da653163799d56c+ca3b837dd0b3e85c,user,Qwen/Qwen3-4B-Instruct-2507,derived_validated,
94763,at://did:plc:pcievrygrnjjg5ni7mjfgctb/app.bsky.feed.post/3mvpfgmfnac2d,did:plc:pcievrygrnjjg5ni7mjfgctb,2026-09-17T10:00:05.510000+00:00,bluesky,true,true,false,true,relevant,relevant,irrelevant,llm_v2b>llm_v2c>llm_v2d,llm_v2b@2026-09-22T06:02:28.700376+00:00,9da653163799d56c+ca3b837dd0b3e85c,user,Qwen/Qwen3-4B-Instruct-2507,derived_validated,
94767,at://did:plc:4z3yzw36v7ywbf5cqh54nmxz/app.bsky.feed.post/3mvpf3tgftq2n,did:plc:4z3yzw36v7ywbf5cqh54nmxz,2026-09-17T09:54:04+00:00,bluesky,true,true,false,true,relevant,relevant,irrelevant,llm_v2b>llm_v2c>llm_v2d,llm_v2b@2026-09-22T06:02:28.700376+00:00,9da653163799d56c+ca3b837dd0b3e85c,user,Qwen/Qwen3-4B-Instruct-2507,derived_validated,
94769,at://did:plc:dh54hguan5ec5nf4nprkd5px/app.bsky.feed.post/3mvpezkn6nm2v,did:plc:dh54hguan5ec5nf4nprkd5px,2026-09-17T09:52:26.580000+00:00,bluesky,true,true,false,true,relevant,relevant,irrelevant,llm_v2b>llm_v2c>llm_v2d,llm_v2b@2026-09-22T06:02:28.700376+00:00,9da653163799d56c+ca3b837dd0b3e85c,user,Qwen/Qwen3-4B-Instruct-2507,derived_validated,
94770,at://did:plc:2k6avu5mrlxqqwsfceza2g3w/app.bsky.feed.post/3mvpezghzgu2v,did:plc:2k6avu5mrlxqqwsfceza2g3w,2026-09-17T09:52:26.580000+00:00,bluesky,true,true,false,true,relevant,relevant,irrelevant,llm_v2b>llm_v2c>llm_v2d,llm_v2b@2026-09-22T06:02:28.700376+00:00,9da653163799d56c+ca3b837dd0b3e85c,user,Qwen/Qwen3-4B-Instruct-2507,derived_validated,
94797,at://did:plc:mri4qfwjhti5j4c3ob5vtudy/app.bsky.feed.post/3mvpcing4vc2k,did:plc:mri4qfwjhti5j4c3ob5vtudy,2026-09-17T09:07:32.913000+00:00,bluesky,true,true,false,true,relevant,relevant,irrelevant,llm_v2b>llm_v2c>llm_v2d,llm_v2b@2026-09-22T06:02:28.700376+00:00,9da653163799d56c+ca3b837dd0b3e85c,user,Qwen/Qwen3-4B-Instruct-2507,derived_validated,
94825,at://did:plc:hgvumk5ohtiigpwor6hvb4pz/app.bsky.feed.post/3mvp6wex4nm2r,did:plc:hgvumk5ohtiigpwor6hvb4pz,2026-09-17T08:03:38.775000+00:00,bluesky,true,true,true,true,relevant,relevant,relevant,llm_v2b>llm_v2c>llm_v2d,llm_v2b@2026-09-22T06:02:28.700376+00:00,9da653163799d56c+ca3b837dd0b3e85c,user,Qwen/Qwen3-4B-Instruct-2507,derived_validated,
94826,at://did:plc:2ys35qzvc265dtaltqdmgxcm/app.bsky.feed.post/3mvp6w2ojce2m,did:plc:2ys35qzvc265dtaltqdmgxcm,2026-09-17T08:03:27.987000+00:00,bluesky,true,true,true,true,relevant,relevant,relevant,llm_v2b>llm_v2c>llm_v2d,llm_v2b@2026-09-22T06:02:28.700376+00:00,9da653163799d56c+ca3b837dd0b3e85c,user,Qwen/Qwen3-4B-Instruct-2507,derived_validated,
94827,at://did:plc:2ys35qzvc265dtaltqdmgxcm/app.bsky.feed.post/3mvp6vywmfr2n,did:plc:2ys35qzvc265dtaltqdmgxcm,2026-09-17T08:03:26.155000+00:00,bluesky,true,true,true,true,relevant,relevant,relevant,llm_v2b>llm_v2c>llm_v2d,llm_v2b@2026-09-22T06:02:28.700376+00:00,9da653163799d56c+ca3b837dd0b3e85c,user,Qwen/Qwen3-4B-Instruct-2507,derived_validated,
94842,at://did:plc:4e4ydxvhtpfgzeaanqadntos/app.bsky.feed.post/3mvp4mto2ks2u,did:plc:4e4ydxvhtpfgzeaanqadntos,2026-09-17T07:22:31.034000+00:00,bluesky,true,true,false,true,relevant,relevant,irrelevant,llm_v2b>llm_v2c>llm_v2d,llm_v2b@2026-09-22T06:02:28.700376+00:00,9da653163799d56c+ca3b837dd0b3e85c,user,Qwen/Qwen3-4B-Instruct-2507,derived_validated,
94851,at://did:plc:7b23we6qqapgis4htiuv65ig/app.bsky.feed.post/3mvp3oelcbs2q,did:plc:7b23we6qqapgis4htiuv65ig,2026-09-17T07:05:28.780000+00:00,bluesky,true,true,false,true,relevant,relevant,irrelevant,llm_v2b>llm_v2c>llm_v2d,llm_v2b@2026-09-22T06:02:28.700376+00:00,9da653163799d56c+ca3b837dd0b3e85c,user,Qwen/Qwen3-4B-Instruct-2507,derived_validated,
94859,at://did:plc:tsllkg4rcf4hzajh7pkynepz/app.bsky.feed.post/3mvp3asp6c22m,did:plc:tsllkg4rcf4hzajh7pkynepz,2026-09-17T06:57:53.825000+00:00,bluesky,false,false,true,true,irrelevant,irrelevant,relevant,llm_v2b>llm_v2c>llm_v2d,,,,,deterministic_rules,
94869,at://did:plc:eto6t7rpubrs7rfjbpk47ji6/app.bsky.feed.post/3mvp2eh7qed2c,did:plc:eto6t7rpubrs7rfjbpk47ji6,2026-09-17T06:42:00.835000+00:00,bluesky,true,true,false,true,relevant,relevant,irrelevant,llm_v2b>llm_v2c>llm_v2d,llm_v2b@2026-09-22T06:02:28.700376+00:00,9da653163799d56c+ca3b837dd0b3e85c,user,Qwen/Qwen3-4B-Instruct-2507,derived_validated,
95043,at://did:plc:fypxijapmreic465wsgosneu/app.bsky.feed.post/3mvqfhmwu7k2t,did:plc:fypxijapmreic465wsgosneu,2026-09-17T19:33:19.823000+00:00,bluesky,true,true,false,true,relevant,relevant,irrelevant,llm_v2b>llm_v2c>llm_v2d,llm_v2b@2026-09-22T06:02:28.700376+00:00,9da653163799d56c+ca3b837dd0b3e85c,user,Qwen/Qwen3-4B-Instruct-2507,derived_validated,
95045,at://did:plc:ghdtmltkxckq2gxspfembbha/app.bsky.feed.post/3mvq77pxmck2r,did:plc:ghdtmltkxckq2gxspfembbha,2026-09-17T17:41:32.080000+00:00,bluesky,true,true,true,true,relevant,relevant,relevant,llm_v2b>llm_v2c>llm_v2d,llm_v2b@2026-09-22T06:02:28.700376+00:00,9da653163799d56c+ca3b837dd0b3e85c,user,Qwen/Qwen3-4B-Instruct-2507,derived_validated,
95048,at://did:plc:sctbrp7cy445wqtba7jrdix2/app.bsky.feed.post/3mvq5umfsc22x,did:plc:sctbrp7cy445wqtba7jrdix2,2026-09-17T17:17:25.537000+00:00,bluesky,true,true,false,true,relevant,relevant,irrelevant,llm_v2b>llm_v2c>llm_v2d,llm_v2b@2026-09-22T06:02:28.700376+00:00,9da653163799d56c+ca3b837dd0b3e85c,user,Qwen/Qwen3-4B-Instruct-2507,derived_validated,
95124,at://did:plc:ift6sfx3ek7l6wwjhrgehwoi/app.bsky.feed.post/3mvqi6foxoz2g,did:plc:ift6sfx3ek7l6wwjhrgehwoi,2026-09-17T20:21:50.999000+00:00,bluesky,true,true,false,true,relevant,relevant,irrelevant,llm_v2b>llm_v2c>llm_v2d,llm_v2b@2026-09-22T06:02:28.700376+00:00,9da653163799d56c+ca3b837dd0b3e85c,user,Qwen/Qwen3-4B-Instruct-2507,derived_validated,
95199,at://did:plc:sj7x2xctlsf6pilv4chfnz3t/app.bsky.feed.post/3mvpxydzscz2i,did:plc:sj7x2xctlsf6pilv4chfnz3t,2026-09-17T15:32:07.236000+00:00,bluesky,true,true,false,true,relevant,relevant,irrelevant,llm_v2b>llm_v2c>llm_v2d,llm_v2b@2026-09-22T06:02:28.700376+00:00,9da653163799d56c+ca3b837dd0b3e85c,user,Qwen/Qwen3-4B-Instruct-2507,derived_validated,
95301,at://did:plc:54lvxus5zpnvtmtukgcga24s/app.bsky.feed.post/3mvpcn6uqky2f,did:plc:54lvxus5zpnvtmtukgcga24s,2026-09-17T09:00:10+00:00,bluesky,true,true,false,true,relevant,relevant,irrelevant,llm_v2b>llm_v2c>llm_v2d,llm_v2b@2026-09-22T06:02:28.700376+00:00,9da653163799d56c+ca3b837dd0b3e85c,user,Qwen/Qwen3-4B-Instruct-2507,derived_validated,
95333,at://did:plc:wl4yqrcbtaaykjpslissa4in/app.bsky.feed.post/3mvoxes2qfb22,did:plc:wl4yqrcbtaaykjpslissa4in,2026-09-17T05:48:32.230000+00:00,bluesky,true,true,false,true,relevant,relevant,irrelevant,llm_v2b>llm_v2c>llm_v2d,llm_v2b@2026-09-22T06:02:28.700376+00:00,9da653163799d56c+ca3b837dd0b3e85c,user,Qwen/Qwen3-4B-Instruct-2507,derived_validated,
95375,at://did:plc:tis6yudhiq2qz7ivu2h2si4d/app.bsky.feed.post/3mvqf43enxv24,did:plc:tis6yudhiq2qz7ivu2h2si4d,2026-09-17T19:26:51.681000+00:00,bluesky,true,true,false,true,relevant,relevant,irrelevant,llm_v2b>llm_v2c>llm_v2d,llm_v2b@2026-09-22T06:02:28.700376+00:00,9da653163799d56c+ca3b837dd0b3e85c,user,Qwen/Qwen3-4B-Instruct-2507,derived_validated,
95634,at://did:plc:3gsbtav3oyueqipnabnjhfyd/app.bsky.feed.post/3mvoj5fiss222,did:plc:3gsbtav3oyueqipnabnjhfyd,2026-09-17T01:33:51.969000+00:00,bluesky,true,true,false,true,relevant,relevant,irrelevant,llm_v2b>llm_v2c>llm_v2d,llm_v2b@2026-09-22T06:02:28.700376+00:00,9da653163799d56c+ca3b837dd0b3e85c,user,Qwen/Qwen3-4B-Instruct-2507,derived_validated,
95673,at://did:plc:u6celkmubfsmbus5m3aqcrla/app.bsky.feed.post/3mvpypzeys42c,did:plc:u6celkmubfsmbus5m3aqcrla,2026-09-17T15:45:22+00:00,bluesky,true,true,true,true,relevant,relevant,relevant,llm_v2b>llm_v2c>llm_v2d,llm_v2b@2026-09-22T06:02:28.700376+00:00,9da653163799d56c+ca3b837dd0b3e85c,user,Qwen/Qwen3-4B-Instruct-2507,derived_validated,
95685,at://did:plc:2mgpf44nirnudyjapkzsymu2/app.bsky.feed.post/3mvptwzo7f42o,did:plc:2mgpf44nirnudyjapkzsymu2,2026-09-17T14:19:48.944000+00:00,bluesky,true,true,true,true,relevant,relevant,relevant,llm_v2b>llm_v2c>llm_v2d,llm_v2b@2026-09-22T06:02:28.700376+00:00,9da653163799d56c+ca3b837dd0b3e85c,user,Qwen/Qwen3-4B-Instruct-2507,derived_validated,
95714,at://did:plc:y6746iltg5njq5xnsruqinrw/app.bsky.feed.post/3mvpfvezi4s26,did:plc:y6746iltg5njq5xnsruqinrw,2026-09-17T10:08:21.544000+00:00,bluesky,true,true,false,true,relevant,relevant,irrelevant,llm_v2b>llm_v2c>llm_v2d,llm_v2b@2026-09-22T06:02:28.700376+00:00,9da653163799d56c+ca3b837dd0b3e85c,user,Qwen/Qwen3-4B-Instruct-2507,derived_validated,
95826,at://did:plc:t6fxvgbgms6srhfcprixn3lz/app.bsky.feed.post/3mvqcckq37c2l,did:plc:t6fxvgbgms6srhfcprixn3lz,2026-09-17T18:36:48.505000+00:00,bluesky,true,true,true,true,relevant,relevant,relevant,llm_v2b>llm_v2c>llm_v2d,llm_v2b@2026-09-22T06:02:28.700376+00:00,9da653163799d56c+ca3b837dd0b3e85c,user,Qwen/Qwen3-4B-Instruct-2507,derived_validated,
96120,at://did:plc:h26t2njpa5ul7wnm65nefmda/app.bsky.feed.post/3mvq47o7hvc22,did:plc:h26t2njpa5ul7wnm65nefmda,2026-09-17T16:47:46.075000+00:00,bluesky,true,true,false,true,relevant,relevant,irrelevant,llm_v2b>llm_v2c>llm_v2d,llm_v2b@2026-09-22T06:02:28.700376+00:00,9da653163799d56c+ca3b837dd0b3e85c,user,Qwen/Qwen3-4B-Instruct-2507,derived_validated,
96121,at://did:plc:dn242yln2biooe6qkd237tqd/app.bsky.feed.post/3mvq3mjikks2v,did:plc:dn242yln2biooe6qkd237tqd,2026-09-17T16:37:06.521000+00:00,bluesky,true,true,false,true,relevant,relevant,irrelevant,llm_v2b>llm_v2c>llm_v2d,llm_v2b@2026-09-22T06:02:28.700376+00:00,9da653163799d56c+ca3b837dd0b3e85c,user,Qwen/Qwen3-4B-Instruct-2507,derived_validated,
96130,at://did:plc:rpv5znl5dgxde5wdmmgqv3jo/app.bsky.feed.post/3mvprluuk522c,did:plc:rpv5znl5dgxde5wdmmgqv3jo,2026-09-17T13:37:47.517000+00:00,bluesky,true,true,false,true,relevant,relevant,irrelevant,llm_v2b>llm_v2c>llm_v2d,llm_v2b@2026-09-22T06:02:28.700376+00:00,9da653163799d56c+ca3b837dd0b3e85c,user,Qwen/Qwen3-4B-Instruct-2507,derived_validated,
96243,at://did:plc:3a6jnf756mwkrqynhdy4yfta/app.bsky.feed.post/3mvplvgxaqk2p,did:plc:3a6jnf756mwkrqynhdy4yfta,2026-09-17T11:55:46.018000+00:00,bluesky,true,true,false,true,relevant,relevant,irrelevant,llm_v2b>llm_v2c>llm_v2d,llm_v2b@2026-09-22T06:02:28.700376+00:00,9da653163799d56c+ca3b837dd0b3e85c,user,Qwen/Qwen3-4B-Instruct-2507,derived_validated,
96329,at://did:plc:rtxihrl52fopssbfovo2oycu/app.bsky.feed.post/3mvqdwwnevk2p,did:plc:rtxihrl52fopssbfovo2oycu,2026-09-17T19:06:05.831000+00:00,bluesky,true,true,true,true,relevant,relevant,relevant,llm_v2b>llm_v2c>llm_v2d,llm_v2b@2026-09-22T06:02:28.700376+00:00,9da653163799d56c+ca3b837dd0b3e85c,user,Qwen/Qwen3-4B-Instruct-2507,derived_validated,
96336,at://did:plc:g323nwoy6rzvxylyjmn243qu/app.bsky.feed.post/3mvq44skigc2f,did:plc:g323nwoy6rzvxylyjmn243qu,2026-09-17T16:46:12.934000+00:00,bluesky,false,false,true,true,irrelevant,irrelevant,relevant,llm_v2b>llm_v2c>llm_v2d,,,,,deterministic_rules,
96361,at://did:plc:mvw7btcxe6jgznss25lcmus7/app.bsky.feed.post/3mvof7nx7kk2w,did:plc:mvw7btcxe6jgznss25lcmus7,2026-09-17T00:23:32.954000+00:00,bluesky,true,true,false,true,relevant,relevant,irrelevant,llm_v2b>llm_v2c>llm_v2d,llm_v2b@2026-09-22T06:02:28.700376+00:00,9da653163799d56c+ca3b837dd0b3e85c,user,Qwen/Qwen3-4B-Instruct-2507,derived_validated,
96397,at://did:plc:qv4cel4jrf5qqzfq6ddvp6yv/app.bsky.feed.post/3mvqmkglq4e2x,did:plc:qv4cel4jrf5qqzfq6ddvp6yv,2026-09-17T21:40:09+00:00,bluesky,true,true,false,true,relevant,relevant,irrelevant,llm_v2b>llm_v2c>llm_v2d,llm_v2b@2026-09-22T06:02:28.700376+00:00,9da653163799d56c+ca3b837dd0b3e85c,user,Qwen/Qwen3-4B-Instruct-2507,derived_validated,
96490,at://did:plc:zhe53h7ajlloep2oso5pqxzj/app.bsky.feed.post/3mvq4vosc5k2t,did:plc:zhe53h7ajlloep2oso5pqxzj,2026-09-17T17:00:02+00:00,bluesky,true,true,false,true,relevant,relevant,irrelevant,llm_v2b>llm_v2c>llm_v2d,llm_v2b@2026-09-22T06:02:28.700376+00:00,9da653163799d56c+ca3b837dd0b3e85c,user,Qwen/Qwen3-4B-Instruct-2507,derived_validated,
96500,at://did:plc:dn242yln2biooe6qkd237tqd/app.bsky.feed.post/3mvq3mmleu22l,did:plc:dn242yln2biooe6qkd237tqd,2026-09-17T16:37:09.580000+00:00,bluesky,true,true,false,true,relevant,relevant,irrelevant,llm_v2b>llm_v2c>llm_v2d,llm_v2b@2026-09-22T06:02:28.700376+00:00,9da653163799d56c+ca3b837dd0b3e85c,user,Qwen/Qwen3-4B-Instruct-2507,derived_validated,
96502,at://did:plc:dn242yln2biooe6qkd237tqd/app.bsky.feed.post/3mvq3mip4io2a,did:plc:dn242yln2biooe6qkd237tqd,2026-09-17T16:37:05.539000+00:00,bluesky,true,true,false,true,relevant,relevant,irrelevant,llm_v2b>llm_v2c>llm_v2d,llm_v2b@2026-09-22T06:02:28.700376+00:00,9da653163799d56c+ca3b837dd0b3e85c,user,Qwen/Qwen3-4B-Instruct-2507,derived_validated,
96503,at://did:plc:dn242yln2biooe6qkd237tqd/app.bsky.feed.post/3mvq3mhy53c25,did:plc:dn242yln2biooe6qkd237tqd,2026-09-17T16:37:04.780000+00:00,bluesky,true,true,false,true,relevant,relevant,irrelevant,llm_v2b>llm_v2c>llm_v2d,llm_v2b@2026-09-22T06:02:28.700376+00:00,9da653163799d56c+ca3b837dd0b3e85c,user,Qwen/Qwen3-4B-Instruct-2507,derived_validated,
96567,at://did:plc:sj7x2xctlsf6pilv4chfnz3t/app.bsky.feed.post/3mvpxxwawwb2v,did:plc:sj7x2xctlsf6pilv4chfnz3t,2026-09-17T15:31:53.199000+00:00,bluesky,true,true,false,true,relevant,relevant,irrelevant,llm_v2b>llm_v2c>llm_v2d,llm_v2b@2026-09-22T06:02:28.700376+00:00,9da653163799d56c+ca3b837dd0b3e85c,user,Qwen/Qwen3-4B-Instruct-2507,derived_validated,
96691,at://did:plc:76vtr45baluw2hdiaqu7i4fz/app.bsky.feed.post/3mvpirspm2626,did:plc:76vtr45baluw2hdiaqu7i4fz,2026-09-17T11:00:01.264000+00:00,bluesky,true,true,false,true,relevant,relevant,irrelevant,llm_v2b>llm_v2c>llm_v2d,llm_v2b@2026-09-22T06:02:28.700376+00:00,9da653163799d56c+ca3b837dd0b3e85c,user,Qwen/Qwen3-4B-Instruct-2507,derived_validated,
96735,at://did:plc:it4u4auilfzs3h6uqbmugfcn/app.bsky.feed.post/3mvp7f2hl4m2g,did:plc:it4u4auilfzs3h6uqbmugfcn,2026-09-17T08:11:51.121843+00:00,bluesky,true,true,false,true,relevant,relevant,irrelevant,llm_v2b>llm_v2c>llm_v2d,llm_v2b@2026-09-22T06:02:28.700376+00:00,9da653163799d56c+ca3b837dd0b3e85c,user,Qwen/Qwen3-4B-Instruct-2507,derived_validated,
96859,at://did:plc:bcjkzl6ah3bvfj2q3z6oigt5/app.bsky.feed.post/3mvof25xduo2e,did:plc:bcjkzl6ah3bvfj2q3z6oigt5,2026-09-17T00:20:28.230000+00:00,bluesky,true,true,false,true,relevant,relevant,irrelevant,llm_v2b>llm_v2c>llm_v2d,llm_v2b@2026-09-22T06:02:28.700376+00:00,9da653163799d56c+ca3b837dd0b3e85c,user,Qwen/Qwen3-4B-Instruct-2507,derived_validated,
96860,at://did:plc:bcjkzl6ah3bvfj2q3z6oigt5/app.bsky.feed.post/3mvoeznxypt2y,did:plc:bcjkzl6ah3bvfj2q3z6oigt5,2026-09-17T00:20:11.471000+00:00,bluesky,true,true,false,true,relevant,relevant,irrelevant,llm_v2b>llm_v2c>llm_v2d,llm_v2b@2026-09-22T06:02:28.700376+00:00,9da653163799d56c+ca3b837dd0b3e85c,user,Qwen/Qwen3-4B-Instruct-2507,derived_validated,
96863,at://did:plc:zhe53h7ajlloep2oso5pqxzj/app.bsky.feed.post/3mvoehliwq52n,did:plc:zhe53h7ajlloep2oso5pqxzj,2026-09-17T00:10:01+00:00,bluesky,true,true,false,true,relevant,relevant,irrelevant,llm_v2b>llm_v2c>llm_v2d,llm_v2b@2026-09-22T06:02:28.700376+00:00,9da653163799d56c+ca3b837dd0b3e85c,user,Qwen/Qwen3-4B-Instruct-2507,derived_validated,
96992,at://did:plc:at6a4g3smx3o2r7n2lx55tbc/app.bsky.feed.post/3mvphtdr5d22p,did:plc:at6a4g3smx3o2r7n2lx55tbc,2026-09-17T10:43:00.596000+00:00,bluesky,true,true,false,true,relevant,relevant,irrelevant,llm_v2b>llm_v2c>llm_v2d,llm_v2b@2026-09-22T06:02:28.700376+00:00,9da653163799d56c+ca3b837dd0b3e85c,user,Qwen/Qwen3-4B-Instruct-2507,derived_validated,
97034,at://did:plc:hmwjwkpxwrzd3df5eg36teif/app.bsky.feed.post/3mvqbzejkcu2k,did:plc:hmwjwkpxwrzd3df5eg36teif,2026-09-17T18:31:39+00:00,bluesky,true,true,false,true,relevant,relevant,irrelevant,llm_v2b>llm_v2c>llm_v2d,llm_v2b@2026-09-22T06:02:28.700376+00:00,9da653163799d56c+ca3b837dd0b3e85c,user,Qwen/Qwen3-4B-Instruct-2507,derived_validated,
97078,at://did:plc:nho2a45cwlyzqr2lcibjfryj/app.bsky.feed.post/3mvpiwduxln2p,did:plc:nho2a45cwlyzqr2lcibjfryj,2026-09-17T11:02:34.455918+00:00,bluesky,true,true,true,true,relevant,relevant,relevant,llm_v2b>llm_v2c>llm_v2d,llm_v2b@2026-09-22T06:02:28.700376+00:00,9da653163799d56c+ca3b837dd0b3e85c,user,Qwen/Qwen3-4B-Instruct-2507,derived_validated,
97081,at://did:plc:5kubaprelrb7ryzpyq6bri6b/app.bsky.feed.post/3mvpidiqwos2y,did:plc:5kubaprelrb7ryzpyq6bri6b,2026-09-17T10:52:02.704000+00:00,bluesky,true,true,false,true,relevant,relevant,irrelevant,llm_v2b>llm_v2c>llm_v2d,llm_v2b@2026-09-22T06:02:28.700376+00:00,9da653163799d56c+ca3b837dd0b3e85c,user,Qwen/Qwen3-4B-Instruct-2507,derived_validated,
97098,at://did:plc:qu2otkjtjjejhuwbimez4jny/app.bsky.feed.post/3mvoyyyri622u,did:plc:qu2otkjtjjejhuwbimez4jny,2026-09-17T06:17:44.272000+00:00,bluesky,true,true,false,true,relevant,relevant,irrelevant,llm_v2b>llm_v2c>llm_v2d,llm_v2b@2026-09-22T06:02:28.700376+00:00,9da653163799d56c+ca3b837dd0b3e85c,user,Qwen/Qwen3-4B-Instruct-2507,derived_validated,
97103,at://did:plc:rv3wckvmhyasxszidtt63fbp/app.bsky.feed.post/3mvoqude7232s,did:plc:rv3wckvmhyasxszidtt63fbp,2026-09-17T03:51:56+00:00,bluesky,true,true,false,true,relevant,relevant,irrelevant,llm_v2b>llm_v2c>llm_v2d,llm_v2b@2026-09-22T06:02:28.700376+00:00,9da653163799d56c+ca3b837dd0b3e85c,user,Qwen/Qwen3-4B-Instruct-2507,derived_validated,
97120,at://did:plc:neoo6pyypczffngqo5dsudpn/app.bsky.feed.post/3mvpro7n7tp2s,did:plc:neoo6pyypczffngqo5dsudpn,2026-09-17T13:39:03+00:00,bluesky,true,true,false,true,relevant,relevant,irrelevant,llm_v2b>llm_v2c>llm_v2d,llm_v2b@2026-09-22T06:02:28.700376+00:00,9da653163799d56c+ca3b837dd0b3e85c,user,Qwen/Qwen3-4B-Instruct-2507,derived_validated,
97166,at://did:plc:lsvsraxh3ckc7frgv5p5d7gy/app.bsky.feed.post/3mvtcmbbsqf2p,did:plc:lsvsraxh3ckc7frgv5p5d7gy,2026-09-18T23:20:12.466934+00:00,bluesky,true,true,false,true,relevant,relevant,irrelevant,llm_v2b>llm_v2c>llm_v2d,llm_v2b@2026-09-22T06:02:28.700376+00:00,9da653163799d56c+ca3b837dd0b3e85c,user,Qwen/Qwen3-4B-Instruct-2507,derived_validated,
97231,at://did:plc:7h7srlskyboefvfqmbgy2wax/app.bsky.feed.post/3mvt2vsjywy2h,did:plc:7h7srlskyboefvfqmbgy2wax,2026-09-18T21:02:22+00:00,bluesky,true,true,true,true,relevant,relevant,relevant,llm_v2b>llm_v2c>llm_v2d,llm_v2b@2026-09-22T06:02:28.700376+00:00,9da653163799d56c+ca3b837dd0b3e85c,user,Qwen/Qwen3-4B-Instruct-2507,derived_validated,
97238,at://did:plc:5cjtlwhckfhm5oidxvvqxsrz/app.bsky.feed.post/3mvt2ammflw2n,did:plc:5cjtlwhckfhm5oidxvvqxsrz,2026-09-18T20:50:32.343750+00:00,bluesky,true,true,false,true,relevant,relevant,irrelevant,llm_v2b>llm_v2c>llm_v2d,llm_v2b@2026-09-22T06:02:28.700376+00:00,9da653163799d56c+ca3b837dd0b3e85c,user,Qwen/Qwen3-4B-Instruct-2507,derived_validated,
97241,at://did:plc:hh3brnksirhma2rymwtpnp5w/app.bsky.feed.post/3mvszukgn6m2g,did:plc:hh3brnksirhma2rymwtpnp5w,2026-09-18T20:43:47.465621+00:00,bluesky,true,true,false,true,relevant,relevant,irrelevant,llm_v2b>llm_v2c>llm_v2d,llm_v2b@2026-09-22T06:02:28.700376+00:00,9da653163799d56c+ca3b837dd0b3e85c,user,Qwen/Qwen3-4B-Instruct-2507,derived_validated,
97245,at://did:plc:4daagiezglabeoyaj3c4lnol/app.bsky.feed.post/3mvsxizmnzz2z,did:plc:4daagiezglabeoyaj3c4lnol,2026-09-18T20:01:32+00:00,bluesky,true,true,true,true,relevant,relevant,relevant,llm_v2b>llm_v2c>llm_v2d,llm_v2b@2026-09-22T06:02:28.700376+00:00,9da653163799d56c+ca3b837dd0b3e85c,user,Qwen/Qwen3-4B-Instruct-2507,derived_validated,
97262,at://did:plc:mri4qfwjhti5j4c3ob5vtudy/app.bsky.feed.post/3mvsskclspk2f,did:plc:mri4qfwjhti5j4c3ob5vtudy,2026-09-18T18:32:47.759000+00:00,bluesky,true,true,false,true,relevant,relevant,irrelevant,llm_v2b>llm_v2c>llm_v2d,llm_v2b@2026-09-22T06:02:28.700376+00:00,9da653163799d56c+ca3b837dd0b3e85c,user,Qwen/Qwen3-4B-Instruct-2507,derived_validated,
97303,at://did:plc:jz3yn5ec4apvlpiea5donse7/app.bsky.feed.post/3mvsismax3c2v,did:plc:jz3yn5ec4apvlpiea5donse7,2026-09-18T15:38:28.901000+00:00,bluesky,true,true,false,true,relevant,relevant,irrelevant,llm_v2b>llm_v2c>llm_v2d,llm_v2b@2026-09-22T06:02:28.700376+00:00,9da653163799d56c+ca3b837dd0b3e85c,user,Qwen/Qwen3-4B-Instruct-2507,derived_validated,
97374,at://did:plc:u6celkmubfsmbus5m3aqcrla/app.bsky.feed.post/3mvsaspymjk2y,did:plc:u6celkmubfsmbus5m3aqcrla,2026-09-18T13:15:22+00:00,bluesky,true,true,true,true,relevant,relevant,relevant,llm_v2b>llm_v2c>llm_v2d,llm_v2b@2026-09-22T06:02:28.700376+00:00,9da653163799d56c+ca3b837dd0b3e85c,user,Qwen/Qwen3-4B-Instruct-2507,derived_validated,
97389,at://did:plc:i5a2vsezf56iu2yjtmb7m2tb/app.bsky.feed.post/3mvs7oee7dc2y,did:plc:i5a2vsezf56iu2yjtmb7m2tb,2026-09-18T12:55:02.712000+00:00,bluesky,true,true,false,true,relevant,relevant,irrelevant,llm_v2b>llm_v2c>llm_v2d,llm_v2b@2026-09-22T06:02:28.700376+00:00,9da653163799d56c+ca3b837dd0b3e85c,user,Qwen/Qwen3-4B-Instruct-2507,derived_validated,
97518,at://did:plc:7szndbckzwso647c27jaaxfs/app.bsky.feed.post/3mvrx2yv5222y,did:plc:7szndbckzwso647c27jaaxfs,2026-09-18T10:21:03.232000+00:00,bluesky,true,true,false,true,relevant,relevant,irrelevant,llm_v2b>llm_v2c>llm_v2d,llm_v2b@2026-09-22T06:02:28.700376+00:00,9da653163799d56c+ca3b837dd0b3e85c,user,Qwen/Qwen3-4B-Instruct-2507,derived_validated,
97725,at://did:plc:mht5ub4ykjuoxpux77hikixt/app.bsky.feed.post/3mvs4cmb2ua2k,did:plc:mht5ub4ykjuoxpux77hikixt,2026-09-18T11:54:46.956000+00:00,bluesky,true,true,false,true,relevant,relevant,irrelevant,llm_v2b>llm_v2c>llm_v2d,llm_v2b@2026-09-22T06:02:28.700376+00:00,9da653163799d56c+ca3b837dd0b3e85c,user,Qwen/Qwen3-4B-Instruct-2507,derived_validated,
97772,at://did:plc:2mgpf44nirnudyjapkzsymu2/app.bsky.feed.post/3mvrde4fb252z,did:plc:2mgpf44nirnudyjapkzsymu2,2026-09-18T04:28:13.835000+00:00,bluesky,true,true,false,true,relevant,relevant,irrelevant,llm_v2b>llm_v2c>llm_v2d,llm_v2b@2026-09-22T06:02:28.700376+00:00,9da653163799d56c+ca3b837dd0b3e85c,user,Qwen/Qwen3-4B-Instruct-2507,derived_validated,
97791,at://did:plc:amnhdrsyqrmpomj6qdzc3ved/app.bsky.feed.post/3mvtcu6hlowz2,did:plc:amnhdrsyqrmpomj6qdzc3ved,2026-09-18T23:24:35+00:00,bluesky,true,true,false,true,relevant,relevant,irrelevant,llm_v2b>llm_v2c>llm_v2d,llm_v2b@2026-09-22T06:02:28.700376+00:00,9da653163799d56c+ca3b837dd0b3e85c,user,Qwen/Qwen3-4B-Instruct-2507,derived_validated,
97801,at://did:plc:3xazje6vq45bh4xml7goiqiv/app.bsky.feed.post/3mvt45vukb42t,did:plc:3xazje6vq45bh4xml7goiqiv,2026-09-18T21:24:47+00:00,bluesky,true,true,true,true,relevant,relevant,relevant,llm_v2b>llm_v2c>llm_v2d,llm_v2b@2026-09-22T06:02:28.700376+00:00,9da653163799d56c+ca3b837dd0b3e85c,user,Qwen/Qwen3-4B-Instruct-2507,derived_validated,
97823,at://did:plc:kf5rbn26yo52vdwkr7wzo44i/app.bsky.feed.post/3mvsx5vj2f22h,did:plc:kf5rbn26yo52vdwkr7wzo44i,2026-09-18T19:55:20.093000+00:00,bluesky,true,true,true,true,relevant,relevant,relevant,llm_v2b>llm_v2c>llm_v2d,llm_v2b@2026-09-22T06:02:28.700376+00:00,9da653163799d56c+ca3b837dd0b3e85c,user,Qwen/Qwen3-4B-Instruct-2507,derived_validated,
97839,at://did:plc:ckp4obhd77hgyfnuknamrh4z/app.bsky.feed.post/3mvsqdkbfrc2y,did:plc:ckp4obhd77hgyfnuknamrh4z,2026-09-18T17:53:13.442000+00:00,bluesky,true,true,true,true,relevant,relevant,relevant,llm_v2b>llm_v2c>llm_v2d,llm_v2b@2026-09-22T06:02:28.700376+00:00,9da653163799d56c+ca3b837dd0b3e85c,user,Qwen/Qwen3-4B-Instruct-2507,derived_validated,
97841,at://did:plc:cclbc3kf5uvwtxxrfsrvf4u5/app.bsky.feed.post/3mvsprb6rqk24,did:plc:cclbc3kf5uvwtxxrfsrvf4u5,2026-09-18T17:42:59.937000+00:00,bluesky,true,true,true,true,relevant,relevant,relevant,llm_v2b>llm_v2c>llm_v2d,llm_v2b@2026-09-22T06:02:28.700376+00:00,9da653163799d56c+ca3b837dd0b3e85c,user,Qwen/Qwen3-4B-Instruct-2507,derived_validated,
97849,at://did:plc:jto4obcodacyjy2qmrxagyag/app.bsky.feed.post/3mvsnfgwop32l,did:plc:jto4obcodacyjy2qmrxagyag,2026-09-18T17:00:35+00:00,bluesky,true,true,true,true,relevant,relevant,relevant,llm_v2b>llm_v2c>llm_v2d,llm_v2b@2026-09-22T06:02:28.700376+00:00,9da653163799d56c+ca3b837dd0b3e85c,user,Qwen/Qwen3-4B-Instruct-2507,derived_validated,
97853,at://did:plc:dl733qoamovlx7pxkcymfbvi/app.bsky.feed.post/3mvsmwlyz5k24,did:plc:dl733qoamovlx7pxkcymfbvi,2026-09-18T16:52:17.831000+00:00,bluesky,true,true,false,true,relevant,relevant,irrelevant,llm_v2b>llm_v2c>llm_v2d,llm_v2b@2026-09-22T06:02:28.700376+00:00,9da653163799d56c+ca3b837dd0b3e85c,user,Qwen/Qwen3-4B-Instruct-2507,derived_validated,
97863,at://did:plc:g323nwoy6rzvxylyjmn243qu/app.bsky.feed.post/3mvskixpxus2m,did:plc:g323nwoy6rzvxylyjmn243qu,2026-09-18T16:08:52.871000+00:00,bluesky,true,true,true,true,relevant,relevant,relevant,llm_v2b>llm_v2c>llm_v2d,llm_v2b@2026-09-22T06:02:28.700376+00:00,9da653163799d56c+ca3b837dd0b3e85c,user,Qwen/Qwen3-4B-Instruct-2507,derived_validated,
97871,at://did:plc:vshm22iq72pfmlgsxqyutvku/app.bsky.feed.post/3mvsiakns5c2s,did:plc:vshm22iq72pfmlgsxqyutvku,2026-09-18T15:28:23.249000+00:00,bluesky,true,true,true,true,relevant,relevant,relevant,llm_v2b>llm_v2c>llm_v2d,llm_v2b@2026-09-22T06:02:28.700376+00:00,9da653163799d56c+ca3b837dd0b3e85c,user,Qwen/Qwen3-4B-Instruct-2507,derived_validated,
97903,at://did:plc:4n3e56w4ep2mdmw5jt4oxkiy/app.bsky.feed.post/3mvryxeuxds2y,did:plc:4n3e56w4ep2mdmw5jt4oxkiy,2026-09-18T10:54:49.074000+00:00,bluesky,true,true,false,true,relevant,relevant,irrelevant,llm_v2b>llm_v2c>llm_v2d,llm_v2b@2026-09-22T06:02:28.700376+00:00,9da653163799d56c+ca3b837dd0b3e85c,user,Qwen/Qwen3-4B-Instruct-2507,derived_validated,
97908,at://did:plc:jto4obcodacyjy2qmrxagyag/app.bsky.feed.post/3mvrvw7rk3s2a,did:plc:jto4obcodacyjy2qmrxagyag,2026-09-18T10:00:28+00:00,bluesky,true,true,true,true,relevant,relevant,relevant,llm_v2b>llm_v2c>llm_v2d,llm_v2b@2026-09-22T06:02:28.700376+00:00,9da653163799d56c+ca3b837dd0b3e85c,user,Qwen/Qwen3-4B-Instruct-2507,derived_validated,
97935,at://did:plc:cnc3d4jvpeh2vw7dl3dcdtrt/app.bsky.feed.post/3mvrertmees2c,did:plc:cnc3d4jvpeh2vw7dl3dcdtrt,2026-09-18T04:53:48.358000+00:00,bluesky,true,true,true,true,relevant,relevant,relevant,llm_v2b>llm_v2c>llm_v2d,llm_v2b@2026-09-22T06:02:28.700376+00:00,9da653163799d56c+ca3b837dd0b3e85c,user,Qwen/Qwen3-4B-Instruct-2507,derived_validated,
97938,at://did:plc:jto4obcodacyjy2qmrxagyag/app.bsky.feed.post/3mvr4r7xjri2g,did:plc:jto4obcodacyjy2qmrxagyag,2026-09-18T02:30:17+00:00,bluesky,true,true,true,true,relevant,relevant,relevant,llm_v2b>llm_v2c>llm_v2d,llm_v2b@2026-09-22T06:02:28.700376+00:00,9da653163799d56c+ca3b837dd0b3e85c,user,Qwen/Qwen3-4B-Instruct-2507,derived_validated,
98015,at://did:plc:uauvgtaseetghf5czwruktdj/app.bsky.feed.post/3mvrknmwzw32f,did:plc:uauvgtaseetghf5czwruktdj,2026-09-18T06:38:49+00:00,bluesky,true,true,false,true,relevant,relevant,irrelevant,llm_v2b>llm_v2c>llm_v2d,llm_v2b@2026-09-22T06:02:28.700376+00:00,9da653163799d56c+ca3b837dd0b3e85c,user,Qwen/Qwen3-4B-Instruct-2507,derived_validated,
98061,at://did:plc:54wnaxvvhnacsduf22cg2msz/app.bsky.feed.post/3mvtbq4olxz2u,did:plc:54wnaxvvhnacsduf22cg2msz,2026-09-18T23:04:28+00:00,bluesky,true,true,false,true,relevant,relevant,irrelevant,llm_v2b>llm_v2c>llm_v2d,llm_v2b@2026-09-22T06:02:28.700376+00:00,9da653163799d56c+ca3b837dd0b3e85c,user,Qwen/Qwen3-4B-Instruct-2507,derived_validated,
98258,at://did:plc:zq6kvuwmxrzlez44qhjck4zd/app.bsky.feed.post/3mvswwya6ik2n,did:plc:zq6kvuwmxrzlez44qhjck4zd,2026-09-18T19:51:28.067000+00:00,bluesky,true,true,false,true,relevant,relevant,irrelevant,llm_v2b>llm_v2c>llm_v2d,llm_v2b@2026-09-22T06:02:28.700376+00:00,9da653163799d56c+ca3b837dd0b3e85c,user,Qwen/Qwen3-4B-Instruct-2507,derived_validated,
98303,at://did:plc:3665disgytzvbq7noakzovcu/app.bsky.feed.post/3mvssw4whsc2g,did:plc:3665disgytzvbq7noakzovcu,2026-09-18T18:39:24.470000+00:00,bluesky,true,true,true,true,relevant,relevant,relevant,llm_v2b>llm_v2c>llm_v2d,llm_v2b@2026-09-22T06:02:28.700376+00:00,9da653163799d56c+ca3b837dd0b3e85c,user,Qwen/Qwen3-4B-Instruct-2507,derived_validated,
98312,at://did:plc:rc5fi4rab7a4w5vydsdrrohj/app.bsky.feed.post/3mvssg3ay3c2n,did:plc:rc5fi4rab7a4w5vydsdrrohj,2026-09-18T18:30:25.803000+00:00,bluesky,true,true,false,true,relevant,relevant,irrelevant,llm_v2b>llm_v2c>llm_v2d,llm_v2b@2026-09-22T06:02:28.700376+00:00,9da653163799d56c+ca3b837dd0b3e85c,user,Qwen/Qwen3-4B-Instruct-2507,derived_validated,
98356,at://did:plc:vm4q3ywkxns6h6edhs5hwtuz/app.bsky.feed.post/3mvsq2uugc22d,did:plc:vm4q3ywkxns6h6edhs5hwtuz,2026-09-18T17:48:22.561000+00:00,bluesky,true,true,true,true,relevant,relevant,relevant,llm_v2b>llm_v2c>llm_v2d,llm_v2b@2026-09-22T06:02:28.700376+00:00,9da653163799d56c+ca3b837dd0b3e85c,user,Qwen/Qwen3-4B-Instruct-2507,derived_validated,
98371,at://did:plc:lirc57u4hu54xlmqfl2holat/app.bsky.feed.post/3mvspd555vd2i,did:plc:lirc57u4hu54xlmqfl2holat,2026-09-18T17:35:05.744000+00:00,bluesky,true,true,false,true,relevant,relevant,irrelevant,llm_v2b>llm_v2c>llm_v2d,llm_v2b@2026-09-22T06:02:28.700376+00:00,9da653163799d56c+ca3b837dd0b3e85c,user,Qwen/Qwen3-4B-Instruct-2507,derived_validated,
98379,at://did:plc:mcxwgi6ytwp72kzqmujcixep/app.bsky.feed.post/3mvsouymgk22w,did:plc:mcxwgi6ytwp72kzqmujcixep,2026-09-18T17:27:11.424000+00:00,bluesky,true,true,true,true,relevant,relevant,relevant,llm_v2b>llm_v2c>llm_v2d,llm_v2b@2026-09-22T06:02:28.700376+00:00,9da653163799d56c+ca3b837dd0b3e85c,user,Qwen/Qwen3-4B-Instruct-2507,derived_validated,
98398,at://did:plc:36trxcdhay6uygpri2mepw2d/app.bsky.feed.post/3mvsnsqgsju25,did:plc:36trxcdhay6uygpri2mepw2d,2026-09-18T17:08:01.926000+00:00,bluesky,true,true,false,true,relevant,relevant,irrelevant,llm_v2b>llm_v2c>llm_v2d,llm_v2b@2026-09-22T06:02:28.700376+00:00,9da653163799d56c+ca3b837dd0b3e85c,user,Qwen/Qwen3-4B-Instruct-2507,derived_validated,
98399,at://did:plc:4u4wndogvmrsfuzcifofwa4o/app.bsky.feed.post/3mvsnsqxhs32d,did:plc:4u4wndogvmrsfuzcifofwa4o,2026-09-18T17:08:00.844000+00:00,bluesky,true,true,false,true,relevant,relevant,irrelevant,llm_v2b>llm_v2c>llm_v2d,llm_v2b@2026-09-22T06:02:28.700376+00:00,9da653163799d56c+ca3b837dd0b3e85c,user,Qwen/Qwen3-4B-Instruct-2507,derived_validated,
98421,at://did:plc:hdxmn3swrqewu3gvmg672ae7/app.bsky.feed.post/3mvsmu57css2c,did:plc:hdxmn3swrqewu3gvmg672ae7,2026-09-18T16:50:55.200000+00:00,bluesky,true,true,true,true,relevant,relevant,relevant,llm_v2b>llm_v2c>llm_v2d,llm_v2b@2026-09-22T06:02:28.700376+00:00,9da653163799d56c+ca3b837dd0b3e85c,user,Qwen/Qwen3-4B-Instruct-2507,derived_validated,
98451,at://did:plc:kyvvwelbhtlncyo7j5de3org/app.bsky.feed.post/3mvsldzplec2a,did:plc:kyvvwelbhtlncyo7j5de3org,2026-09-18T16:24:00.925000+00:00,bluesky,true,true,false,true,relevant,relevant,irrelevant,llm_v2b>llm_v2c>llm_v2d,llm_v2b@2026-09-22T06:02:28.700376+00:00,9da653163799d56c+ca3b837dd0b3e85c,user,Qwen/Qwen3-4B-Instruct-2507,derived_validated,
98457,at://did:plc:mht5ub4ykjuoxpux77hikixt/app.bsky.feed.post/3mvskx4i24v2t,did:plc:mht5ub4ykjuoxpux77hikixt,2026-09-18T16:16:47.438000+00:00,bluesky,true,true,false,true,relevant,relevant,irrelevant,llm_v2b>llm_v2c>llm_v2d,llm_v2b@2026-09-22T06:02:28.700376+00:00,9da653163799d56c+ca3b837dd0b3e85c,user,Qwen/Qwen3-4B-Instruct-2507,derived_validated,
98459,at://did:plc:fdcdq63nauup64wenkktqctx/app.bsky.feed.post/3mvskht5ujc24,did:plc:fdcdq63nauup64wenkktqctx,2026-09-18T16:08:14.500000+00:00,bluesky,true,true,false,true,relevant,relevant,irrelevant,llm_v2b>llm_v2c>llm_v2d,llm_v2b@2026-09-22T06:02:28.700376+00:00,9da653163799d56c+ca3b837dd0b3e85c,user,Qwen/Qwen3-4B-Instruct-2507,derived_validated,
98470,at://did:plc:3dzlsh22j3qywv4f7a3jg6da/app.bsky.feed.post/3mvskagjtbb2m,did:plc:3dzlsh22j3qywv4f7a3jg6da,2026-09-18T16:04:06.230000+00:00,bluesky,true,true,true,true,relevant,relevant,relevant,llm_v2b>llm_v2c>llm_v2d,llm_v2b@2026-09-22T06:02:28.700376+00:00,9da653163799d56c+ca3b837dd0b3e85c,user,Qwen/Qwen3-4B-Instruct-2507,derived_validated,
98475,at://did:plc:fyitqypzz6qaax7ve46hsw52/app.bsky.feed.post/3mvsjx6hvry2x,did:plc:fyitqypzz6qaax7ve46hsw52,2026-09-18T15:58:54+00:00,bluesky,true,true,false,true,relevant,relevant,irrelevant,llm_v2b>llm_v2c>llm_v2d,llm_v2b@2026-09-22T06:02:28.700376+00:00,9da653163799d56c+ca3b837dd0b3e85c,user,Qwen/Qwen3-4B-Instruct-2507,derived_validated,
98483,at://did:plc:uf6566ur4zv2h7yl4les2ygh/app.bsky.feed.post/3mvsj5trb6z23,did:plc:uf6566ur4zv2h7yl4les2ygh,2026-09-18T15:44:44+00:00,bluesky,true,true,false,true,relevant,relevant,irrelevant,llm_v2b>llm_v2c>llm_v2d,llm_v2b@2026-09-22T06:02:28.700376+00:00,9da653163799d56c+ca3b837dd0b3e85c,user,Qwen/Qwen3-4B-Instruct-2507,derived_validated,
98484,at://did:plc:sj7x2xctlsf6pilv4chfnz3t/app.bsky.feed.post/3mvsj4q3r6e2t,did:plc:sj7x2xctlsf6pilv4chfnz3t,2026-09-18T15:44:07.829000+00:00,bluesky,true,true,false,true,relevant,relevant,irrelevant,llm_v2b>llm_v2c>llm_v2d,llm_v2b@2026-09-22T06:02:28.700376+00:00,9da653163799d56c+ca3b837dd0b3e85c,user,Qwen/Qwen3-4B-Instruct-2507,derived_validated,
98512,at://did:plc:fozzbhhdmk6sch52su2ney4e/app.bsky.feed.post/3mvshikwsnb2h,did:plc:fozzbhhdmk6sch52su2ney4e,2026-09-18T15:14:57.438247+00:00,bluesky,true,true,false,true,relevant,relevant,irrelevant,llm_v2b>llm_v2c>llm_v2d,llm_v2b@2026-09-22T06:02:28.700376+00:00,9da653163799d56c+ca3b837dd0b3e85c,user,Qwen/Qwen3-4B-Instruct-2507,derived_validated,
98560,at://did:plc:dnlygymbxetlmnowf72jfmrr/app.bsky.feed.post/3mvsegded5k2v,did:plc:dnlygymbxetlmnowf72jfmrr,2026-09-18T14:20:01.958000+00:00,bluesky,true,true,false,true,relevant,relevant,irrelevant,llm_v2b>llm_v2c>llm_v2d,llm_v2b@2026-09-22T06:02:28.700376+00:00,9da653163799d56c+ca3b837dd0b3e85c,user,Qwen/Qwen3-4B-Instruct-2507,derived_validated,
98562,at://did:plc:ng33k5c3zzaulr5m7pshjkhi/app.bsky.feed.post/3mvsefeh6sk2q,did:plc:ng33k5c3zzaulr5m7pshjkhi,2026-09-18T14:19:29.545000+00:00,bluesky,true,true,true,true,relevant,relevant,relevant,llm_v2b>llm_v2c>llm_v2d,llm_v2b@2026-09-22T06:02:28.700376+00:00,9da653163799d56c+ca3b837dd0b3e85c,user,Qwen/Qwen3-4B-Instruct-2507,derived_validated,
98587,at://did:plc:lkvzqvq45j3grirlbyztxy3l/app.bsky.feed.post/3mvsdd453vu2s,did:plc:lkvzqvq45j3grirlbyztxy3l,2026-09-18T14:00:19.854000+00:00,bluesky,true,true,false,true,relevant,relevant,irrelevant,llm_v2b>llm_v2c>llm_v2d,llm_v2b@2026-09-22T06:02:28.700376+00:00,9da653163799d56c+ca3b837dd0b3e85c,user,Qwen/Qwen3-4B-Instruct-2507,derived_validated,
98668,at://did:plc:dquq3cuuldkfy7iddqbjbejb/app.bsky.feed.post/3mvs6fzssq22l,did:plc:dquq3cuuldkfy7iddqbjbejb,2026-09-18T12:32:29.495000+00:00,bluesky,true,true,false,true,relevant,relevant,irrelevant,llm_v2b>llm_v2c>llm_v2d,llm_v2b@2026-09-22T06:02:28.700376+00:00,9da653163799d56c+ca3b837dd0b3e85c,user,Qwen/Qwen3-4B-Instruct-2507,derived_validated,
98715,at://did:plc:rqlawq7olqig27tjybldc32q/app.bsky.feed.post/3mvs4mfay3k2q,did:plc:rqlawq7olqig27tjybldc32q,2026-09-18T12:00:14.108000+00:00,bluesky,true,true,true,true,relevant,relevant,relevant,llm_v2b>llm_v2c>llm_v2d,llm_v2b@2026-09-22T06:02:28.700376+00:00,9da653163799d56c+ca3b837dd0b3e85c,user,Qwen/Qwen3-4B-Instruct-2507,derived_validated,
98718,at://did:plc:sgozpahmomavhhtun5cprd7w/app.bsky.feed.post/3mvs4ekdtkmx2,did:plc:sgozpahmomavhhtun5cprd7w,2026-09-18T11:54:53+00:00,bluesky,true,true,false,true,relevant,relevant,irrelevant,llm_v2b>llm_v2c>llm_v2d,llm_v2b@2026-09-22T06:02:28.700376+00:00,9da653163799d56c+ca3b837dd0b3e85c,user,Qwen/Qwen3-4B-Instruct-2507,derived_validated,
98906,at://did:plc:45l4jq2f7cqvzzu3qvnygv46/app.bsky.feed.post/3mvrrmq7ra22w,did:plc:45l4jq2f7cqvzzu3qvnygv46,2026-09-18T08:43:35.672000+00:00,bluesky,true,true,false,true,relevant,relevant,irrelevant,llm_v2b>llm_v2c>llm_v2d,llm_v2b@2026-09-22T06:02:28.700376+00:00,9da653163799d56c+ca3b837dd0b3e85c,user,Qwen/Qwen3-4B-Instruct-2507,derived_validated,
99032,at://did:plc:lmbuezbdevxtwbbglxczaxxp/app.bsky.feed.post/3mvrgb6abz225,did:plc:lmbuezbdevxtwbbglxczaxxp,2026-09-18T05:20:16.556000+00:00,bluesky,true,true,false,true,relevant,relevant,irrelevant,llm_v2b>llm_v2c>llm_v2d,llm_v2b@2026-09-22T06:02:28.700376+00:00,9da653163799d56c+ca3b837dd0b3e85c,user,Qwen/Qwen3-4B-Instruct-2507,derived_validated,
99192,at://did:plc:dn242yln2biooe6qkd237tqd/app.bsky.feed.post/3mvswwyx2sp2l,did:plc:dn242yln2biooe6qkd237tqd,2026-09-18T19:51:28.594000+00:00,bluesky,true,true,false,true,relevant,relevant,irrelevant,llm_v2b>llm_v2c>llm_v2d,llm_v2b@2026-09-22T06:02:28.700376+00:00,9da653163799d56c+ca3b837dd0b3e85c,user,Qwen/Qwen3-4B-Instruct-2507,derived_validated,
99203,at://did:plc:dn242yln2biooe6qkd237tqd/app.bsky.feed.post/3mvsicecz3a2a,did:plc:dn242yln2biooe6qkd237tqd,2026-09-18T15:29:23.518000+00:00,bluesky,true,true,false,true,relevant,relevant,irrelevant,llm_v2b>llm_v2c>llm_v2d,llm_v2b@2026-09-22T06:02:28.700376+00:00,9da653163799d56c+ca3b837dd0b3e85c,user,Qwen/Qwen3-4B-Instruct-2507,derived_validated,
99215,at://did:plc:eto6t7rpubrs7rfjbpk47ji6/app.bsky.feed.post/3mvs3lsv63v2a,did:plc:eto6t7rpubrs7rfjbpk47ji6,2026-09-18T11:42:01.650000+00:00,bluesky,true,true,false,true,relevant,relevant,irrelevant,llm_v2b>llm_v2c>llm_v2d,llm_v2b@2026-09-22T06:02:28.700376+00:00,9da653163799d56c+ca3b837dd0b3e85c,user,Qwen/Qwen3-4B-Instruct-2507,derived_validated,
99254,at://did:plc:u6celkmubfsmbus5m3aqcrla/app.bsky.feed.post/3mvt5covtsf24,did:plc:u6celkmubfsmbus5m3aqcrla,2026-09-18T21:45:23+00:00,bluesky,true,true,false,true,relevant,relevant,irrelevant,llm_v2b>llm_v2c>llm_v2d,llm_v2b@2026-09-22T06:02:28.700376+00:00,9da653163799d56c+ca3b837dd0b3e85c,user,Qwen/Qwen3-4B-Instruct-2507,derived_validated,
99304,at://did:plc:rilouz42mtsduflwunh5qw3t/app.bsky.feed.post/3mvsox2t7d22d,did:plc:rilouz42mtsduflwunh5qw3t,2026-09-18T17:28:20.850000+00:00,bluesky,true,true,false,true,relevant,relevant,irrelevant,llm_v2b>llm_v2c>llm_v2d,llm_v2b@2026-09-22T06:02:28.700376+00:00,9da653163799d56c+ca3b837dd0b3e85c,user,Qwen/Qwen3-4B-Instruct-2507,derived_validated,
99439,at://did:plc:bki5iv6pxyddb57m4b5qkxgb/app.bsky.feed.post/3mvrrheknlwk2,did:plc:bki5iv6pxyddb57m4b5qkxgb,2026-09-18T08:40:32+00:00,bluesky,true,true,false,true,relevant,relevant,irrelevant,llm_v2b>llm_v2c>llm_v2d,llm_v2b@2026-09-22T06:02:28.700376+00:00,9da653163799d56c+ca3b837dd0b3e85c,user,Qwen/Qwen3-4B-Instruct-2507,derived_validated,
99665,at://did:plc:qtvzswlr5ivdlpof4agxr46s/app.bsky.feed.post/3mvrzi7li5s23,did:plc:qtvzswlr5ivdlpof4agxr46s,2026-09-18T11:04:13.933000+00:00,bluesky,true,true,false,true,relevant,relevant,irrelevant,llm_v2b>llm_v2c>llm_v2d,llm_v2b@2026-09-22T06:02:28.700376+00:00,9da653163799d56c+ca3b837dd0b3e85c,user,Qwen/Qwen3-4B-Instruct-2507,derived_validated,
99667,at://did:plc:qtvzswlr5ivdlpof4agxr46s/app.bsky.feed.post/3mvryyxegns23,did:plc:qtvzswlr5ivdlpof4agxr46s,2026-09-18T10:55:42.011000+00:00,bluesky,true,true,false,true,relevant,relevant,irrelevant,llm_v2b>llm_v2c>llm_v2d,llm_v2b@2026-09-22T06:02:28.700376+00:00,9da653163799d56c+ca3b837dd0b3e85c,user,Qwen/Qwen3-4B-Instruct-2507,derived_validated,
99778,at://did:plc:pcievrygrnjjg5ni7mjfgctb/app.bsky.feed.post/3mvrxxzyvzs2d,did:plc:pcievrygrnjjg5ni7mjfgctb,2026-09-18T10:37:17.419000+00:00,bluesky,true,true,false,true,relevant,relevant,irrelevant,llm_v2b>llm_v2c>llm_v2d,llm_v2b@2026-09-22T06:02:28.700376+00:00,9da653163799d56c+ca3b837dd0b3e85c,user,Qwen/Qwen3-4B-Instruct-2507,derived_validated,
99794,at://did:plc:i5a2vsezf56iu2yjtmb7m2tb/app.bsky.feed.post/3mvrd67a7bc2l,did:plc:i5a2vsezf56iu2yjtmb7m2tb,2026-09-18T04:24:55.713000+00:00,bluesky,true,true,true,true,relevant,relevant,relevant,llm_v2b>llm_v2c>llm_v2d,llm_v2b@2026-09-22T06:02:28.700376+00:00,9da653163799d56c+ca3b837dd0b3e85c,user,Qwen/Qwen3-4B-Instruct-2507,derived_validated,
99954,at://did:plc:ags2mtmnb4pjx7mdtxzxfxep/app.bsky.feed.post/3mvst3fcbxc2q,did:plc:ags2mtmnb4pjx7mdtxzxfxep,2026-09-18T18:42:21.016000+00:00,bluesky,true,true,false,true,relevant,relevant,irrelevant,llm_v2b>llm_v2c>llm_v2d,llm_v2b@2026-09-22T06:02:28.700376+00:00,9da653163799d56c+ca3b837dd0b3e85c,user,Qwen/Qwen3-4B-Instruct-2507,derived_validated,
100318,at://did:plc:5g7kbactpfag3z4h3bzbf4sk/app.bsky.feed.post/3mvs47sxx2k2c,did:plc:5g7kbactpfag3z4h3bzbf4sk,2026-09-18T11:53:13.514000+00:00,bluesky,true,true,false,true,relevant,relevant,irrelevant,llm_v2b>llm_v2c>llm_v2d,llm_v2b@2026-09-22T06:02:28.700376+00:00,9da653163799d56c+ca3b837dd0b3e85c,user,Qwen/Qwen3-4B-Instruct-2507,derived_validated,
100330,at://did:plc:lanvmgthztbuwa3ieqcrzsys/app.bsky.feed.post/3mvrirj362c22,did:plc:lanvmgthztbuwa3ieqcrzsys,2026-09-18T06:05:12.277000+00:00,bluesky,true,true,false,true,relevant,relevant,irrelevant,llm_v2b>llm_v2c>llm_v2d,llm_v2b@2026-09-22T06:02:28.700376+00:00,9da653163799d56c+ca3b837dd0b3e85c,user,Qwen/Qwen3-4B-Instruct-2507,derived_validated,
100340,at://did:plc:owyl5siz6ibqxwxls4szerlx/app.bsky.feed.post/3mvqwbfkuzk2c,did:plc:owyl5siz6ibqxwxls4szerlx,2026-09-18T00:34:04.374000+00:00,bluesky,true,true,false,true,relevant,relevant,irrelevant,llm_v2b>llm_v2c>llm_v2d,llm_v2b@2026-09-22T06:02:28.700376+00:00,9da653163799d56c+ca3b837dd0b3e85c,user,Qwen/Qwen3-4B-Instruct-2507,derived_validated,
100432,at://did:plc:did5psctmmw4j4xlxu64uvzq/app.bsky.feed.post/3mvt6ah22vc2r,did:plc:did5psctmmw4j4xlxu64uvzq,2026-09-18T22:02:01.777000+00:00,bluesky,true,true,true,true,relevant,relevant,relevant,llm_v2b>llm_v2c>llm_v2d,llm_v2b@2026-09-22T06:02:28.700376+00:00,9da653163799d56c+ca3b837dd0b3e85c,user,Qwen/Qwen3-4B-Instruct-2507,derived_validated,
100438,at://did:plc:sj3q7bq52ejz3oanpnk6i4v2/app.bsky.feed.post/3mvsusekino27,did:plc:sj3q7bq52ejz3oanpnk6i4v2,2026-09-18T19:13:05.652000+00:00,bluesky,true,true,true,true,relevant,relevant,relevant,llm_v2b>llm_v2c>llm_v2d,llm_v2b@2026-09-22T06:02:28.700376+00:00,9da653163799d56c+ca3b837dd0b3e85c,user,Qwen/Qwen3-4B-Instruct-2507,derived_validated,
100439,at://did:plc:2ys35qzvc265dtaltqdmgxcm/app.bsky.feed.post/3mvsuq3fflp2u,did:plc:2ys35qzvc265dtaltqdmgxcm,2026-09-18T19:11:48.944000+00:00,bluesky,true,true,true,true,relevant,relevant,relevant,llm_v2b>llm_v2c>llm_v2d,llm_v2b@2026-09-22T06:02:28.700376+00:00,9da653163799d56c+ca3b837dd0b3e85c,user,Qwen/Qwen3-4B-Instruct-2507,derived_validated,
100440,at://did:plc:ksubnc3tnvhynkmszhw5zsyh/app.bsky.feed.post/3mvsuq26kbu22,did:plc:ksubnc3tnvhynkmszhw5zsyh,2026-09-18T19:11:47.705000+00:00,bluesky,true,true,true,true,relevant,relevant,relevant,llm_v2b>llm_v2c>llm_v2d,llm_v2b@2026-09-22T06:02:28.700376+00:00,9da653163799d56c+ca3b837dd0b3e85c,user,Qwen/Qwen3-4B-Instruct-2507,derived_validated,
100534,at://did:plc:xhohr4frmxubpwya7b2bjz75/app.bsky.feed.post/3mvrzbiwv5b2o,did:plc:xhohr4frmxubpwya7b2bjz75,2026-09-18T11:00:28+00:00,bluesky,true,true,false,true,relevant,relevant,irrelevant,llm_v2b>llm_v2c>llm_v2d,llm_v2b@2026-09-22T06:02:28.700376+00:00,9da653163799d56c+ca3b837dd0b3e85c,user,Qwen/Qwen3-4B-Instruct-2507,derived_validated,
100578,at://did:plc:a3ao5kas7dyi5ooog5saz2ko/app.bsky.feed.post/3mvtaaskkt62r,did:plc:a3ao5kas7dyi5ooog5saz2ko,2026-09-18T22:38:01.248000+00:00,bluesky,true,true,false,true,relevant,relevant,irrelevant,llm_v2b>llm_v2c>llm_v2d,llm_v2b@2026-09-22T06:02:28.700376+00:00,9da653163799d56c+ca3b837dd0b3e85c,user,Qwen/Qwen3-4B-Instruct-2507,derived_validated,
100630,at://did:plc:2mgpf44nirnudyjapkzsymu2/app.bsky.feed.post/3mvt3kvhykv2w,did:plc:2mgpf44nirnudyjapkzsymu2,2026-09-18T21:14:11.051000+00:00,bluesky,true,true,false,true,relevant,relevant,irrelevant,llm_v2b>llm_v2c>llm_v2d,llm_v2b@2026-09-22T06:02:28.700376+00:00,9da653163799d56c+ca3b837dd0b3e85c,user,Qwen/Qwen3-4B-Instruct-2507,derived_validated,
100679,at://did:plc:zhe53h7ajlloep2oso5pqxzj/app.bsky.feed.post/3mvstj7p4lf2j,did:plc:zhe53h7ajlloep2oso5pqxzj,2026-09-18T18:50:01+00:00,bluesky,true,true,false,true,relevant,relevant,irrelevant,llm_v2b>llm_v2c>llm_v2d,llm_v2b@2026-09-22T06:02:28.700376+00:00,9da653163799d56c+ca3b837dd0b3e85c,user,Qwen/Qwen3-4B-Instruct-2507,derived_validated,
100681,at://did:plc:zhe53h7ajlloep2oso5pqxzj/app.bsky.feed.post/3mvssxem7272f,did:plc:zhe53h7ajlloep2oso5pqxzj,2026-09-18T18:40:01+00:00,bluesky,true,true,false,true,relevant,relevant,irrelevant,llm_v2b>llm_v2c>llm_v2d,llm_v2b@2026-09-22T06:02:28.700376+00:00,9da653163799d56c+ca3b837dd0b3e85c,user,Qwen/Qwen3-4B-Instruct-2507,derived_validated,
100682,at://did:plc:zhe53h7ajlloep2oso5pqxzj/app.bsky.feed.post/3mvssxcqil52j,did:plc:zhe53h7ajlloep2oso5pqxzj,2026-09-18T18:40:01+00:00,bluesky,true,true,false,true,relevant,relevant,irrelevant,llm_v2b>llm_v2c>llm_v2d,llm_v2b@2026-09-22T06:02:28.700376+00:00,9da653163799d56c+ca3b837dd0b3e85c,user,Qwen/Qwen3-4B-Instruct-2507,derived_validated,
100683,at://did:plc:zhe53h7ajlloep2oso5pqxzj/app.bsky.feed.post/3mvssfhtwjd2b,did:plc:zhe53h7ajlloep2oso5pqxzj,2026-09-18T18:30:01+00:00,bluesky,true,true,false,true,relevant,relevant,irrelevant,llm_v2b>llm_v2c>llm_v2d,llm_v2b@2026-09-22T06:02:28.700376+00:00,9da653163799d56c+ca3b837dd0b3e85c,user,Qwen/Qwen3-4B-Instruct-2507,derived_validated,
100684,at://did:plc:zhe53h7ajlloep2oso5pqxzj/app.bsky.feed.post/3mvssfftbvy2t,did:plc:zhe53h7ajlloep2oso5pqxzj,2026-09-18T18:30:01+00:00,bluesky,true,true,false,true,relevant,relevant,irrelevant,llm_v2b>llm_v2c>llm_v2d,llm_v2b@2026-09-22T06:02:28.700376+00:00,9da653163799d56c+ca3b837dd0b3e85c,user,Qwen/Qwen3-4B-Instruct-2507,derived_validated,
100687,at://did:plc:zhe53h7ajlloep2oso5pqxzj/app.bsky.feed.post/3mvsrtl6ebs2g,did:plc:zhe53h7ajlloep2oso5pqxzj,2026-09-18T18:20:01+00:00,bluesky,true,true,false,true,relevant,relevant,irrelevant,llm_v2b>llm_v2c>llm_v2d,llm_v2b@2026-09-22T06:02:28.700376+00:00,9da653163799d56c+ca3b837dd0b3e85c,user,Qwen/Qwen3-4B-Instruct-2507,derived_validated,
100688,at://did:plc:zhe53h7ajlloep2oso5pqxzj/app.bsky.feed.post/3mvsrtjonfo2p,did:plc:zhe53h7ajlloep2oso5pqxzj,2026-09-18T18:20:01+00:00,bluesky,true,true,false,true,relevant,relevant,irrelevant,llm_v2b>llm_v2c>llm_v2d,llm_v2b@2026-09-22T06:02:28.700376+00:00,9da653163799d56c+ca3b837dd0b3e85c,user,Qwen/Qwen3-4B-Instruct-2507,derived_validated,
100693,at://did:plc:zhe53h7ajlloep2oso5pqxzj/app.bsky.feed.post/3mvsrbnrksb22,did:plc:zhe53h7ajlloep2oso5pqxzj,2026-09-18T18:10:01+00:00,bluesky,true,true,false,true,relevant,relevant,irrelevant,llm_v2b>llm_v2c>llm_v2d,llm_v2b@2026-09-22T06:02:28.700376+00:00,9da653163799d56c+ca3b837dd0b3e85c,user,Qwen/Qwen3-4B-Instruct-2507,derived_validated,
100712,at://did:plc:a3ao5kas7dyi5ooog5saz2ko/app.bsky.feed.post/3mvsq47tfle23,did:plc:a3ao5kas7dyi5ooog5saz2ko,2026-09-18T17:49:07.523000+00:00,bluesky,true,true,false,true,relevant,relevant,irrelevant,llm_v2b>llm_v2c>llm_v2d,llm_v2b@2026-09-22T06:02:28.700376+00:00,9da653163799d56c+ca3b837dd0b3e85c,user,Qwen/Qwen3-4B-Instruct-2507,derived_validated,
100713,at://did:plc:a3ao5kas7dyi5ooog5saz2ko/app.bsky.feed.post/3mvsq46tqfp2l,did:plc:a3ao5kas7dyi5ooog5saz2ko,2026-09-18T17:49:06.487000+00:00,bluesky,true,true,false,true,relevant,relevant,irrelevant,llm_v2b>llm_v2c>llm_v2d,llm_v2b@2026-09-22T06:02:28.700376+00:00,9da653163799d56c+ca3b837dd0b3e85c,user,Qwen/Qwen3-4B-Instruct-2507,derived_validated,
100752,at://did:plc:qv4cel4jrf5qqzfq6ddvp6yv/app.bsky.feed.post/3mvsiwo53bt23,did:plc:qv4cel4jrf5qqzfq6ddvp6yv,2026-09-18T15:40:44+00:00,bluesky,true,true,false,true,relevant,relevant,irrelevant,llm_v2b>llm_v2c>llm_v2d,llm_v2b@2026-09-22T06:02:28.700376+00:00,9da653163799d56c+ca3b837dd0b3e85c,user,Qwen/Qwen3-4B-Instruct-2507,derived_validated,
100754,at://did:plc:qv4cel4jrf5qqzfq6ddvp6yv/app.bsky.feed.post/3mvsiwil6522c,did:plc:qv4cel4jrf5qqzfq6ddvp6yv,2026-09-18T15:40:34+00:00,bluesky,true,true,false,true,relevant,relevant,irrelevant,llm_v2b>llm_v2c>llm_v2d,llm_v2b@2026-09-22T06:02:28.700376+00:00,9da653163799d56c+ca3b837dd0b3e85c,user,Qwen/Qwen3-4B-Instruct-2507,derived_validated,
100755,at://did:plc:qv4cel4jrf5qqzfq6ddvp6yv/app.bsky.feed.post/3mvsiwdysvs2q,did:plc:qv4cel4jrf5qqzfq6ddvp6yv,2026-09-18T15:40:33+00:00,bluesky,true,true,false,true,relevant,relevant,irrelevant,llm_v2b>llm_v2c>llm_v2d,llm_v2b@2026-09-22T06:02:28.700376+00:00,9da653163799d56c+ca3b837dd0b3e85c,user,Qwen/Qwen3-4B-Instruct-2507,derived_validated,
100756,at://did:plc:qv4cel4jrf5qqzfq6ddvp6yv/app.bsky.feed.post/3mvsiwcmc5o23,did:plc:qv4cel4jrf5qqzfq6ddvp6yv,2026-09-18T15:40:31+00:00,bluesky,true,true,false,true,relevant,relevant,irrelevant,llm_v2b>llm_v2c>llm_v2d,llm_v2b@2026-09-22T06:02:28.700376+00:00,9da653163799d56c+ca3b837dd0b3e85c,user,Qwen/Qwen3-4B-Instruct-2507,derived_validated,
100767,at://did:plc:nq672mxwwjhcpl6il2zcvgna/app.bsky.feed.post/3mvsgo652ym2w,did:plc:nq672mxwwjhcpl6il2zcvgna,2026-09-18T15:00:11+00:00,bluesky,true,true,false,true,relevant,relevant,irrelevant,llm_v2b>llm_v2c>llm_v2d,llm_v2b@2026-09-22T06:02:28.700376+00:00,9da653163799d56c+ca3b837dd0b3e85c,user,Qwen/Qwen3-4B-Instruct-2507,derived_validated,
100821,at://did:plc:u6celkmubfsmbus5m3aqcrla/app.bsky.feed.post/3mvs4mq4wtg2q,did:plc:u6celkmubfsmbus5m3aqcrla,2026-09-18T12:00:26+00:00,bluesky,true,true,false,true,relevant,relevant,irrelevant,llm_v2b>llm_v2c>llm_v2d,llm_v2b@2026-09-22T06:02:28.700376+00:00,9da653163799d56c+ca3b837dd0b3e85c,user,Qwen/Qwen3-4B-Instruct-2507,derived_validated,
101008,at://did:plc:dyzbakrpj25wudow7x43wmm6/app.bsky.feed.post/3mvqvtm55py23,did:plc:dyzbakrpj25wudow7x43wmm6,2026-09-18T00:26:21.423000+00:00,bluesky,true,true,false,true,relevant,relevant,irrelevant,llm_v2b>llm_v2c>llm_v2d,llm_v2b@2026-09-22T06:02:28.700376+00:00,9da653163799d56c+ca3b837dd0b3e85c,user,Qwen/Qwen3-4B-Instruct-2507,derived_validated,
101225,at://did:plc:a5eagqq4ohdarhmrceyhkj7f/app.bsky.feed.post/3mvryinxnyb2i,did:plc:a5eagqq4ohdarhmrceyhkj7f,2026-09-18T10:46:35+00:00,bluesky,true,true,false,true,relevant,relevant,irrelevant,llm_v2b>llm_v2c>llm_v2d,llm_v2b@2026-09-22T06:02:28.700376+00:00,9da653163799d56c+ca3b837dd0b3e85c,user,Qwen/Qwen3-4B-Instruct-2507,derived_validated,
101288,at://did:plc:cx6k65eqssfqt2ievqsrowwz/app.bsky.feed.post/3mvrq6iymmk2m,did:plc:cx6k65eqssfqt2ievqsrowwz,2026-09-18T08:17:44.593000+00:00,bluesky,true,true,false,true,relevant,relevant,irrelevant,llm_v2b>llm_v2c>llm_v2d,llm_v2b@2026-09-22T06:02:28.700376+00:00,9da653163799d56c+ca3b837dd0b3e85c,user,Qwen/Qwen3-4B-Instruct-2507,derived_validated,
101293,at://did:plc:pu4dpzlp6vjxwy2wi62dtihl/app.bsky.feed.post/3mvrpgnycyj2s,did:plc:pu4dpzlp6vjxwy2wi62dtihl,2026-09-18T08:04:24.501953+00:00,bluesky,true,true,false,true,relevant,relevant,irrelevant,llm_v2b>llm_v2c>llm_v2d,llm_v2b@2026-09-22T06:02:28.700376+00:00,9da653163799d56c+ca3b837dd0b3e85c,user,Qwen/Qwen3-4B-Instruct-2507,derived_validated,
101305,at://did:plc:u6celkmubfsmbus5m3aqcrla/app.bsky.feed.post/3mvvui6h7mt24,did:plc:u6celkmubfsmbus5m3aqcrla,2026-09-19T23:45:22+00:00,bluesky,true,true,true,true,relevant,relevant,relevant,llm_v2b>llm_v2c>llm_v2d,llm_v2b@2026-09-22T06:02:28.700376+00:00,9da653163799d56c+ca3b837dd0b3e85c,user,Qwen/Qwen3-4B-Instruct-2507,derived_validated,
101309,at://did:plc:i5a2vsezf56iu2yjtmb7m2tb/app.bsky.feed.post/3mvvripcxm22y,did:plc:i5a2vsezf56iu2yjtmb7m2tb,2026-09-19T22:51:59.465000+00:00,bluesky,true,true,false,true,relevant,relevant,irrelevant,llm_v2b>llm_v2c>llm_v2d,llm_v2b@2026-09-22T06:02:28.700376+00:00,9da653163799d56c+ca3b837dd0b3e85c,user,Qwen/Qwen3-4B-Instruct-2507,derived_validated,
101451,at://did:plc:u5d54hkw4ysuqtuvcj6cmsin/app.bsky.feed.post/3mvu3i6r2oa26,did:plc:u5d54hkw4ysuqtuvcj6cmsin,2026-09-19T06:45:19.992940+00:00,bluesky,true,true,true,true,relevant,relevant,relevant,llm_v2b>llm_v2c>llm_v2d,llm_v2b@2026-09-22T06:02:28.700376+00:00,9da653163799d56c+ca3b837dd0b3e85c,user,Qwen/Qwen3-4B-Instruct-2507,derived_validated,
101452,at://did:plc:u5d54hkw4ysuqtuvcj6cmsin/app.bsky.feed.post/3mvu3i5smu32a,did:plc:u5d54hkw4ysuqtuvcj6cmsin,2026-09-19T06:45:18.998820+00:00,bluesky,true,true,true,true,relevant,relevant,relevant,llm_v2b>llm_v2c>llm_v2d,llm_v2b@2026-09-22T06:02:28.700376+00:00,9da653163799d56c+ca3b837dd0b3e85c,user,Qwen/Qwen3-4B-Instruct-2507,derived_validated,
101464,at://did:plc:i5a2vsezf56iu2yjtmb7m2tb/app.bsky.feed.post/3mvtyinhgcc2t,did:plc:i5a2vsezf56iu2yjtmb7m2tb,2026-09-19T05:51:54.229000+00:00,bluesky,true,true,false,true,relevant,relevant,irrelevant,llm_v2b>llm_v2c>llm_v2d,llm_v2b@2026-09-22T06:02:28.700376+00:00,9da653163799d56c+ca3b837dd0b3e85c,user,Qwen/Qwen3-4B-Instruct-2507,derived_validated,
101471,at://did:plc:u6celkmubfsmbus5m3aqcrla/app.bsky.feed.post/3mvtrgcnhux2y,did:plc:u6celkmubfsmbus5m3aqcrla,2026-09-19T03:45:19+00:00,bluesky,true,true,true,true,relevant,relevant,relevant,llm_v2b>llm_v2c>llm_v2d,llm_v2b@2026-09-22T06:02:28.700376+00:00,9da653163799d56c+ca3b837dd0b3e85c,user,Qwen/Qwen3-4B-Instruct-2507,derived_validated,
101529,at://did:plc:yytz6pkrybuult75bykqhxn6/app.bsky.feed.post/3mvuufdfhw426,did:plc:yytz6pkrybuult75bykqhxn6,2026-09-19T14:11:07.721575+00:00,bluesky,true,true,false,true,relevant,relevant,irrelevant,llm_v2b>llm_v2c>llm_v2d,llm_v2b@2026-09-22T06:02:28.700376+00:00,9da653163799d56c+ca3b837dd0b3e85c,user,Qwen/Qwen3-4B-Instruct-2507,derived_validated,
101540,at://did:plc:jkh2hpmhw5y4ab2yxufqqmka/app.bsky.feed.post/3mvup5a5zhy2r,did:plc:jkh2hpmhw5y4ab2yxufqqmka,2026-09-19T12:37:06.883000+00:00,bluesky,true,true,false,true,relevant,relevant,irrelevant,llm_v2b>llm_v2c>llm_v2d,llm_v2b@2026-09-22T06:02:28.700376+00:00,9da653163799d56c+ca3b837dd0b3e85c,user,Qwen/Qwen3-4B-Instruct-2507,derived_validated,
101582,at://did:plc:xxazhwralktvxkr7tqxdn54z/app.bsky.feed.post/3mvtf4vztzf2l,did:plc:xxazhwralktvxkr7tqxdn54z,2026-09-19T00:05:18+00:00,bluesky,true,true,false,true,relevant,relevant,irrelevant,llm_v2b>llm_v2c>llm_v2d,llm_v2b@2026-09-22T06:02:28.700376+00:00,9da653163799d56c+ca3b837dd0b3e85c,user,Qwen/Qwen3-4B-Instruct-2507,derived_validated,
101597,at://did:plc:hx7sxraqjazwtenpevlq5zfa/app.bsky.feed.post/3mvvg4sg7ms2x,did:plc:hx7sxraqjazwtenpevlq5zfa,2026-09-19T19:28:28.903000+00:00,bluesky,true,true,true,true,relevant,relevant,relevant,llm_v2b>llm_v2c>llm_v2d,llm_v2b@2026-09-22T06:02:28.700376+00:00,9da653163799d56c+ca3b837dd0b3e85c,user,Qwen/Qwen3-4B-Instruct-2507,derived_validated,
101656,at://did:plc:wfn35dbu44wxf7o6wyrqzi4l/app.bsky.feed.post/3mvtm2gb6322r,did:plc:wfn35dbu44wxf7o6wyrqzi4l,2026-09-19T02:09:12.020000+00:00,bluesky,false,false,true,true,irrelevant,irrelevant,relevant,llm_v2b>llm_v2c>llm_v2d,,,,,deterministic_rules,
101662,at://did:plc:vxzqeu2zbp4bviwvmqbixlps/app.bsky.feed.post/3mvtfyuupss22,did:plc:vxzqeu2zbp4bviwvmqbixlps,2026-09-19T00:20:57.332285+00:00,bluesky,true,true,true,true,relevant,relevant,relevant,llm_v2b>llm_v2c>llm_v2d,llm_v2b@2026-09-22T06:02:28.700376+00:00,9da653163799d56c+ca3b837dd0b3e85c,user,Qwen/Qwen3-4B-Instruct-2507,derived_validated,
101818,at://did:plc:sjiqjo33a3br4iyed7ph5oym/app.bsky.feed.post/3mvvh4s2ane2n,did:plc:sjiqjo33a3br4iyed7ph5oym,2026-09-19T19:46:22.007000+00:00,bluesky,true,true,false,true,relevant,relevant,irrelevant,llm_v2b>llm_v2c>llm_v2d,llm_v2b@2026-09-22T06:02:28.700376+00:00,9da653163799d56c+ca3b837dd0b3e85c,user,Qwen/Qwen3-4B-Instruct-2507,derived_validated,
102020,at://did:plc:j45t2elmrqmann2mkwwewkvh/app.bsky.feed.post/3mvuxqdej5i27,did:plc:j45t2elmrqmann2mkwwewkvh,2026-09-19T15:10:57.730000+00:00,bluesky,true,true,false,true,relevant,relevant,irrelevant,llm_v2b>llm_v2c>llm_v2d,llm_v2b@2026-09-22T06:02:28.700376+00:00,9da653163799d56c+ca3b837dd0b3e85c,user,Qwen/Qwen3-4B-Instruct-2507,derived_validated,
102067,at://did:plc:yytz6pkrybuult75bykqhxn6/app.bsky.feed.post/3mvuuddjzol2w,did:plc:yytz6pkrybuult75bykqhxn6,2026-09-19T14:10:00.758375+00:00,bluesky,true,true,false,true,relevant,relevant,irrelevant,llm_v2b>llm_v2c>llm_v2d,llm_v2b@2026-09-22T06:02:28.700376+00:00,9da653163799d56c+ca3b837dd0b3e85c,user,Qwen/Qwen3-4B-Instruct-2507,derived_validated,
102087,at://did:plc:gdqumykkptobwxvtvg352i5b/app.bsky.feed.post/3mvuts7wl6xg2,did:plc:gdqumykkptobwxvtvg352i5b,2026-09-19T14:00:01+00:00,bluesky,true,true,true,true,relevant,relevant,relevant,llm_v2b>llm_v2c>llm_v2d,llm_v2b@2026-09-22T06:02:28.700376+00:00,9da653163799d56c+ca3b837dd0b3e85c,user,Qwen/Qwen3-4B-Instruct-2507,derived_validated,
102091,at://did:plc:rgjtrlvgbz65yeq4p2xl6idx/app.bsky.feed.post/3mvutj7tx2s2i,did:plc:rgjtrlvgbz65yeq4p2xl6idx,2026-09-19T13:55:24.540000+00:00,bluesky,true,true,false,true,relevant,relevant,irrelevant,llm_v2b>llm_v2c>llm_v2d,llm_v2b@2026-09-22T06:02:28.700376+00:00,9da653163799d56c+ca3b837dd0b3e85c,user,Qwen/Qwen3-4B-Instruct-2507,derived_validated,
102252,at://did:plc:662owmjst4kd3r4okuoqudgq/app.bsky.feed.post/3mvuf6l2pss2y,did:plc:662owmjst4kd3r4okuoqudgq,2026-09-19T09:38:54.815000+00:00,bluesky,true,true,true,true,relevant,relevant,relevant,llm_v2b>llm_v2c>llm_v2d,llm_v2b@2026-09-22T06:02:28.700376+00:00,9da653163799d56c+ca3b837dd0b3e85c,user,Qwen/Qwen3-4B-Instruct-2507,derived_validated,
102318,at://did:plc:fbdt2t33tw5z2fejjhd7moz5/app.bsky.feed.post/3mvu7mho2ni2e,did:plc:fbdt2t33tw5z2fejjhd7moz5,2026-09-19T08:00:02+00:00,bluesky,true,true,false,true,relevant,relevant,irrelevant,llm_v2b>llm_v2c>llm_v2d,llm_v2b@2026-09-22T06:02:28.700376+00:00,9da653163799d56c+ca3b837dd0b3e85c,user,Qwen/Qwen3-4B-Instruct-2507,derived_validated,
102329,at://did:plc:yk3m7errkp4golum2bkyimgp/app.bsky.feed.post/3mvu67vqdrs2b,did:plc:yk3m7errkp4golum2bkyimgp,2026-09-19T07:34:23.371000+00:00,bluesky,true,true,true,true,relevant,relevant,relevant,llm_v2b>llm_v2c>llm_v2d,llm_v2b@2026-09-22T06:02:28.700376+00:00,9da653163799d56c+ca3b837dd0b3e85c,user,Qwen/Qwen3-4B-Instruct-2507,derived_validated,
102350,at://did:plc:yk3m7errkp4golum2bkyimgp/app.bsky.feed.post/3mvu3pwspws25,did:plc:yk3m7errkp4golum2bkyimgp,2026-09-19T06:49:40.143000+00:00,bluesky,true,true,true,true,relevant,relevant,relevant,llm_v2b>llm_v2c>llm_v2d,llm_v2b@2026-09-22T06:02:28.700376+00:00,9da653163799d56c+ca3b837dd0b3e85c,user,Qwen/Qwen3-4B-Instruct-2507,derived_validated,
102355,at://did:plc:xvo7gsaojuuuxc6rlw374pls/app.bsky.feed.post/3mvu3bxd5sr2x,did:plc:xvo7gsaojuuuxc6rlw374pls,2026-09-19T06:41:50.818298+00:00,bluesky,true,true,false,true,relevant,relevant,irrelevant,llm_v2b>llm_v2c>llm_v2d,llm_v2b@2026-09-22T06:02:28.700376+00:00,9da653163799d56c+ca3b837dd0b3e85c,user,Qwen/Qwen3-4B-Instruct-2507,derived_validated,
102389,at://did:plc:i2y34utl5i7yo34ymxxksmwo/app.bsky.feed.post/3mvty6i323n2a,did:plc:i2y34utl5i7yo34ymxxksmwo,2026-09-19T05:46:12+00:00,bluesky,true,true,false,true,relevant,relevant,irrelevant,llm_v2b>llm_v2c>llm_v2d,llm_v2b@2026-09-22T06:02:28.700376+00:00,9da653163799d56c+ca3b837dd0b3e85c,user,Qwen/Qwen3-4B-Instruct-2507,derived_validated,
102492,at://did:plc:ymnjpza4v6aj6vjtfxfvpwfg/app.bsky.feed.post/3mvtqm74ehv2q,did:plc:ymnjpza4v6aj6vjtfxfvpwfg,2026-09-19T03:30:42.650000+00:00,bluesky,true,true,false,true,relevant,relevant,irrelevant,llm_v2b>llm_v2c>llm_v2d,llm_v2b@2026-09-22T06:02:28.700376+00:00,9da653163799d56c+ca3b837dd0b3e85c,user,Qwen/Qwen3-4B-Instruct-2507,derived_validated,
102540,at://did:plc:wnusupbviie6cpczukfipjpc/app.bsky.feed.post/3mvtmza4thk2e,did:plc:wnusupbviie6cpczukfipjpc,2026-09-19T02:26:25.775000+00:00,bluesky,false,false,true,true,irrelevant,irrelevant,relevant,llm_v2b>llm_v2c>llm_v2d,,,,,deterministic_rules,
102571,at://did:plc:dpmwlesjodhle7ss5227yvvg/app.bsky.feed.post/3mvtjr64ade27,did:plc:dpmwlesjodhle7ss5227yvvg,2026-09-19T01:28:12+00:00,bluesky,true,true,true,true,relevant,relevant,relevant,llm_v2b>llm_v2c>llm_v2d,llm_v2b@2026-09-22T06:02:28.700376+00:00,9da653163799d56c+ca3b837dd0b3e85c,user,Qwen/Qwen3-4B-Instruct-2507,derived_validated,
102674,at://did:plc:qtikdkwwynlm2ohkocs2f4sc/app.bsky.feed.post/3mvvs3w6al32h,did:plc:qtikdkwwynlm2ohkocs2f4sc,2026-09-19T23:02:43.960970+00:00,bluesky,true,true,false,true,relevant,relevant,irrelevant,llm_v2b>llm_v2c>llm_v2d,llm_v2b@2026-09-22T06:02:28.700376+00:00,9da653163799d56c+ca3b837dd0b3e85c,user,Qwen/Qwen3-4B-Instruct-2507,derived_validated,
102994,at://did:plc:5aumv6xsxxacaerhrubj322g/app.bsky.feed.post/3mvugfj4vqe2n,did:plc:5aumv6xsxxacaerhrubj322g,2026-09-19T10:00:40+00:00,bluesky,true,true,false,true,relevant,relevant,irrelevant,llm_v2b>llm_v2c>llm_v2d,llm_v2b@2026-09-22T06:02:28.700376+00:00,9da653163799d56c+ca3b837dd0b3e85c,user,Qwen/Qwen3-4B-Instruct-2507,derived_validated,
103000,at://did:plc:5kubaprelrb7ryzpyq6bri6b/app.bsky.feed.post/3mvu33fy3b22m,did:plc:5kubaprelrb7ryzpyq6bri6b,2026-09-19T06:38:11.404000+00:00,bluesky,true,true,false,true,relevant,relevant,irrelevant,llm_v2b>llm_v2c>llm_v2d,llm_v2b@2026-09-22T06:02:28.700376+00:00,9da653163799d56c+ca3b837dd0b3e85c,user,Qwen/Qwen3-4B-Instruct-2507,derived_validated,
103130,at://did:plc:amzpvaf7juduztuxue7tjxvh/app.bsky.feed.post/3mvvibd3qis2f,did:plc:amzpvaf7juduztuxue7tjxvh,2026-09-19T20:06:48.085000+00:00,bluesky,true,true,false,true,relevant,relevant,irrelevant,llm_v2b>llm_v2c>llm_v2d,llm_v2b@2026-09-22T06:02:28.700376+00:00,9da653163799d56c+ca3b837dd0b3e85c,user,Qwen/Qwen3-4B-Instruct-2507,derived_validated,
103759,at://did:plc:yse5csl4cgsh4dqcwmnrob7r/app.bsky.feed.post/3mvtybljju22h,did:plc:yse5csl4cgsh4dqcwmnrob7r,2026-09-19T05:47:57.321000+00:00,bluesky,true,true,false,true,relevant,relevant,irrelevant,llm_v2b>llm_v2c>llm_v2d,llm_v2b@2026-09-22T06:02:28.700376+00:00,9da653163799d56c+ca3b837dd0b3e85c,user,Qwen/Qwen3-4B-Instruct-2507,derived_validated,
104023,at://did:plc:g323nwoy6rzvxylyjmn243qu/app.bsky.feed.post/3mvtj2yztac24,did:plc:g323nwoy6rzvxylyjmn243qu,2026-09-19T01:15:50.478000+00:00,bluesky,true,true,true,true,relevant,relevant,relevant,llm_v2b>llm_v2c>llm_v2d,llm_v2b@2026-09-22T06:02:28.700376+00:00,9da653163799d56c+ca3b837dd0b3e85c,user,Qwen/Qwen3-4B-Instruct-2507,derived_validated,
104116,at://did:plc:36trxcdhay6uygpri2mepw2d/app.bsky.feed.post/3mvv64bz3o32w,did:plc:36trxcdhay6uygpri2mepw2d,2026-09-19T17:05:01.694000+00:00,bluesky,true,true,false,true,relevant,relevant,irrelevant,llm_v2b>llm_v2c>llm_v2d,llm_v2b@2026-09-22T06:02:28.700376+00:00,9da653163799d56c+ca3b837dd0b3e85c,user,Qwen/Qwen3-4B-Instruct-2507,derived_validated,
104213,at://did:plc:mifhdxms7uvx3sb3chvovwr6/app.bsky.feed.post/3mvvc6xfmos2p,did:plc:mifhdxms7uvx3sb3chvovwr6,2026-09-19T18:18:05.198000+00:00,bluesky,true,true,false,true,relevant,relevant,irrelevant,llm_v2b>llm_v2c>llm_v2d,llm_v2b@2026-09-22T06:02:28.700376+00:00,9da653163799d56c+ca3b837dd0b3e85c,user,Qwen/Qwen3-4B-Instruct-2507,derived_validated,
104238,at://did:plc:ltduqwuef6thqkzj3cnay42p/app.bsky.feed.post/3mvumtpmouk2o,did:plc:ltduqwuef6thqkzj3cnay42p,2026-09-19T11:56:00.434000+00:00,bluesky,true,true,true,true,relevant,relevant,relevant,llm_v2b>llm_v2c>llm_v2d,llm_v2b@2026-09-22T06:02:28.700376+00:00,9da653163799d56c+ca3b837dd0b3e85c,user,Qwen/Qwen3-4B-Instruct-2507,derived_validated,
104293,at://did:plc:5b7fivbcsgej75th3gohsgyo/app.bsky.feed.post/3mvtrs2z3522u,did:plc:5b7fivbcsgej75th3gohsgyo,2026-09-19T03:51:54.230000+00:00,bluesky,true,true,false,true,relevant,relevant,irrelevant,llm_v2b>llm_v2c>llm_v2d,llm_v2b@2026-09-22T06:02:28.700376+00:00,9da653163799d56c+ca3b837dd0b3e85c,user,Qwen/Qwen3-4B-Instruct-2507,derived_validated,
104459,at://did:plc:oudtcg4qp7uzkgm3ng733bga/app.bsky.feed.post/3mvucgg2snc2r,did:plc:oudtcg4qp7uzkgm3ng733bga,2026-09-19T08:49:36.783000+00:00,bluesky,true,true,false,true,relevant,relevant,irrelevant,llm_v2b>llm_v2c>llm_v2d,llm_v2b@2026-09-22T06:02:28.700376+00:00,9da653163799d56c+ca3b837dd0b3e85c,user,Qwen/Qwen3-4B-Instruct-2507,derived_validated,
104472,at://did:plc:jkh2hpmhw5y4ab2yxufqqmka/app.bsky.feed.post/3mvu6eqptuj2j,did:plc:jkh2hpmhw5y4ab2yxufqqmka,2026-09-19T07:37:05.514000+00:00,bluesky,true,true,false,true,relevant,relevant,irrelevant,llm_v2b>llm_v2c>llm_v2d,llm_v2b@2026-09-22T06:02:28.700376+00:00,9da653163799d56c+ca3b837dd0b3e85c,user,Qwen/Qwen3-4B-Instruct-2507,derived_validated,
104473,at://did:plc:q5m4pspc6zmqru6b4dpg65yv/app.bsky.feed.post/3mvu6c3nem32z,did:plc:q5m4pspc6zmqru6b4dpg65yv,2026-09-19T07:35:36.572938+00:00,bluesky,true,true,false,true,relevant,relevant,irrelevant,llm_v2b>llm_v2c>llm_v2d,llm_v2b@2026-09-22T06:02:28.700376+00:00,9da653163799d56c+ca3b837dd0b3e85c,user,Qwen/Qwen3-4B-Instruct-2507,derived_validated,
104488,at://did:plc:mht5ub4ykjuoxpux77hikixt/app.bsky.feed.post/3mvu3y6iksf2s,did:plc:mht5ub4ykjuoxpux77hikixt,2026-09-19T06:54:09+00:00,bluesky,true,true,false,true,relevant,relevant,irrelevant,llm_v2b>llm_v2c>llm_v2d,llm_v2b@2026-09-22T06:02:28.700376+00:00,9da653163799d56c+ca3b837dd0b3e85c,user,Qwen/Qwen3-4B-Instruct-2507,derived_validated,
104518,at://did:plc:mgnesxvhndfnfsbb6uam47zz/app.bsky.feed.post/3mvtvp4e7tm2m,did:plc:mgnesxvhndfnfsbb6uam47zz,2026-09-19T05:01:49+00:00,bluesky,true,true,false,true,relevant,relevant,irrelevant,llm_v2b>llm_v2c>llm_v2d,llm_v2b@2026-09-22T06:02:28.700376+00:00,9da653163799d56c+ca3b837dd0b3e85c,user,Qwen/Qwen3-4B-Instruct-2507,derived_validated,
104531,at://did:plc:zhe53h7ajlloep2oso5pqxzj/app.bsky.feed.post/3mvtui64lp52f,did:plc:zhe53h7ajlloep2oso5pqxzj,2026-09-19T04:40:01+00:00,bluesky,true,true,false,true,relevant,relevant,irrelevant,llm_v2b>llm_v2c>llm_v2d,llm_v2b@2026-09-22T06:02:28.700376+00:00,9da653163799d56c+ca3b837dd0b3e85c,user,Qwen/Qwen3-4B-Instruct-2507,derived_validated,
104653,at://did:plc:qvdh3txv3tvohiiiwpw4kr3d/app.bsky.feed.post/3mvu7feivuk2e,did:plc:qvdh3txv3tvohiiiwpw4kr3d,2026-09-19T07:55:20.368000+00:00,bluesky,true,true,false,true,relevant,relevant,irrelevant,llm_v2b>llm_v2c>llm_v2d,llm_v2b@2026-09-22T06:02:28.700376+00:00,9da653163799d56c+ca3b837dd0b3e85c,user,Qwen/Qwen3-4B-Instruct-2507,derived_validated,
104704,at://did:plc:7fn5xkrlc2rvmilf4b5od4ya/app.bsky.feed.post/3mvvbpoh73k2m,did:plc:7fn5xkrlc2rvmilf4b5od4ya,2026-09-19T18:09:33.563000+00:00,bluesky,true,true,false,true,relevant,relevant,irrelevant,llm_v2b>llm_v2c>llm_v2d,llm_v2b@2026-09-22T06:02:28.700376+00:00,9da653163799d56c+ca3b837dd0b3e85c,user,Qwen/Qwen3-4B-Instruct-2507,derived_validated,
104732,at://did:plc:mnufarg4usm433ow54dfa4lf/app.bsky.feed.post/3mvtvdi2wfs2g,did:plc:mnufarg4usm433ow54dfa4lf,2026-09-19T04:55:19.578000+00:00,bluesky,true,true,false,true,relevant,relevant,irrelevant,llm_v2b>llm_v2c>llm_v2d,llm_v2b@2026-09-22T06:02:28.700376+00:00,9da653163799d56c+ca3b837dd0b3e85c,user,Qwen/Qwen3-4B-Instruct-2507,derived_validated,
104779,at://did:plc:aqqtehjf6x55fkqm5mldkpw7/app.bsky.feed.post/3mvyevicoj52i,did:plc:aqqtehjf6x55fkqm5mldkpw7,2026-09-20T23:44:27.986000+00:00,bluesky,true,true,true,true,relevant,relevant,relevant,llm_v2b>llm_v2c>llm_v2d,llm_v2b@2026-09-22T06:02:28.700376+00:00,9da653163799d56c+ca3b837dd0b3e85c,user,Qwen/Qwen3-4B-Instruct-2507,derived_validated,
104785,at://did:plc:ppblad4zr4ogqkgdff7asa6l/app.bsky.feed.post/3mvy72tdt2n2x,did:plc:ppblad4zr4ogqkgdff7asa6l,2026-09-20T22:00:05.688440+00:00,bluesky,true,true,false,true,relevant,relevant,irrelevant,llm_v2b>llm_v2c>llm_v2d,llm_v2b@2026-09-22T06:02:28.700376+00:00,9da653163799d56c+ca3b837dd0b3e85c,user,Qwen/Qwen3-4B-Instruct-2507,derived_validated,
104814,at://did:plc:s4lsju3rjvcm66thieayktpj/app.bsky.feed.post/3mvxrsbh5ex2q,did:plc:s4lsju3rjvcm66thieayktpj,2026-09-20T18:02:39.008000+00:00,bluesky,true,true,false,true,relevant,relevant,irrelevant,llm_v2b>llm_v2c>llm_v2d,llm_v2b@2026-09-22T06:02:28.700376+00:00,9da653163799d56c+ca3b837dd0b3e85c,user,Qwen/Qwen3-4B-Instruct-2507,derived_validated,
104826,at://did:plc:trtfgsz26vtk26onki6qkosl/app.bsky.feed.post/3mvxlbprk322k,did:plc:trtfgsz26vtk26onki6qkosl,2026-09-20T16:06:01.304000+00:00,bluesky,true,true,false,true,relevant,relevant,irrelevant,llm_v2b>llm_v2c>llm_v2d,llm_v2b@2026-09-22T06:02:28.700376+00:00,9da653163799d56c+ca3b837dd0b3e85c,user,Qwen/Qwen3-4B-Instruct-2507,derived_validated,
104897,at://did:plc:bcmgsy5zrnmqlrkt4tu4uzbr/app.bsky.feed.post/3mvx5k7ianl2l,did:plc:bcmgsy5zrnmqlrkt4tu4uzbr,2026-09-20T12:00:11+00:00,bluesky,true,true,true,true,relevant,relevant,relevant,llm_v2b>llm_v2c>llm_v2d,llm_v2b@2026-09-22T06:02:28.700376+00:00,9da653163799d56c+ca3b837dd0b3e85c,user,Qwen/Qwen3-4B-Instruct-2507,derived_validated,
104900,at://did:plc:s4lsju3rjvcm66thieayktpj/app.bsky.feed.post/3mvx2c3ufh72q,did:plc:s4lsju3rjvcm66thieayktpj,2026-09-20T11:02:00.202000+00:00,bluesky,true,true,false,true,relevant,relevant,irrelevant,llm_v2b>llm_v2c>llm_v2d,llm_v2b@2026-09-22T06:02:28.700376+00:00,9da653163799d56c+ca3b837dd0b3e85c,user,Qwen/Qwen3-4B-Instruct-2507,derived_validated,
104904,at://did:plc:yk34dbnpmfx6dfjpbdsa26dy/app.bsky.feed.post/3mvwyq2ywak25,did:plc:yk34dbnpmfx6dfjpbdsa26dy,2026-09-20T10:34:02.530000+00:00,bluesky,true,true,false,true,relevant,relevant,irrelevant,llm_v2b>llm_v2c>llm_v2d,llm_v2b@2026-09-22T06:02:28.700376+00:00,9da653163799d56c+ca3b837dd0b3e85c,user,Qwen/Qwen3-4B-Instruct-2507,derived_validated,
104918,at://did:plc:36trxcdhay6uygpri2mepw2d/app.bsky.feed.post/3mvwqmrdzpa2y,did:plc:36trxcdhay6uygpri2mepw2d,2026-09-20T08:09:01.745000+00:00,bluesky,true,true,false,true,relevant,relevant,irrelevant,llm_v2b>llm_v2c>llm_v2d,llm_v2b@2026-09-22T06:02:28.700376+00:00,9da653163799d56c+ca3b837dd0b3e85c,user,Qwen/Qwen3-4B-Instruct-2507,derived_validated,
104932,at://did:plc:u5d54hkw4ysuqtuvcj6cmsin/app.bsky.feed.post/3mvwlxeontx2v,did:plc:u5d54hkw4ysuqtuvcj6cmsin,2026-09-20T06:45:28.849726+00:00,bluesky,true,true,true,true,relevant,relevant,relevant,llm_v2b>llm_v2c>llm_v2d,llm_v2b@2026-09-22T06:02:28.700376+00:00,9da653163799d56c+ca3b837dd0b3e85c,user,Qwen/Qwen3-4B-Instruct-2507,derived_validated,
105070,at://did:plc:g323nwoy6rzvxylyjmn243qu/app.bsky.feed.post/3mvxvi6lpnc2t,did:plc:g323nwoy6rzvxylyjmn243qu,2026-09-20T19:08:36.369000+00:00,bluesky,true,true,true,true,relevant,relevant,relevant,llm_v2b>llm_v2c>llm_v2d,llm_v2b@2026-09-22T06:02:28.700376+00:00,9da653163799d56c+ca3b837dd0b3e85c,user,Qwen/Qwen3-4B-Instruct-2507,derived_validated,
105082,at://did:plc:5pcf6d532rwmwa3h5qzxdbbd/app.bsky.feed.post/3mvxluveb6c2e,did:plc:5pcf6d532rwmwa3h5qzxdbbd,2026-09-20T16:16:45.476000+00:00,bluesky,true,true,false,true,relevant,relevant,irrelevant,llm_v2b>llm_v2c>llm_v2d,llm_v2b@2026-09-22T06:02:28.700376+00:00,9da653163799d56c+ca3b837dd0b3e85c,user,Qwen/Qwen3-4B-Instruct-2507,derived_validated,
105088,at://did:plc:qdlo45rq7w4jtz75fx3guwmy/app.bsky.feed.post/3mvxczrp7dc2w,did:plc:qdlo45rq7w4jtz75fx3guwmy,2026-09-20T13:38:25.735000+00:00,bluesky,true,true,false,true,relevant,relevant,irrelevant,llm_v2b>llm_v2c>llm_v2d,llm_v2b@2026-09-22T06:02:28.700376+00:00,9da653163799d56c+ca3b837dd0b3e85c,user,Qwen/Qwen3-4B-Instruct-2507,derived_validated,
105111,at://did:plc:fbdt2t33tw5z2fejjhd7moz5/app.bsky.feed.post/3mvw5lrt7z42m,did:plc:fbdt2t33tw5z2fejjhd7moz5,2026-09-20T02:29:11+00:00,bluesky,true,true,false,true,relevant,relevant,irrelevant,llm_v2b>llm_v2c>llm_v2d,llm_v2b@2026-09-22T06:02:28.700376+00:00,9da653163799d56c+ca3b837dd0b3e85c,user,Qwen/Qwen3-4B-Instruct-2507,derived_validated,
105151,at://did:plc:at6a4g3smx3o2r7n2lx55tbc/app.bsky.feed.post/3mvx6jmkvps2h,did:plc:at6a4g3smx3o2r7n2lx55tbc,2026-09-20T12:17:48.515000+00:00,bluesky,false,false,true,true,irrelevant,irrelevant,relevant,llm_v2b>llm_v2c>llm_v2d,,,,,deterministic_rules,
105256,at://did:plc:lc4gw36rkzjnx4dj53tiernh/app.bsky.feed.post/3mvy4kdssty2v,did:plc:lc4gw36rkzjnx4dj53tiernh,2026-09-20T21:15:04.963000+00:00,bluesky,true,true,false,true,relevant,relevant,irrelevant,llm_v2b>llm_v2c>llm_v2d,llm_v2b@2026-09-22T06:02:28.700376+00:00,9da653163799d56c+ca3b837dd0b3e85c,user,Qwen/Qwen3-4B-Instruct-2507,derived_validated,
105276,at://did:plc:tpc42zt2y25vzh4a2djx5tvo/app.bsky.feed.post/3mvy2zrlmn72t,did:plc:tpc42zt2y25vzh4a2djx5tvo,2026-09-20T20:47:55.271088+00:00,bluesky,true,true,true,true,relevant,relevant,relevant,llm_v2b>llm_v2c>llm_v2d,llm_v2b@2026-09-22T06:02:28.700376+00:00,9da653163799d56c+ca3b837dd0b3e85c,user,Qwen/Qwen3-4B-Instruct-2507,derived_validated,
105375,at://did:plc:c4l6c3v5kvm7i32xiiqtszro/app.bsky.feed.post/3mvxqh6od2m2j,did:plc:c4l6c3v5kvm7i32xiiqtszro,2026-09-20T17:38:34.021000+00:00,bluesky,true,true,false,true,relevant,relevant,irrelevant,llm_v2b>llm_v2c>llm_v2d,llm_v2b@2026-09-22T06:02:28.700376+00:00,9da653163799d56c+ca3b837dd0b3e85c,user,Qwen/Qwen3-4B-Instruct-2507,derived_validated,
105384,at://did:plc:sj7x2xctlsf6pilv4chfnz3t/app.bsky.feed.post/3mvxp35mcag2w,did:plc:sj7x2xctlsf6pilv4chfnz3t,2026-09-20T17:13:55.820000+00:00,bluesky,true,true,false,true,relevant,relevant,irrelevant,llm_v2b>llm_v2c>llm_v2d,llm_v2b@2026-09-22T06:02:28.700376+00:00,9da653163799d56c+ca3b837dd0b3e85c,user,Qwen/Qwen3-4B-Instruct-2507,derived_validated,
105386,at://did:plc:sj7x2xctlsf6pilv4chfnz3t/app.bsky.feed.post/3mvxp2vkswe2q,did:plc:sj7x2xctlsf6pilv4chfnz3t,2026-09-20T17:13:47.068000+00:00,bluesky,true,true,false,true,relevant,relevant,irrelevant,llm_v2b>llm_v2c>llm_v2d,llm_v2b@2026-09-22T06:02:28.700376+00:00,9da653163799d56c+ca3b837dd0b3e85c,user,Qwen/Qwen3-4B-Instruct-2507,derived_validated,
105392,at://did:plc:jb6card4b4ndmjt7qzrgvzkl/app.bsky.feed.post/3mvxogvmz7f24,did:plc:jb6card4b4ndmjt7qzrgvzkl,2026-09-20T17:02:37+00:00,bluesky,true,true,false,true,relevant,relevant,irrelevant,llm_v2b>llm_v2c>llm_v2d,llm_v2b@2026-09-22T06:02:28.700376+00:00,9da653163799d56c+ca3b837dd0b3e85c,user,Qwen/Qwen3-4B-Instruct-2507,derived_validated,
105410,at://did:plc:n75wth7z6dabnph6x24e3ats/app.bsky.feed.post/3mvxmlfznzc2y,did:plc:n75wth7z6dabnph6x24e3ats,2026-09-20T16:29:21.150000+00:00,bluesky,true,true,false,true,relevant,relevant,irrelevant,llm_v2b>llm_v2c>llm_v2d,llm_v2b@2026-09-22T06:02:28.700376+00:00,9da653163799d56c+ca3b837dd0b3e85c,user,Qwen/Qwen3-4B-Instruct-2507,derived_validated,
105531,at://did:plc:pcievrygrnjjg5ni7mjfgctb/app.bsky.feed.post/3mvx5j5eg622d,did:plc:pcievrygrnjjg5ni7mjfgctb,2026-09-20T11:59:38.773000+00:00,bluesky,true,true,false,true,relevant,relevant,irrelevant,llm_v2b>llm_v2c>llm_v2d,llm_v2b@2026-09-22T06:02:28.700376+00:00,9da653163799d56c+ca3b837dd0b3e85c,user,Qwen/Qwen3-4B-Instruct-2507,derived_validated,
105546,at://did:plc:bfwrckahxzabl2nnobr3oqo2/app.bsky.feed.post/3mvx3rffetlf2,did:plc:bfwrckahxzabl2nnobr3oqo2,2026-09-20T11:28:19+00:00,bluesky,true,true,false,true,relevant,relevant,irrelevant,llm_v2b>llm_v2c>llm_v2d,llm_v2b@2026-09-22T06:02:28.700376+00:00,9da653163799d56c+ca3b837dd0b3e85c,user,Qwen/Qwen3-4B-Instruct-2507,derived_validated,
105626,at://did:plc:dlxrzqcs7sqezxq24i6jvqea/app.bsky.feed.post/3mvwnmda32j2e,did:plc:dlxrzqcs7sqezxq24i6jvqea,2026-09-20T07:15:05.321196+00:00,bluesky,true,true,false,true,relevant,relevant,irrelevant,llm_v2b>llm_v2c>llm_v2d,llm_v2b@2026-09-22T06:02:28.700376+00:00,9da653163799d56c+ca3b837dd0b3e85c,user,Qwen/Qwen3-4B-Instruct-2507,derived_validated,
105641,at://did:plc:tkbweudpy6tvzjqdiza4z3p5/app.bsky.feed.post/3mvwk4a2idk2w,did:plc:tkbweudpy6tvzjqdiza4z3p5,2026-09-20T06:12:24.347000+00:00,bluesky,true,true,false,true,relevant,relevant,irrelevant,llm_v2b>llm_v2c>llm_v2d,llm_v2b@2026-09-22T06:02:28.700376+00:00,9da653163799d56c+ca3b837dd0b3e85c,user,Qwen/Qwen3-4B-Instruct-2507,derived_validated,
105665,at://did:plc:6wfslec6fkdgmwirdjydcyfd/app.bsky.feed.post/3mvwexjgeyh2o,did:plc:6wfslec6fkdgmwirdjydcyfd,2026-09-20T04:40:17+00:00,bluesky,true,true,true,true,relevant,relevant,relevant,llm_v2b>llm_v2c>llm_v2d,llm_v2b@2026-09-22T06:02:28.700376+00:00,9da653163799d56c+ca3b837dd0b3e85c,user,Qwen/Qwen3-4B-Instruct-2507,derived_validated,
105707,at://did:plc:l6tkn5g26rjuotikbaqhxp6g/app.bsky.feed.post/3mvw53v3vck26,did:plc:l6tkn5g26rjuotikbaqhxp6g,2026-09-20T02:19:34.219000+00:00,bluesky,true,true,false,true,relevant,relevant,irrelevant,llm_v2b>llm_v2c>llm_v2d,llm_v2b@2026-09-22T06:02:28.700376+00:00,9da653163799d56c+ca3b837dd0b3e85c,user,Qwen/Qwen3-4B-Instruct-2507,derived_validated,
105753,at://did:plc:blnwbrqhorqjc5fwqggtbeyb/app.bsky.feed.post/3mvvwobpxdh2a,did:plc:blnwbrqhorqjc5fwqggtbeyb,2026-09-20T00:24:32+00:00,bluesky,true,true,false,true,relevant,relevant,irrelevant,llm_v2b>llm_v2c>llm_v2d,llm_v2b@2026-09-22T06:02:28.700376+00:00,9da653163799d56c+ca3b837dd0b3e85c,user,Qwen/Qwen3-4B-Instruct-2507,derived_validated,
105791,at://did:plc:7yqndmumvqmdaqpak7j5234c/app.bsky.feed.post/3mvwp7kp3jb25,did:plc:7yqndmumvqmdaqpak7j5234c,2026-09-20T07:43:43.326048+00:00,bluesky,true,true,true,true,relevant,relevant,relevant,llm_v2b>llm_v2c>llm_v2d,llm_v2b@2026-09-22T06:02:28.700376+00:00,9da653163799d56c+ca3b837dd0b3e85c,user,Qwen/Qwen3-4B-Instruct-2507,derived_validated,
105886,at://did:plc:iqisolaecmif2zmpfbmsq2te/app.bsky.feed.post/3mvxdoayn542n,did:plc:iqisolaecmif2zmpfbmsq2te,2026-09-20T13:49:51.995266+00:00,bluesky,true,true,false,true,relevant,relevant,irrelevant,llm_v2b>llm_v2c>llm_v2d,llm_v2b@2026-09-22T06:02:28.700376+00:00,9da653163799d56c+ca3b837dd0b3e85c,user,Qwen/Qwen3-4B-Instruct-2507,derived_validated,
105952,at://did:plc:jkh2hpmhw5y4ab2yxufqqmka/app.bsky.feed.post/3mvwersea5d2y,did:plc:jkh2hpmhw5y4ab2yxufqqmka,2026-09-20T04:37:05.362000+00:00,bluesky,true,true,false,true,relevant,relevant,irrelevant,llm_v2b>llm_v2c>llm_v2d,llm_v2b@2026-09-22T06:02:28.700376+00:00,9da653163799d56c+ca3b837dd0b3e85c,user,Qwen/Qwen3-4B-Instruct-2507,derived_validated,
105961,at://did:plc:6vzpafvqbanjg3iq2lf6gsmn/app.bsky.feed.post/3mvw6f4ywbc26,did:plc:6vzpafvqbanjg3iq2lf6gsmn,2026-09-20T02:42:38.241000+00:00,bluesky,true,true,true,true,relevant,relevant,relevant,llm_v2b>llm_v2c>llm_v2d,llm_v2b@2026-09-22T06:02:28.700376+00:00,9da653163799d56c+ca3b837dd0b3e85c,user,Qwen/Qwen3-4B-Instruct-2507,derived_validated,
105962,at://did:plc:6vzpafvqbanjg3iq2lf6gsmn/app.bsky.feed.post/3mvw6ebvihc26,did:plc:6vzpafvqbanjg3iq2lf6gsmn,2026-09-20T02:42:09.817000+00:00,bluesky,true,true,true,true,relevant,relevant,relevant,llm_v2b>llm_v2c>llm_v2d,llm_v2b@2026-09-22T06:02:28.700376+00:00,9da653163799d56c+ca3b837dd0b3e85c,user,Qwen/Qwen3-4B-Instruct-2507,derived_validated,
106094,at://did:plc:mgnesxvhndfnfsbb6uam47zz/app.bsky.feed.post/3mvwgaeybsr22,did:plc:mgnesxvhndfnfsbb6uam47zz,2026-09-20T05:03:08+00:00,bluesky,true,true,false,true,relevant,relevant,irrelevant,llm_v2b>llm_v2c>llm_v2d,llm_v2b@2026-09-22T06:02:28.700376+00:00,9da653163799d56c+ca3b837dd0b3e85c,user,Qwen/Qwen3-4B-Instruct-2507,derived_validated,
106239,at://did:plc:rradmbrgt6u6chnp4kqkxut6/app.bsky.feed.post/3mvxuuxcc4k2d,did:plc:rradmbrgt6u6chnp4kqkxut6,2026-09-20T18:57:51.186000+00:00,bluesky,true,true,false,true,relevant,relevant,irrelevant,llm_v2b>llm_v2c>llm_v2d,llm_v2b@2026-09-22T06:02:28.700376+00:00,9da653163799d56c+ca3b837dd0b3e85c,user,Qwen/Qwen3-4B-Instruct-2507,derived_validated,
106584,at://did:plc:agcqudpf7hamxornkiw7ij4s/app.bsky.feed.post/3mvvvfxcpn52d,did:plc:agcqudpf7hamxornkiw7ij4s,2026-09-20T00:02:00.675000+00:00,bluesky,true,true,false,true,relevant,relevant,irrelevant,llm_v2b>llm_v2c>llm_v2d,llm_v2b@2026-09-22T06:02:28.700376+00:00,9da653163799d56c+ca3b837dd0b3e85c,user,Qwen/Qwen3-4B-Instruct-2507,derived_validated,
106587,at://did:plc:dezdtrbhk7cyl36ypzsyy653/app.bsky.feed.post/3mvye3fiajs2w,did:plc:dezdtrbhk7cyl36ypzsyy653,2026-09-20T23:29:53.515000+00:00,bluesky,true,true,false,true,relevant,relevant,irrelevant,llm_v2b>llm_v2c>llm_v2d,llm_v2b@2026-09-22T06:02:28.700376+00:00,9da653163799d56c+ca3b837dd0b3e85c,user,Qwen/Qwen3-4B-Instruct-2507,derived_validated,
106889,at://did:plc:ce7yacfjidk5ihu6tq2ozvlj/app.bsky.feed.post/3mvwvfozapp24,did:plc:ce7yacfjidk5ihu6tq2ozvlj,2026-09-20T09:34:32.923000+00:00,bluesky,true,true,false,true,relevant,relevant,irrelevant,llm_v2b>llm_v2c>llm_v2d,llm_v2b@2026-09-22T06:02:28.700376+00:00,9da653163799d56c+ca3b837dd0b3e85c,user,Qwen/Qwen3-4B-Instruct-2507,derived_validated,
106946,at://did:plc:nnkakrka4ra5bagmtsqhnlyj/app.bsky.feed.post/3mvwcrps2gj22,did:plc:nnkakrka4ra5bagmtsqhnlyj,2026-09-20T04:01:15.419000+00:00,bluesky,true,true,false,true,relevant,relevant,irrelevant,llm_v2b>llm_v2c>llm_v2d,llm_v2b@2026-09-22T06:02:28.700376+00:00,9da653163799d56c+ca3b837dd0b3e85c,user,Qwen/Qwen3-4B-Instruct-2507,derived_validated,
107022,at://did:plc:eto6t7rpubrs7rfjbpk47ji6/app.bsky.feed.post/3mvx67ba42b26,did:plc:eto6t7rpubrs7rfjbpk47ji6,2026-09-20T12:12:00.636000+00:00,bluesky,true,true,false,true,relevant,relevant,irrelevant,llm_v2b>llm_v2c>llm_v2d,llm_v2b@2026-09-22T06:02:28.700376+00:00,9da653163799d56c+ca3b837dd0b3e85c,user,Qwen/Qwen3-4B-Instruct-2507,derived_validated,
111069,at://did:plc:swgcenhua3g24vhpanzyomqr/app.bsky.feed.post/3mvyjljaumf2j,did:plc:swgcenhua3g24vhpanzyomqr,2026-09-21T01:08:22.857000+00:00,bluesky,true,true,false,true,relevant,relevant,irrelevant,llm_v2b>llm_v2c>llm_v2d,llm_v2b@2026-09-22T06:02:28.700376+00:00,9da653163799d56c+ca3b837dd0b3e85c,user,Qwen/Qwen3-4B-Instruct-2507,derived_validated,
111132,at://did:plc:wo324l66xmpdkftqxr2dogxt/app.bsky.feed.post/3mvygmygihc2g,did:plc:wo324l66xmpdkftqxr2dogxt,2026-09-21T00:15:31.052000+00:00,bluesky,true,true,false,true,relevant,relevant,irrelevant,llm_v2b>llm_v2c>llm_v2d,llm_v2b@2026-09-22T06:02:28.700376+00:00,9da653163799d56c+ca3b837dd0b3e85c,user,Qwen/Qwen3-4B-Instruct-2507,derived_validated,
111250,at://did:plc:fyitqypzz6qaax7ve46hsw52/app.bsky.feed.post/3mvymaujyyy2t,did:plc:fyitqypzz6qaax7ve46hsw52,2026-09-21T01:56:05+00:00,bluesky,true,true,false,true,relevant,relevant,irrelevant,llm_v2b>llm_v2c>llm_v2d,llm_v2b@2026-09-22T06:02:28.700376+00:00,9da653163799d56c+ca3b837dd0b3e85c,user,Qwen/Qwen3-4B-Instruct-2507,derived_validated,
111309,at://did:plc:hh3brnksirhma2rymwtpnp5w/app.bsky.feed.post/3mvzmemjvpo2e,did:plc:hh3brnksirhma2rymwtpnp5w,2026-09-21T11:30:52.322436+00:00,bluesky,true,true,false,true,relevant,relevant,irrelevant,llm_v2b>llm_v2c>llm_v2d,llm_v2b@2026-09-22T06:02:28.700376+00:00,9da653163799d56c+ca3b837dd0b3e85c,user,Qwen/Qwen3-4B-Instruct-2507,derived_validated,
111319,at://did:plc:i5a2vsezf56iu2yjtmb7m2tb/app.bsky.feed.post/3mvzhgz45pc2q,did:plc:i5a2vsezf56iu2yjtmb7m2tb,2026-09-21T10:02:44.153000+00:00,bluesky,true,true,false,true,relevant,relevant,irrelevant,llm_v2b>llm_v2c>llm_v2d,llm_v2b@2026-09-22T06:02:28.700376+00:00,9da653163799d56c+ca3b837dd0b3e85c,user,Qwen/Qwen3-4B-Instruct-2507,derived_validated,
111334,at://did:plc:3tm4skbfypjpbwwef2phivwc/app.bsky.feed.post/3mvzdqwwzrg22,did:plc:3tm4skbfypjpbwwef2phivwc,2026-09-21T08:56:42.463000+00:00,bluesky,true,true,false,true,relevant,relevant,irrelevant,llm_v2b>llm_v2c>llm_v2d,llm_v2b@2026-09-22T06:02:28.700376+00:00,9da653163799d56c+ca3b837dd0b3e85c,user,Qwen/Qwen3-4B-Instruct-2507,derived_validated,
111353,at://did:plc:u5d54hkw4ysuqtuvcj6cmsin/app.bsky.feed.post/3mvz7imnh372m,did:plc:u5d54hkw4ysuqtuvcj6cmsin,2026-09-21T07:40:28.169071+00:00,bluesky,true,true,true,true,relevant,relevant,relevant,llm_v2b>llm_v2c>llm_v2d,llm_v2b@2026-09-22T06:02:28.700376+00:00,9da653163799d56c+ca3b837dd0b3e85c,user,Qwen/Qwen3-4B-Instruct-2507,derived_validated,
111355,at://did:plc:6fl4kkygikp5nggpcl2jscwy/app.bsky.feed.post/3mvz76z6g542k,did:plc:6fl4kkygikp5nggpcl2jscwy,2026-09-21T07:35:05+00:00,bluesky,true,true,false,true,relevant,relevant,irrelevant,llm_v2b>llm_v2c>llm_v2d,llm_v2b@2026-09-22T06:02:28.700376+00:00,9da653163799d56c+ca3b837dd0b3e85c,user,Qwen/Qwen3-4B-Instruct-2507,derived_validated,
111417,at://did:plc:6hbp4de6bnetf4xwtwtdutby/app.bsky.feed.post/3mvz55aaczs2p,did:plc:6hbp4de6bnetf4xwtwtdutby,2026-09-21T06:58:18.667000+00:00,bluesky,true,true,false,true,relevant,relevant,irrelevant,llm_v2b>llm_v2c>llm_v2d,llm_v2b@2026-09-22T06:02:28.700376+00:00,9da653163799d56c+ca3b837dd0b3e85c,user,Qwen/Qwen3-4B-Instruct-2507,derived_validated,
111464,at://did:plc:jkh2hpmhw5y4ab2yxufqqmka/app.bsky.feed.post/3mvyq7sl7it2f,did:plc:jkh2hpmhw5y4ab2yxufqqmka,2026-09-21T03:07:05.993000+00:00,bluesky,true,true,false,true,relevant,relevant,irrelevant,llm_v2b>llm_v2c>llm_v2d,llm_v2b@2026-09-22T06:02:28.700376+00:00,9da653163799d56c+ca3b837dd0b3e85c,user,Qwen/Qwen3-4B-Instruct-2507,derived_validated,
111505,at://did:plc:zwyob5ykcvk6a577big5raks/app.bsky.feed.post/3mvzou6bi2p2c,did:plc:zwyob5ykcvk6a577big5raks,2026-09-21T12:15:21+00:00,bluesky,true,true,true,true,relevant,relevant,relevant,llm_v2b>llm_v2c>llm_v2d,llm_v2b@2026-09-22T06:02:28.700376+00:00,9da653163799d56c+ca3b837dd0b3e85c,user,Qwen/Qwen3-4B-Instruct-2507,derived_validated,
111506,at://did:plc:zxlg7db5co4df67avdzolwqs/app.bsky.feed.post/3mvzosinmhy2u,did:plc:zxlg7db5co4df67avdzolwqs,2026-09-21T12:14:25+00:00,bluesky,true,true,true,true,relevant,relevant,relevant,llm_v2b>llm_v2c>llm_v2d,llm_v2b@2026-09-22T06:02:28.700376+00:00,9da653163799d56c+ca3b837dd0b3e85c,user,Qwen/Qwen3-4B-Instruct-2507,derived_validated,
111555,at://did:plc:ar7ecsqwpx43coxkjxso2isg/app.bsky.feed.post/3mvzjd5wcjk2g,did:plc:ar7ecsqwpx43coxkjxso2isg,2026-09-21T10:36:21.091000+00:00,bluesky,true,true,false,true,relevant,relevant,irrelevant,llm_v2b>llm_v2c>llm_v2d,llm_v2b@2026-09-22T06:02:28.700376+00:00,9da653163799d56c+ca3b837dd0b3e85c,user,Qwen/Qwen3-4B-Instruct-2507,derived_validated,
111752,at://did:plc:quja3afiu3gc3qrxikmfjqil/app.bsky.feed.post/3mvytzz5wmc2c,did:plc:quja3afiu3gc3qrxikmfjqil,2026-09-21T04:15:26.910000+00:00,bluesky,true,true,false,true,relevant,relevant,irrelevant,llm_v2b>llm_v2c>llm_v2d,llm_v2b@2026-09-22T06:02:28.700376+00:00,9da653163799d56c+ca3b837dd0b3e85c,user,Qwen/Qwen3-4B-Instruct-2507,derived_validated,
111766,at://did:plc:fyitqypzz6qaax7ve46hsw52/app.bsky.feed.post/3mvyqhj5z2h2m,did:plc:fyitqypzz6qaax7ve46hsw52,2026-09-21T03:11:23+00:00,bluesky,true,true,false,true,relevant,relevant,irrelevant,llm_v2b>llm_v2c>llm_v2d,llm_v2b@2026-09-22T06:02:28.700376+00:00,9da653163799d56c+ca3b837dd0b3e85c,user,Qwen/Qwen3-4B-Instruct-2507,derived_validated,
111834,at://did:plc:erqcnbfqfpaf3fuuszspmhnk/app.bsky.feed.post/3mvzjigsjum2e,did:plc:erqcnbfqfpaf3fuuszspmhnk,2026-09-21T10:39:18.277310+00:00,bluesky,true,true,true,true,relevant,relevant,relevant,llm_v2b>llm_v2c>llm_v2d,llm_v2b@2026-09-22T06:02:28.700376+00:00,9da653163799d56c+ca3b837dd0b3e85c,user,Qwen/Qwen3-4B-Instruct-2507,derived_validated,
112060,at://did:plc:lpcsumiee6obcimaqmtnaypr/app.bsky.feed.post/3mvz77w3z5q2v,did:plc:lpcsumiee6obcimaqmtnaypr,2026-09-21T07:35:28+00:00,bluesky,true,true,false,true,relevant,relevant,irrelevant,llm_v2b>llm_v2c>llm_v2d,llm_v2b@2026-09-22T06:02:28.700376+00:00,9da653163799d56c+ca3b837dd0b3e85c,user,Qwen/Qwen3-4B-Instruct-2507,derived_validated,
112204,at://did:plc:u6celkmubfsmbus5m3aqcrla/app.bsky.feed.post/3mvzko6y2yu2x,did:plc:u6celkmubfsmbus5m3aqcrla,2026-09-21T11:00:26+00:00,bluesky,true,true,false,true,relevant,relevant,irrelevant,llm_v2b>llm_v2c>llm_v2d,llm_v2b@2026-09-22T06:02:28.700376+00:00,9da653163799d56c+ca3b837dd0b3e85c,user,Qwen/Qwen3-4B-Instruct-2507,derived_validated,
112205,at://did:plc:6mp273np4so7urnhv77ifnwo/app.bsky.feed.post/3mvzknhyixu2z,did:plc:6mp273np4so7urnhv77ifnwo,2026-09-21T11:00:02.235451+00:00,bluesky,true,true,false,true,relevant,relevant,irrelevant,llm_v2b>llm_v2c>llm_v2d,llm_v2b@2026-09-22T06:02:28.700376+00:00,9da653163799d56c+ca3b837dd0b3e85c,user,Qwen/Qwen3-4B-Instruct-2507,derived_validated,
112227,at://did:plc:fkxcnwwlovg6pckgqtmn2fzd/app.bsky.feed.post/3mvzgiesqxp2v,did:plc:fkxcnwwlovg6pckgqtmn2fzd,2026-09-21T09:45:34+00:00,bluesky,true,true,false,true,relevant,relevant,irrelevant,llm_v2b>llm_v2c>llm_v2d,llm_v2b@2026-09-22T06:02:28.700376+00:00,9da653163799d56c+ca3b837dd0b3e85c,user,Qwen/Qwen3-4B-Instruct-2507,derived_validated,
112251,at://did:plc:mgnesxvhndfnfsbb6uam47zz/app.bsky.feed.post/3mvywnyxipv2h,did:plc:mgnesxvhndfnfsbb6uam47zz,2026-09-21T05:02:25+00:00,bluesky,true,true,false,true,relevant,relevant,irrelevant,llm_v2b>llm_v2c>llm_v2d,llm_v2b@2026-09-22T06:02:28.700376+00:00,9da653163799d56c+ca3b837dd0b3e85c,user,Qwen/Qwen3-4B-Instruct-2507,derived_validated,
112261,at://did:plc:nnkakrka4ra5bagmtsqhnlyj/app.bsky.feed.post/3mvytbzlxgi23,did:plc:nnkakrka4ra5bagmtsqhnlyj,2026-09-21T04:02:01.427000+00:00,bluesky,true,true,false,true,relevant,relevant,irrelevant,llm_v2b>llm_v2c>llm_v2d,llm_v2b@2026-09-22T06:02:28.700376+00:00,9da653163799d56c+ca3b837dd0b3e85c,user,Qwen/Qwen3-4B-Instruct-2507,derived_validated,
113495,at://did:plc:7h7srlskyboefvfqmbgy2wax/app.bsky.feed.post/3mvzrl2glig23,did:plc:7h7srlskyboefvfqmbgy2wax,2026-09-21T13:03:56+00:00,bluesky,true,true,true,true,relevant,relevant,relevant,llm_v2b>llm_v2c>llm_v2d,llm_v2b@2026-09-22T06:02:28.700376+00:00,9da653163799d56c+ca3b837dd0b3e85c,user,Qwen/Qwen3-4B-Instruct-2507,derived_validated,
113520,at://did:plc:gjdowtsvavfg3k5yegclzhiv/app.bsky.feed.post/3mvzritqzzc2r,did:plc:gjdowtsvavfg3k5yegclzhiv,2026-09-21T13:02:43.073000+00:00,bluesky,true,true,false,true,relevant,relevant,irrelevant,llm_v2b>llm_v2c>llm_v2d,llm_v2b@2026-09-22T06:02:28.700376+00:00,9da653163799d56c+ca3b837dd0b3e85c,user,Qwen/Qwen3-4B-Instruct-2507,derived_validated,
113572,at://did:plc:pu4dpzlp6vjxwy2wi62dtihl/app.bsky.feed.post/3mvzs3tigs22s,did:plc:pu4dpzlp6vjxwy2wi62dtihl,2026-09-21T13:13:20.286897+00:00,bluesky,true,true,false,true,relevant,relevant,irrelevant,llm_v2b>llm_v2c>llm_v2d,llm_v2b@2026-09-22T06:02:28.700376+00:00,9da653163799d56c+ca3b837dd0b3e85c,user,Qwen/Qwen3-4B-Instruct-2507,derived_validated,
113661,at://did:plc:6mbfz5m27mvdhh3vrk7umggk/app.bsky.feed.post/3mvzsuowug22o,did:plc:6mbfz5m27mvdhh3vrk7umggk,2026-09-21T13:27:14.416000+00:00,bluesky,true,true,false,true,relevant,relevant,irrelevant,llm_v2b>llm_v2c>llm_v2d,llm_v2b@2026-09-22T06:02:28.700376+00:00,9da653163799d56c+ca3b837dd0b3e85c,user,Qwen/Qwen3-4B-Instruct-2507,derived_validated,
113721,at://did:plc:um74yu5bqtwok23bycwvhvo4/app.bsky.feed.post/3mvztjer5ik23,did:plc:um74yu5bqtwok23bycwvhvo4,2026-09-21T13:38:48.384000+00:00,bluesky,true,true,false,true,relevant,relevant,irrelevant,llm_v2b>llm_v2c>llm_v2d,llm_v2b@2026-09-22T06:02:28.700376+00:00,9da653163799d56c+ca3b837dd0b3e85c,user,Qwen/Qwen3-4B-Instruct-2507,derived_validated,
113781,at://did:plc:opwy3eh6o4dxfs4xelniiahy/app.bsky.feed.post/3mvzunp4ldn2s,did:plc:opwy3eh6o4dxfs4xelniiahy,2026-09-21T13:59:07+00:00,bluesky,true,true,false,true,relevant,relevant,irrelevant,llm_v2b>llm_v2c>llm_v2d,llm_v2b@2026-09-22T06:02:28.700376+00:00,9da653163799d56c+ca3b837dd0b3e85c,user,Qwen/Qwen3-4B-Instruct-2507,derived_validated,
113816,at://did:plc:gqyxk7ba34ftackmcovt3yzg/app.bsky.feed.post/3mvzub3ifpx2z,did:plc:gqyxk7ba34ftackmcovt3yzg,2026-09-21T13:52:03.921000+00:00,bluesky,true,true,false,true,relevant,relevant,irrelevant,llm_v2b>llm_v2c>llm_v2d,llm_v2b@2026-09-22T06:02:28.700376+00:00,9da653163799d56c+ca3b837dd0b3e85c,user,Qwen/Qwen3-4B-Instruct-2507,derived_validated,
113826,at://did:plc:hslirr7h6d7livppaxty435b/app.bsky.feed.post/3mvzv3gusag2k,did:plc:hslirr7h6d7livppaxty435b,2026-09-21T14:06:46+00:00,bluesky,true,true,false,true,relevant,relevant,irrelevant,llm_v2b>llm_v2c>llm_v2d,llm_v2b@2026-09-22T06:02:28.700376+00:00,9da653163799d56c+ca3b837dd0b3e85c,user,Qwen/Qwen3-4B-Instruct-2507,derived_validated,
113921,at://did:plc:mri4qfwjhti5j4c3ob5vtudy/app.bsky.feed.post/3mvzwb4jlv22q,did:plc:mri4qfwjhti5j4c3ob5vtudy,2026-09-21T14:27:52.541000+00:00,bluesky,true,true,false,true,relevant,relevant,irrelevant,llm_v2b>llm_v2c>llm_v2d,llm_v2b@2026-09-22T06:02:28.700376+00:00,9da653163799d56c+ca3b837dd0b3e85c,user,Qwen/Qwen3-4B-Instruct-2507,derived_validated,
114044,at://did:plc:sj7x2xctlsf6pilv4chfnz3t/app.bsky.feed.post/3mvzwo2ewwx23,did:plc:sj7x2xctlsf6pilv4chfnz3t,2026-09-21T14:35:05.848000+00:00,bluesky,true,true,false,true,relevant,relevant,irrelevant,llm_v2b>llm_v2c>llm_v2d,llm_v2b@2026-09-22T06:02:28.700376+00:00,9da653163799d56c+ca3b837dd0b3e85c,user,Qwen/Qwen3-4B-Instruct-2507,derived_validated,
114138,at://did:plc:pjwcnpqzk7uffjo2jnzfwat7/app.bsky.feed.post/3mvzwssv23c2r,did:plc:pjwcnpqzk7uffjo2jnzfwat7,2026-09-21T14:37:46.409000+00:00,bluesky,true,true,false,true,relevant,relevant,irrelevant,llm_v2b>llm_v2c>llm_v2d,llm_v2b@2026-09-22T06:02:28.700376+00:00,9da653163799d56c+ca3b837dd0b3e85c,user,Qwen/Qwen3-4B-Instruct-2507,derived_validated,
114229,at://did:plc:uturnnu3lkgqo3cgat63y6ps/app.bsky.feed.post/3mvzxyij7j22q,did:plc:uturnnu3lkgqo3cgat63y6ps,2026-09-21T14:58:50.605000+00:00,bluesky,true,true,false,true,relevant,relevant,irrelevant,llm_v2b>llm_v2c>llm_v2d,llm_v2b@2026-09-22T06:02:28.700376+00:00,9da653163799d56c+ca3b837dd0b3e85c,user,Qwen/Qwen3-4B-Instruct-2507,derived_validated,
114462,at://did:plc:hslirr7h6d7livppaxty435b/app.bsky.feed.post/3mvzzxjl3nh2v,did:plc:hslirr7h6d7livppaxty435b,2026-09-21T15:34:03+00:00,bluesky,true,true,false,true,relevant,relevant,irrelevant,llm_v2b>llm_v2c>llm_v2d,llm_v2b@2026-09-22T06:02:28.700376+00:00,9da653163799d56c+ca3b837dd0b3e85c,user,Qwen/Qwen3-4B-Instruct-2507,derived_validated,
114468,at://did:plc:22wnbkngjrbzf3uysw3pklai/app.bsky.feed.post/3mw22he46os2u,did:plc:22wnbkngjrbzf3uysw3pklai,2026-09-21T15:42:56.783000+00:00,bluesky,true,true,true,true,relevant,relevant,relevant,llm_v2b>llm_v2c>llm_v2d,llm_v2b@2026-09-22T06:02:28.700376+00:00,9da653163799d56c+ca3b837dd0b3e85c,user,Qwen/Qwen3-4B-Instruct-2507,derived_validated,
114475,at://did:plc:sicqwxlso7bs3oyiqm6nb3ym/app.bsky.feed.post/3mw224sjl722q,did:plc:sicqwxlso7bs3oyiqm6nb3ym,2026-09-21T15:37:01.630000+00:00,bluesky,true,true,false,true,relevant,relevant,irrelevant,llm_v2b>llm_v2c>llm_v2d,llm_v2b@2026-09-22T06:02:28.700376+00:00,9da653163799d56c+ca3b837dd0b3e85c,user,Qwen/Qwen3-4B-Instruct-2507,derived_validated,
114530,at://did:plc:qv4cel4jrf5qqzfq6ddvp6yv/app.bsky.feed.post/3mw22cpknql2n,did:plc:qv4cel4jrf5qqzfq6ddvp6yv,2026-09-21T15:40:19+00:00,bluesky,true,true,false,true,relevant,relevant,irrelevant,llm_v2b>llm_v2c>llm_v2d,llm_v2b@2026-09-22T06:02:28.700376+00:00,9da653163799d56c+ca3b837dd0b3e85c,user,Qwen/Qwen3-4B-Instruct-2507,derived_validated,
114531,at://did:plc:qv4cel4jrf5qqzfq6ddvp6yv/app.bsky.feed.post/3mw22cobuwt23,did:plc:qv4cel4jrf5qqzfq6ddvp6yv,2026-09-21T15:40:18+00:00,bluesky,true,true,false,true,relevant,relevant,irrelevant,llm_v2b>llm_v2c>llm_v2d,llm_v2b@2026-09-22T06:02:28.700376+00:00,9da653163799d56c+ca3b837dd0b3e85c,user,Qwen/Qwen3-4B-Instruct-2507,derived_validated,
114700,at://did:plc:zsa6uaz4knobm3eqxt7y5qgb/app.bsky.feed.post/3mw23rxp43225,did:plc:zsa6uaz4knobm3eqxt7y5qgb,2026-09-21T16:06:43.583000+00:00,bluesky,true,true,false,true,relevant,relevant,irrelevant,llm_v2b>llm_v2c>llm_v2d,llm_v2b@2026-09-22T06:02:28.700376+00:00,9da653163799d56c+ca3b837dd0b3e85c,user,Qwen/Qwen3-4B-Instruct-2507,derived_validated,
114800,at://did:plc:lirc57u4hu54xlmqfl2holat/app.bsky.feed.post/3mw25fijxxc2e,did:plc:lirc57u4hu54xlmqfl2holat,2026-09-21T16:35:35.360000+00:00,bluesky,true,true,false,true,relevant,relevant,irrelevant,llm_v2b>llm_v2c>llm_v2d,llm_v2b@2026-09-22T06:02:28.700376+00:00,9da653163799d56c+ca3b837dd0b3e85c,user,Qwen/Qwen3-4B-Instruct-2507,derived_validated,
114848,at://did:plc:rcau75x75ggokirufcpu2q3g/app.bsky.feed.post/3mw25uvk6tm2j,did:plc:rcau75x75ggokirufcpu2q3g,2026-09-21T16:44:12+00:00,bluesky,true,true,false,true,relevant,relevant,irrelevant,llm_v2b>llm_v2c>llm_v2d,llm_v2b@2026-09-22T06:02:28.700376+00:00,9da653163799d56c+ca3b837dd0b3e85c,user,Qwen/Qwen3-4B-Instruct-2507,derived_validated,
114849,at://did:plc:rcau75x75ggokirufcpu2q3g/app.bsky.feed.post/3mw25urlqt62i,did:plc:rcau75x75ggokirufcpu2q3g,2026-09-21T16:44:08+00:00,bluesky,true,true,false,true,relevant,relevant,irrelevant,llm_v2b>llm_v2c>llm_v2d,llm_v2b@2026-09-22T06:02:28.700376+00:00,9da653163799d56c+ca3b837dd0b3e85c,user,Qwen/Qwen3-4B-Instruct-2507,derived_validated,
114850,at://did:plc:rcau75x75ggokirufcpu2q3g/app.bsky.feed.post/3mw25ulukuh2g,did:plc:rcau75x75ggokirufcpu2q3g,2026-09-21T16:44:02+00:00,bluesky,true,true,false,true,relevant,relevant,irrelevant,llm_v2b>llm_v2c>llm_v2d,llm_v2b@2026-09-22T06:02:28.700376+00:00,9da653163799d56c+ca3b837dd0b3e85c,user,Qwen/Qwen3-4B-Instruct-2507,derived_validated,
114853,at://did:plc:rcau75x75ggokirufcpu2q3g/app.bsky.feed.post/3mw25umb4y42j,did:plc:rcau75x75ggokirufcpu2q3g,2026-09-21T16:44:02+00:00,bluesky,true,true,false,true,relevant,relevant,irrelevant,llm_v2b>llm_v2c>llm_v2d,llm_v2b@2026-09-22T06:02:28.700376+00:00,9da653163799d56c+ca3b837dd0b3e85c,user,Qwen/Qwen3-4B-Instruct-2507,derived_validated,
114855,at://did:plc:rcau75x75ggokirufcpu2q3g/app.bsky.feed.post/3mw25slz3z42j,did:plc:rcau75x75ggokirufcpu2q3g,2026-09-21T16:42:55+00:00,bluesky,true,true,false,true,relevant,relevant,irrelevant,llm_v2b>llm_v2c>llm_v2d,llm_v2b@2026-09-22T06:02:28.700376+00:00,9da653163799d56c+ca3b837dd0b3e85c,user,Qwen/Qwen3-4B-Instruct-2507,derived_validated,
114856,at://did:plc:rcau75x75ggokirufcpu2q3g/app.bsky.feed.post/3mw25skdygv2r,did:plc:rcau75x75ggokirufcpu2q3g,2026-09-21T16:42:53+00:00,bluesky,true,true,false,true,relevant,relevant,irrelevant,llm_v2b>llm_v2c>llm_v2d,llm_v2b@2026-09-22T06:02:28.700376+00:00,9da653163799d56c+ca3b837dd0b3e85c,user,Qwen/Qwen3-4B-Instruct-2507,derived_validated,
114857,at://did:plc:rcau75x75ggokirufcpu2q3g/app.bsky.feed.post/3mw25shr5jw2n,did:plc:rcau75x75ggokirufcpu2q3g,2026-09-21T16:42:50+00:00,bluesky,true,true,false,true,relevant,relevant,irrelevant,llm_v2b>llm_v2c>llm_v2d,llm_v2b@2026-09-22T06:02:28.700376+00:00,9da653163799d56c+ca3b837dd0b3e85c,user,Qwen/Qwen3-4B-Instruct-2507,derived_validated,
114860,at://did:plc:rcau75x75ggokirufcpu2q3g/app.bsky.feed.post/3mw25rxmef42p,did:plc:rcau75x75ggokirufcpu2q3g,2026-09-21T16:42:33+00:00,bluesky,true,true,false,true,relevant,relevant,irrelevant,llm_v2b>llm_v2c>llm_v2d,llm_v2b@2026-09-22T06:02:28.700376+00:00,9da653163799d56c+ca3b837dd0b3e85c,user,Qwen/Qwen3-4B-Instruct-2507,derived_validated,
115039,at://did:plc:y2cgm3doewekfwwswq7vfjwy/app.bsky.feed.post/3mw27lyhuhx2s,did:plc:y2cgm3doewekfwwswq7vfjwy,2026-09-21T17:14:59+00:00,bluesky,true,true,false,true,relevant,relevant,irrelevant,llm_v2b>llm_v2c>llm_v2d,llm_v2b@2026-09-22T06:02:28.700376+00:00,9da653163799d56c+ca3b837dd0b3e85c,user,Qwen/Qwen3-4B-Instruct-2507,derived_validated,
115055,at://did:plc:oskixcvwunaelnnblmufcgdn/app.bsky.feed.post/3mw27yfovbs2y,did:plc:oskixcvwunaelnnblmufcgdn,2026-09-21T17:21:57.579000+00:00,bluesky,false,false,true,true,irrelevant,irrelevant,relevant,llm_v2b>llm_v2c>llm_v2d,,,,,deterministic_rules,
115098,at://did:plc:cipv3arp27zug6ugyk7fv76o/app.bsky.feed.post/3mw2a5qgk7225,did:plc:cipv3arp27zug6ugyk7fv76o,2026-09-21T17:24:56.612000+00:00,bluesky,false,false,true,true,irrelevant,irrelevant,relevant,llm_v2b>llm_v2c>llm_v2d,,,,,deterministic_rules,
115127,at://did:plc:ng2haukvu5lcy7mwodxtnop5/app.bsky.feed.post/3mw27munpq224,did:plc:ng2haukvu5lcy7mwodxtnop5,2026-09-21T17:15:30.615000+00:00,bluesky,true,true,false,true,relevant,relevant,irrelevant,llm_v2b>llm_v2c>llm_v2d,llm_v2b@2026-09-22T06:02:28.700376+00:00,9da653163799d56c+ca3b837dd0b3e85c,user,Qwen/Qwen3-4B-Instruct-2507,derived_validated,
115134,at://did:plc:u5d54hkw4ysuqtuvcj6cmsin/app.bsky.feed.post/3mw2ahuaggl25,did:plc:u5d54hkw4ysuqtuvcj6cmsin,2026-09-21T17:30:36.101360+00:00,bluesky,true,true,true,true,relevant,relevant,relevant,llm_v2b>llm_v2c>llm_v2d,llm_v2b@2026-09-22T06:02:28.700376+00:00,9da653163799d56c+ca3b837dd0b3e85c,user,Qwen/Qwen3-4B-Instruct-2507,derived_validated,
115242,at://did:plc:lzy35mvnif6fmbevsc2kxewf/app.bsky.feed.post/3mw2bfc3pck2o,did:plc:lzy35mvnif6fmbevsc2kxewf,2026-09-21T17:47:03.754000+00:00,bluesky,true,true,false,true,relevant,relevant,irrelevant,llm_v2b>llm_v2c>llm_v2d,llm_v2b@2026-09-22T06:02:28.700376+00:00,9da653163799d56c+ca3b837dd0b3e85c,user,Qwen/Qwen3-4B-Instruct-2507,derived_validated,
115296,at://did:plc:sgaorcskfd6jk7dlc4l72kmt/app.bsky.feed.post/3mw2bnwz3r222,did:plc:sgaorcskfd6jk7dlc4l72kmt,2026-09-21T17:51:54.124000+00:00,bluesky,true,true,false,true,relevant,relevant,irrelevant,llm_v2b>llm_v2c>llm_v2d,llm_v2b@2026-09-22T06:02:28.700376+00:00,9da653163799d56c+ca3b837dd0b3e85c,user,Qwen/Qwen3-4B-Instruct-2507,derived_validated,
115319,at://did:plc:2ofvkralnuuhvpvv5dhfgmoh/app.bsky.feed.post/3mw2ckk7b3q2f,did:plc:2ofvkralnuuhvpvv5dhfgmoh,2026-09-21T18:07:53.645190+00:00,bluesky,true,true,false,true,relevant,relevant,irrelevant,llm_v2b>llm_v2c>llm_v2d,llm_v2b@2026-09-22T06:02:28.700376+00:00,9da653163799d56c+ca3b837dd0b3e85c,user,Qwen/Qwen3-4B-Instruct-2507,derived_validated,
115369,at://did:plc:3dzlsh22j3qywv4f7a3jg6da/app.bsky.feed.post/3mw2caga7ln2t,did:plc:3dzlsh22j3qywv4f7a3jg6da,2026-09-21T18:02:13.887000+00:00,bluesky,true,true,true,true,relevant,relevant,relevant,llm_v2b>llm_v2c>llm_v2d,llm_v2b@2026-09-22T06:02:28.700376+00:00,9da653163799d56c+ca3b837dd0b3e85c,user,Qwen/Qwen3-4B-Instruct-2507,derived_validated,
115408,at://did:plc:ycw6474dbqkps7pat3zjletu/app.bsky.feed.post/3mw2cvih2kp2w,did:plc:ycw6474dbqkps7pat3zjletu,2026-09-21T18:14:00.945894+00:00,bluesky,true,true,false,true,relevant,relevant,irrelevant,llm_v2b>llm_v2c>llm_v2d,llm_v2b@2026-09-22T06:02:28.700376+00:00,9da653163799d56c+ca3b837dd0b3e85c,user,Qwen/Qwen3-4B-Instruct-2507,derived_validated,
115414,at://did:plc:x5ogrjhuiyz2ogymexvwinof/app.bsky.feed.post/3mw2c5rbnbs2f,did:plc:x5ogrjhuiyz2ogymexvwinof,2026-09-21T18:00:44+00:00,bluesky,true,true,false,true,relevant,relevant,irrelevant,llm_v2b>llm_v2c>llm_v2d,llm_v2b@2026-09-22T06:02:28.700376+00:00,9da653163799d56c+ca3b837dd0b3e85c,user,Qwen/Qwen3-4B-Instruct-2507,derived_validated,
115458,at://did:plc:5cjtlwhckfhm5oidxvvqxsrz/app.bsky.feed.post/3mw2dqjzlwv2o,did:plc:5cjtlwhckfhm5oidxvvqxsrz,2026-09-21T18:29:08.366255+00:00,bluesky,true,true,false,true,relevant,relevant,irrelevant,llm_v2b>llm_v2c>llm_v2d,llm_v2b@2026-09-22T06:02:28.700376+00:00,9da653163799d56c+ca3b837dd0b3e85c,user,Qwen/Qwen3-4B-Instruct-2507,derived_validated,
115636,at://did:plc:mri4qfwjhti5j4c3ob5vtudy/app.bsky.feed.post/3mw2e652io22l,did:plc:mri4qfwjhti5j4c3ob5vtudy,2026-09-21T18:36:44.816000+00:00,bluesky,true,true,false,true,relevant,relevant,irrelevant,llm_v2b>llm_v2c>llm_v2d,llm_v2b@2026-09-22T06:02:28.700376+00:00,9da653163799d56c+ca3b837dd0b3e85c,user,Qwen/Qwen3-4B-Instruct-2507,derived_validated,
115698,at://did:plc:gen72djolbntba23kpgojqs4/app.bsky.feed.post/3mw2esgxz6c2i,did:plc:gen72djolbntba23kpgojqs4,2026-09-21T18:48:06.310000+00:00,bluesky,true,true,false,true,relevant,relevant,unlabeled,llm_v2b>llm_v2c>llm_v2d,llm_v2b@2026-09-22T06:02:28.700376+00:00,9da653163799d56c+ca3b837dd0b3e85c,user,Qwen/Qwen3-4B-Instruct-2507,derived_validated,
115804,at://did:plc:ptwhy6df3ppndb3scwgkylme/app.bsky.feed.post/3mw2gbjwr422j,did:plc:ptwhy6df3ppndb3scwgkylme,2026-09-21T19:14:26.472000+00:00,bluesky,true,true,false,true,relevant,relevant,unlabeled,llm_v2b>llm_v2c>llm_v2d,llm_v2b@2026-09-22T06:02:28.700376+00:00,9da653163799d56c+ca3b837dd0b3e85c,user,Qwen/Qwen3-4B-Instruct-2507,derived_validated,
115809,at://did:plc:ptwhy6df3ppndb3scwgkylme/app.bsky.feed.post/3mw2fuk5kis2j,did:plc:ptwhy6df3ppndb3scwgkylme,2026-09-21T19:07:10.488000+00:00,bluesky,true,true,false,true,relevant,relevant,unlabeled,llm_v2b>llm_v2c>llm_v2d,llm_v2b@2026-09-22T06:02:28.700376+00:00,9da653163799d56c+ca3b837dd0b3e85c,user,Qwen/Qwen3-4B-Instruct-2507,derived_validated,
115912,at://did:plc:oklat2b3ax3hkzy3i2oavnv7/app.bsky.feed.post/3mw2glbg74c2d,did:plc:oklat2b3ax3hkzy3i2oavnv7,2026-09-21T19:19:53.085000+00:00,bluesky,true,true,false,true,relevant,relevant,unlabeled,llm_v2b>llm_v2c>llm_v2d,llm_v2b@2026-09-22T06:02:28.700376+00:00,9da653163799d56c+ca3b837dd0b3e85c,user,Qwen/Qwen3-4B-Instruct-2507,derived_validated,
116027,at://did:plc:c4l6c3v5kvm7i32xiiqtszro/app.bsky.feed.post/3mw2humaat32m,did:plc:c4l6c3v5kvm7i32xiiqtszro,2026-09-21T19:42:59.983000+00:00,bluesky,true,true,false,true,relevant,relevant,unlabeled,llm_v2b>llm_v2c>llm_v2d,llm_v2b@2026-09-22T06:02:28.700376+00:00,9da653163799d56c+ca3b837dd0b3e85c,user,Qwen/Qwen3-4B-Instruct-2507,derived_validated,
116220,at://did:plc:dn242yln2biooe6qkd237tqd/app.bsky.feed.post/3mw2j4dffid2x,did:plc:dn242yln2biooe6qkd237tqd,2026-09-21T20:05:12.817000+00:00,bluesky,true,true,false,true,relevant,relevant,unlabeled,llm_v2b>llm_v2c>llm_v2d,llm_v2b@2026-09-22T06:02:28.700376+00:00,9da653163799d56c+ca3b837dd0b3e85c,user,Qwen/Qwen3-4B-Instruct-2507,derived_validated,
116459,at://did:plc:q5m4pspc6zmqru6b4dpg65yv/app.bsky.feed.post/3mw2kr74vra27,did:plc:q5m4pspc6zmqru6b4dpg65yv,2026-09-21T20:34:46.873932+00:00,bluesky,true,true,false,true,relevant,relevant,unlabeled,llm_v2b>llm_v2c>llm_v2d,llm_v2b@2026-09-22T06:02:28.700376+00:00,9da653163799d56c+ca3b837dd0b3e85c,user,Qwen/Qwen3-4B-Instruct-2507,derived_validated,
116559,at://did:plc:rcau75x75ggokirufcpu2q3g/app.bsky.feed.post/3mw2livaxhs2i,did:plc:rcau75x75ggokirufcpu2q3g,2026-09-21T20:48:01+00:00,bluesky,true,true,false,true,relevant,relevant,unlabeled,llm_v2b>llm_v2c>llm_v2d,llm_v2b@2026-09-22T06:02:28.700376+00:00,9da653163799d56c+ca3b837dd0b3e85c,user,Qwen/Qwen3-4B-Instruct-2507,derived_validated,
116594,at://did:plc:tw6r6ae6b3mbtdch2e75uiee/app.bsky.feed.post/3mw2mgmrbic22,did:plc:tw6r6ae6b3mbtdch2e75uiee,2026-09-21T21:04:39.660000+00:00,bluesky,true,true,false,true,relevant,relevant,unlabeled,llm_v2b>llm_v2c>llm_v2d,llm_v2b@2026-09-22T06:02:28.700376+00:00,9da653163799d56c+ca3b837dd0b3e85c,user,Qwen/Qwen3-4B-Instruct-2507,derived_validated,
116642,at://did:plc:nq672mxwwjhcpl6il2zcvgna/app.bsky.feed.post/3mw2m6vw5tp2w,did:plc:nq672mxwwjhcpl6il2zcvgna,2026-09-21T21:00:20+00:00,bluesky,true,true,false,true,relevant,relevant,unlabeled,llm_v2b>llm_v2c>llm_v2d,llm_v2b@2026-09-22T06:02:28.700376+00:00,9da653163799d56c+ca3b837dd0b3e85c,user,Qwen/Qwen3-4B-Instruct-2507,derived_validated,
116737,at://did:plc:eto6t7rpubrs7rfjbpk47ji6/app.bsky.feed.post/3mw2okdmnmw26,did:plc:eto6t7rpubrs7rfjbpk47ji6,2026-09-21T21:42:31.310000+00:00,bluesky,true,true,false,true,relevant,relevant,unlabeled,llm_v2b>llm_v2c>llm_v2d,llm_v2b@2026-09-22T06:02:28.700376+00:00,9da653163799d56c+ca3b837dd0b3e85c,user,Qwen/Qwen3-4B-Instruct-2507,derived_validated,
116792,at://did:plc:hh3brnksirhma2rymwtpnp5w/app.bsky.feed.post/3mw2pc3i7w42g,did:plc:hh3brnksirhma2rymwtpnp5w,2026-09-21T21:55:48.299495+00:00,bluesky,true,true,false,true,relevant,relevant,unlabeled,llm_v2b>llm_v2c>llm_v2d,llm_v2b@2026-09-22T06:02:28.700376+00:00,9da653163799d56c+ca3b837dd0b3e85c,user,Qwen/Qwen3-4B-Instruct-2507,derived_validated,
116997,at://did:plc:b5cys6hyq2fnxzrkt43hkrbw/app.bsky.feed.post/3mw2qnfl45q2w,did:plc:b5cys6hyq2fnxzrkt43hkrbw,2026-09-21T22:20:01.778000+00:00,bluesky,true,true,false,true,relevant,relevant,unlabeled,llm_v2b>llm_v2c>llm_v2d,llm_v2b@2026-09-22T06:02:28.700376+00:00,9da653163799d56c+ca3b837dd0b3e85c,user,Qwen/Qwen3-4B-Instruct-2507,derived_validated,
117191,at://did:plc:2pgnv3aw5dhgz47345v5nfpu/app.bsky.feed.post/3mw2shtynix2i,did:plc:2pgnv3aw5dhgz47345v5nfpu,2026-09-21T22:52:43.201260+00:00,bluesky,true,true,false,true,relevant,relevant,unlabeled,llm_v2b>llm_v2c>llm_v2d,llm_v2b@2026-09-22T06:02:28.700376+00:00,9da653163799d56c+ca3b837dd0b3e85c,user,Qwen/Qwen3-4B-Instruct-2507,derived_validated,
117205,at://did:plc:rvoxhqgtxnzlmxcdtjdhusu3/app.bsky.feed.post/3mw2sxjhwwc2l,did:plc:rvoxhqgtxnzlmxcdtjdhusu3,2026-09-21T23:01:29.054000+00:00,bluesky,true,true,false,true,relevant,relevant,unlabeled,llm_v2b>llm_v2c>llm_v2d,llm_v2b@2026-09-22T06:02:28.700376+00:00,9da653163799d56c+ca3b837dd0b3e85c,user,Qwen/Qwen3-4B-Instruct-2507,derived_validated,
117276,at://did:plc:bnk5d72upa2mfzwglo6ynbs3/app.bsky.feed.post/3mw2uk3bqsa2i,did:plc:bnk5d72upa2mfzwglo6ynbs3,2026-09-21T23:29:45.425219+00:00,bluesky,true,true,false,true,relevant,relevant,unlabeled,llm_v2b>llm_v2c>llm_v2d,llm_v2b@2026-09-22T06:02:28.700376+00:00,9da653163799d56c+ca3b837dd0b3e85c,user,Qwen/Qwen3-4B-Instruct-2507,derived_validated,
117277,at://did:plc:uf6566ur4zv2h7yl4les2ygh/app.bsky.feed.post/3mw2uhtatul24,did:plc:uf6566ur4zv2h7yl4les2ygh,2026-09-21T23:28:28+00:00,bluesky,true,true,false,true,relevant,relevant,unlabeled,llm_v2b>llm_v2c>llm_v2d,llm_v2b@2026-09-22T06:02:28.700376+00:00,9da653163799d56c+ca3b837dd0b3e85c,user,Qwen/Qwen3-4B-Instruct-2507,derived_validated,
117303,at://did:plc:pwi4fynrowhdjrmexmk5c36k/app.bsky.feed.post/3mw2udmfcf226,did:plc:pwi4fynrowhdjrmexmk5c36k,2026-09-21T23:26:08.536000+00:00,bluesky,true,true,false,true,relevant,relevant,unlabeled,llm_v2b>llm_v2c>llm_v2d,llm_v2b@2026-09-22T06:02:28.700376+00:00,9da653163799d56c+ca3b837dd0b3e85c,user,Qwen/Qwen3-4B-Instruct-2507,derived_validated,
117328,at://did:plc:a3ao5kas7dyi5ooog5saz2ko/app.bsky.feed.post/3mw2u2jfzsu2r,did:plc:a3ao5kas7dyi5ooog5saz2ko,2026-09-21T23:21:03.216000+00:00,bluesky,true,true,false,true,relevant,relevant,unlabeled,llm_v2b>llm_v2c>llm_v2d,llm_v2b@2026-09-22T06:02:28.700376+00:00,9da653163799d56c+ca3b837dd0b3e85c,user,Qwen/Qwen3-4B-Instruct-2507,derived_validated,
117336,at://did:plc:qu5k7vbqb6bllsgiibwfgy4a/app.bsky.feed.post/3mw2uwt42as2m,did:plc:qu5k7vbqb6bllsgiibwfgy4a,2026-09-21T23:36:53.112000+00:00,bluesky,true,true,false,true,relevant,relevant,unlabeled,llm_v2b>llm_v2c>llm_v2d,llm_v2b@2026-09-22T06:02:28.700376+00:00,9da653163799d56c+ca3b837dd0b3e85c,user,Qwen/Qwen3-4B-Instruct-2507,derived_validated,
117337,at://did:plc:ifi6xqgbojwquosnkvzx3gna/app.bsky.feed.post/3mw2umzcl422s,did:plc:ifi6xqgbojwquosnkvzx3gna,2026-09-21T23:31:24.072000+00:00,bluesky,true,true,false,true,relevant,relevant,unlabeled,llm_v2b>llm_v2c>llm_v2d,llm_v2b@2026-09-22T06:02:28.700376+00:00,9da653163799d56c+ca3b837dd0b3e85c,user,Qwen/Qwen3-4B-Instruct-2507,derived_validated,
117338,at://did:plc:hz32x7aq62fhuzcnm6wgjys3/app.bsky.feed.post/3mw2ulbcblq22,did:plc:hz32x7aq62fhuzcnm6wgjys3,2026-09-21T23:30:25.339000+00:00,bluesky,true,true,false,true,relevant,relevant,unlabeled,llm_v2b>llm_v2c>llm_v2d,llm_v2b@2026-09-22T06:02:28.700376+00:00,9da653163799d56c+ca3b837dd0b3e85c,user,Qwen/Qwen3-4B-Instruct-2507,derived_validated,
117381,at://did:plc:jz3yn5ec4apvlpiea5donse7/app.bsky.feed.post/3mw2vcslnns2f,did:plc:jz3yn5ec4apvlpiea5donse7,2026-09-21T23:43:35.227000+00:00,bluesky,true,true,false,true,relevant,relevant,unlabeled,llm_v2b>llm_v2c>llm_v2d,llm_v2b@2026-09-22T06:02:28.700376+00:00,9da653163799d56c+ca3b837dd0b3e85c,user,Qwen/Qwen3-4B-Instruct-2507,derived_validated,
117390,at://did:plc:amnhdrsyqrmpomj6qdzc3ved/app.bsky.feed.post/3mw2uwzjs7qp2,did:plc:amnhdrsyqrmpomj6qdzc3ved,2026-09-21T23:36:49+00:00,bluesky,true,true,false,true,relevant,relevant,unlabeled,llm_v2b>llm_v2c>llm_v2d,llm_v2b@2026-09-22T06:02:28.700376+00:00,9da653163799d56c+ca3b837dd0b3e85c,user,Qwen/Qwen3-4B-Instruct-2507,derived_validated,
117396,at://did:plc:swhavnqrtvhstcm275j242my/app.bsky.feed.post/ejzaro5adoivi,did:plc:swhavnqrtvhstcm275j242my,2026-09-21T23:56:45.063000+00:00,bluesky,true,true,false,true,relevant,relevant,unlabeled,llm_v2b>llm_v2c>llm_v2d,llm_v2b@2026-09-22T06:02:28.700376+00:00,9da653163799d56c+ca3b837dd0b3e85c,user,Qwen/Qwen3-4B-Instruct-2507,derived_validated,
117540,at://did:plc:lirc57u4hu54xlmqfl2holat/app.bsky.feed.post/3mw2xfmlddw2n,did:plc:lirc57u4hu54xlmqfl2holat,2026-09-22T00:20:56.877000+00:00,bluesky,true,true,false,true,relevant,relevant,unlabeled,llm_v2b>llm_v2c>llm_v2d,llm_v2b@2026-09-22T06:02:28.700376+00:00,9da653163799d56c+ca3b837dd0b3e85c,user,Qwen/Qwen3-4B-Instruct-2507,derived_validated,
117603,at://did:plc:vk6td3mrsynkglk5meajauty/app.bsky.feed.post/3mw2ymg74fs2h,did:plc:vk6td3mrsynkglk5meajauty,2026-09-22T00:42:39.003000+00:00,bluesky,true,true,false,true,relevant,relevant,unlabeled,llm_v2b>llm_v2c>llm_v2d,llm_v2b@2026-09-22T06:02:28.700376+00:00,9da653163799d56c+ca3b837dd0b3e85c,user,Qwen/Qwen3-4B-Instruct-2507,derived_validated,
117716,at://did:plc:667kp47h3tv6wmavpeatu2u3/app.bsky.feed.post/3mw2zlxmn7m23,did:plc:667kp47h3tv6wmavpeatu2u3,2026-09-22T01:00:17.339000+00:00,bluesky,true,true,false,true,relevant,relevant,unlabeled,llm_v2b>llm_v2c>llm_v2d,llm_v2b@2026-09-22T06:02:28.700376+00:00,9da653163799d56c+ca3b837dd0b3e85c,user,Qwen/Qwen3-4B-Instruct-2507,derived_validated,
117825,at://did:plc:34zoe3rvgr3ey33eelgo3azu/app.bsky.feed.post/3mw334zztf22g,did:plc:34zoe3rvgr3ey33eelgo3azu,2026-09-22T01:27:44.156000+00:00,bluesky,true,true,false,true,relevant,relevant,unlabeled,llm_v2b>llm_v2c>llm_v2d,llm_v2b@2026-09-22T06:02:28.700376+00:00,9da653163799d56c+ca3b837dd0b3e85c,user,Qwen/Qwen3-4B-Instruct-2507,derived_validated,
117826,at://did:plc:wrsixaybzsekvud7kftrsbky/app.bsky.feed.post/3mw32mcly6k2j,did:plc:wrsixaybzsekvud7kftrsbky,2026-09-22T01:18:22.712000+00:00,bluesky,true,true,false,true,relevant,relevant,unlabeled,llm_v2b>llm_v2c>llm_v2d,llm_v2b@2026-09-22T06:02:28.700376+00:00,9da653163799d56c+ca3b837dd0b3e85c,user,Qwen/Qwen3-4B-Instruct-2507,derived_validated,
117991,at://did:plc:mjihkm463bp6gdgzvhum6n37/app.bsky.feed.post/3mw35el2jfc2m,did:plc:mjihkm463bp6gdgzvhum6n37,2026-09-22T02:07:44.368000+00:00,bluesky,true,true,false,true,relevant,relevant,unlabeled,llm_v2b>llm_v2c>llm_v2d,llm_v2b@2026-09-22T06:02:28.700376+00:00,9da653163799d56c+ca3b837dd0b3e85c,user,Qwen/Qwen3-4B-Instruct-2507,derived_validated,
117992,at://did:plc:yjsxhx3jmbrzcwv5teaoaqe4/app.bsky.feed.post/3mw35bfaxjs2a,did:plc:yjsxhx3jmbrzcwv5teaoaqe4,2026-09-22T02:05:57.545000+00:00,bluesky,true,true,false,true,relevant,relevant,unlabeled,llm_v2b>llm_v2c>llm_v2d,llm_v2b@2026-09-22T06:02:28.700376+00:00,9da653163799d56c+ca3b837dd0b3e85c,user,Qwen/Qwen3-4B-Instruct-2507,derived_validated,
118053,at://did:plc:yms2i3olv45jl2zkehswfsod/app.bsky.feed.post/3mw35vzzk5s24,did:plc:yms2i3olv45jl2zkehswfsod,2026-09-22T02:17:30.465000+00:00,bluesky,true,true,false,true,relevant,relevant,unlabeled,llm_v2b>llm_v2c>llm_v2d,llm_v2b@2026-09-22T06:02:28.700376+00:00,9da653163799d56c+ca3b837dd0b3e85c,user,Qwen/Qwen3-4B-Instruct-2507,derived_validated,
118252,at://did:plc:3qfvl5yl6kslgiqtbuqzwsly/app.bsky.feed.post/3mw3blvs7jy2d,did:plc:3qfvl5yl6kslgiqtbuqzwsly,2026-09-22T03:23:25.071860+00:00,bluesky,true,true,false,true,relevant,relevant,unlabeled,llm_v2b>llm_v2c>llm_v2d,llm_v2b@2026-09-22T06:02:28.700376+00:00,9da653163799d56c+ca3b837dd0b3e85c,user,Qwen/Qwen3-4B-Instruct-2507,derived_validated,
118301,at://did:plc:dabupjgujqs3mxjc7evkoggc/app.bsky.feed.post/3mw3cirzyhg2m,did:plc:dabupjgujqs3mxjc7evkoggc,2026-09-22T03:39:31+00:00,bluesky,true,true,false,true,relevant,relevant,unlabeled,llm_v2b>llm_v2c>llm_v2d,llm_v2b@2026-09-22T06:02:28.700376+00:00,9da653163799d56c+ca3b837dd0b3e85c,user,Qwen/Qwen3-4B-Instruct-2507,derived_validated,
118538,at://did:plc:q5m4pspc6zmqru6b4dpg65yv/app.bsky.feed.post/3mw3fzlhgw42g,did:plc:q5m4pspc6zmqru6b4dpg65yv,2026-09-22T04:42:39.266581+00:00,bluesky,true,true,false,true,relevant,relevant,unlabeled,llm_v2b>llm_v2c>llm_v2d,llm_v2b@2026-09-22T06:02:28.700376+00:00,9da653163799d56c+ca3b837dd0b3e85c,user,Qwen/Qwen3-4B-Instruct-2507,derived_validated,
118721,at://did:plc:njlayymutryfc77dpgqmur7t/app.bsky.feed.post/3mw3ixpzg3k2v,did:plc:njlayymutryfc77dpgqmur7t,2026-09-22T05:35:18.251000+00:00,bluesky,true,true,false,true,relevant,relevant,unlabeled,llm_v2b>llm_v2c>llm_v2d,llm_v2b@2026-09-22T06:02:28.700376+00:00,9da653163799d56c+ca3b837dd0b3e85c,user,Qwen/Qwen3-4B-Instruct-2507,derived_validated,
118775,at://did:plc:fyitqypzz6qaax7ve46hsw52/app.bsky.feed.post/3mw3kt5vumr2z,did:plc:fyitqypzz6qaax7ve46hsw52,2026-09-22T06:08:30+00:00,bluesky,true,true,false,true,relevant,relevant,unlabeled,llm_v2c>llm_v2d,llm_v2c@2026-09-23T02:41:26.713596+00:00,9da653163799d56c+ca3b837dd0b3e85c,user,Qwen/Qwen3-4B-Instruct-2507,direct_then_validated,
118935,at://did:plc:ksubnc3tnvhynkmszhw5zsyh/app.bsky.feed.post/3mw3ng7rbe422,did:plc:ksubnc3tnvhynkmszhw5zsyh,2026-09-22T06:54:59.457000+00:00,bluesky,true,true,false,true,relevant,relevant,unlabeled,llm_v2c>llm_v2d,llm_v2c@2026-09-23T02:41:26.713596+00:00,9da653163799d56c+ca3b837dd0b3e85c,user,Qwen/Qwen3-4B-Instruct-2507,direct_then_validated,
118936,at://did:plc:vmkx7lvcmmcoiycsz4wqwioq/app.bsky.feed.post/3mw3negsufs2y,did:plc:vmkx7lvcmmcoiycsz4wqwioq,2026-09-22T06:53:59.721000+00:00,bluesky,true,true,false,true,relevant,relevant,unlabeled,llm_v2c>llm_v2d,llm_v2c@2026-09-23T02:41:26.713596+00:00,9da653163799d56c+ca3b837dd0b3e85c,user,Qwen/Qwen3-4B-Instruct-2507,direct_then_validated,
118994,at://did:plc:gf2kf7hzq524kg3v5esrvtzi/app.bsky.feed.post/3mw3o7cebz522,did:plc:gf2kf7hzq524kg3v5esrvtzi,2026-09-22T07:09:00.567000+00:00,bluesky,true,true,false,true,relevant,relevant,unlabeled,llm_v2c>llm_v2d,llm_v2c@2026-09-23T02:41:26.713596+00:00,9da653163799d56c+ca3b837dd0b3e85c,user,Qwen/Qwen3-4B-Instruct-2507,direct_then_validated,
119020,at://did:plc:vmnylxv4eespyflc33j5czd6/app.bsky.feed.post/3mw3ok4fuxx2v,did:plc:vmnylxv4eespyflc33j5czd6,2026-09-22T07:15:02.830000+00:00,bluesky,true,true,false,true,relevant,relevant,unlabeled,llm_v2c>llm_v2d,llm_v2c@2026-09-23T02:41:26.713596+00:00,9da653163799d56c+ca3b837dd0b3e85c,user,Qwen/Qwen3-4B-Instruct-2507,direct_then_validated,
119234,at://did:plc:c6f7u7byj5dgpylzvj53icye/app.bsky.feed.post/3mw3rwqears2e,did:plc:c6f7u7byj5dgpylzvj53icye,2026-09-22T08:15:48.743000+00:00,bluesky,false,true,false,true,irrelevant,relevant,unlabeled,llm_v2c>llm_v2d,llm_v2c@2026-09-23T02:41:26.713596+00:00,9da653163799d56c+ca3b837dd0b3e85c,user,Qwen/Qwen3-4B-Instruct-2507,direct_then_validated,failed_mechanical_v1:non_ca_tld
119309,at://did:plc:kbdifeeymt5ppkl4gtq3i7be/app.bsky.feed.post/3mw3tzz2nfn2b,did:plc:kbdifeeymt5ppkl4gtq3i7be,2026-09-22T08:53:25+00:00,bluesky,true,true,false,true,relevant,relevant,unlabeled,llm_v2c>llm_v2d,llm_v2c@2026-09-23T02:41:26.713596+00:00,9da653163799d56c+ca3b837dd0b3e85c,user,Qwen/Qwen3-4B-Instruct-2507,direct_then_validated,
119340,at://did:plc:cx6k65eqssfqt2ievqsrowwz/app.bsky.feed.post/3mw3udyg7fs26,did:plc:cx6k65eqssfqt2ievqsrowwz,2026-09-22T08:59:00.890000+00:00,bluesky,false,true,false,true,irrelevant,relevant,unlabeled,llm_v2c>llm_v2d,llm_v2c@2026-09-23T02:41:26.713596+00:00,9da653163799d56c+ca3b837dd0b3e85c,user,Qwen/Qwen3-4B-Instruct-2507,direct_then_validated,failed_mechanical_v1:not_in_text
119359,at://did:plc:7oeufzwrvqyzfmj3jffojbjw/app.bsky.feed.post/3mw3ui5cjd52n,did:plc:7oeufzwrvqyzfmj3jffojbjw,2026-09-22T09:01:19+00:00,bluesky,true,true,false,true,relevant,relevant,unlabeled,llm_v2c>llm_v2d,llm_v2c@2026-09-23T02:41:26.713596+00:00,9da653163799d56c+ca3b837dd0b3e85c,user,Qwen/Qwen3-4B-Instruct-2507,direct_then_validated,
119493,at://did:plc:eto6t7rpubrs7rfjbpk47ji6/app.bsky.feed.post/3mw3wqvdirx2b,did:plc:eto6t7rpubrs7rfjbpk47ji6,2026-09-22T09:42:01.106000+00:00,bluesky,false,true,false,true,irrelevant,relevant,unlabeled,llm_v2c>llm_v2d,llm_v2c@2026-09-23T02:41:26.713596+00:00,9da653163799d56c+ca3b837dd0b3e85c,user,Qwen/Qwen3-4B-Instruct-2507,direct_then_validated,failed_mechanical_v1:not_in_text
119545,at://did:plc:vxzqeu2zbp4bviwvmqbixlps/app.bsky.feed.post/3mw3xobjrnj23,did:plc:vxzqeu2zbp4bviwvmqbixlps,2026-09-22T09:58:26.973612+00:00,bluesky,true,true,false,true,relevant,relevant,unlabeled,llm_v2c>llm_v2d,llm_v2c@2026-09-23T02:41:26.713596+00:00,9da653163799d56c+ca3b837dd0b3e85c,user,Qwen/Qwen3-4B-Instruct-2507,direct_then_validated,
119547,at://did:plc:fsd2lgq2stjxoayque32hpxt/app.bsky.feed.post/3mw3xfo52u222,did:plc:fsd2lgq2stjxoayque32hpxt,2026-09-22T09:53:38.440000+00:00,bluesky,true,true,false,true,relevant,relevant,unlabeled,llm_v2c>llm_v2d,llm_v2c@2026-09-23T02:41:26.713596+00:00,9da653163799d56c+ca3b837dd0b3e85c,user,Qwen/Qwen3-4B-Instruct-2507,direct_then_validated,
119552,at://did:plc:mri4qfwjhti5j4c3ob5vtudy/app.bsky.feed.post/3mw3xiiqg5k2b,did:plc:mri4qfwjhti5j4c3ob5vtudy,2026-09-22T09:55:13.447000+00:00,bluesky,true,true,false,true,relevant,relevant,unlabeled,llm_v2c>llm_v2d,llm_v2c@2026-09-23T02:41:26.713596+00:00,9da653163799d56c+ca3b837dd0b3e85c,user,Qwen/Qwen3-4B-Instruct-2507,direct_then_validated,
119611,at://did:plc:zh77ra6ejiebe6eyrrlw52c7/app.bsky.feed.post/3mw3xuylrl32v,did:plc:zh77ra6ejiebe6eyrrlw52c7,2026-09-22T10:02:12.562606+00:00,bluesky,true,true,false,true,relevant,relevant,unlabeled,llm_v2c>llm_v2d,llm_v2c@2026-09-23T02:41:26.713596+00:00,9da653163799d56c+ca3b837dd0b3e85c,user,Qwen/Qwen3-4B-Instruct-2507,direct_then_validated,
119626,at://did:plc:erqcnbfqfpaf3fuuszspmhnk/app.bsky.feed.post/3mw3ybrvmmz2j,did:plc:erqcnbfqfpaf3fuuszspmhnk,2026-09-22T10:09:21.566630+00:00,bluesky,true,true,false,true,relevant,relevant,unlabeled,llm_v2c>llm_v2d,llm_v2c@2026-09-23T02:41:26.713596+00:00,9da653163799d56c+ca3b837dd0b3e85c,user,Qwen/Qwen3-4B-Instruct-2507,direct_then_validated,
119663,at://did:plc:64girefktzr3op7lwv4boetu/app.bsky.feed.post/3mw3xvo2orc2w,did:plc:64girefktzr3op7lwv4boetu,2026-09-22T10:02:35.232000+00:00,bluesky,true,true,false,true,relevant,relevant,unlabeled,llm_v2c>llm_v2d,llm_v2c@2026-09-23T02:41:26.713596+00:00,9da653163799d56c+ca3b837dd0b3e85c,user,Qwen/Qwen3-4B-Instruct-2507,direct_then_validated,
119664,at://did:plc:azp4n4gq5lwfgtuljvjljmmo/app.bsky.feed.post/3mw3xr735ag25,did:plc:azp4n4gq5lwfgtuljvjljmmo,2026-09-22T10:00:04+00:00,bluesky,false,true,false,true,irrelevant,relevant,unlabeled,llm_v2c>llm_v2d,llm_v2c@2026-09-23T02:41:26.713596+00:00,9da653163799d56c+ca3b837dd0b3e85c,user,Qwen/Qwen3-4B-Instruct-2507,direct_then_validated,failed_mechanical_v1:not_in_text
119712,at://did:plc:vmkx7lvcmmcoiycsz4wqwioq/app.bsky.feed.post/3mw3ynwryyt2q,did:plc:vmkx7lvcmmcoiycsz4wqwioq,2026-09-22T10:16:09.451000+00:00,bluesky,true,true,false,true,relevant,relevant,unlabeled,llm_v2c>llm_v2d,llm_v2c@2026-09-23T02:41:26.713596+00:00,9da653163799d56c+ca3b837dd0b3e85c,user,Qwen/Qwen3-4B-Instruct-2507,direct_then_validated,
119713,at://did:plc:ksubnc3tnvhynkmszhw5zsyh/app.bsky.feed.post/3mw3ynvd5wk2j,did:plc:ksubnc3tnvhynkmszhw5zsyh,2026-09-22T10:16:08.113000+00:00,bluesky,true,true,false,true,relevant,relevant,unlabeled,llm_v2c>llm_v2d,llm_v2c@2026-09-23T02:41:26.713596+00:00,9da653163799d56c+ca3b837dd0b3e85c,user,Qwen/Qwen3-4B-Instruct-2507,direct_then_validated,
119715,at://did:plc:2wzcvs65wtf4lvyy3t7ogcas/app.bsky.feed.post/3mw3yll6pwt2z,did:plc:2wzcvs65wtf4lvyy3t7ogcas,2026-09-22T10:14:50.344000+00:00,bluesky,true,true,false,true,relevant,relevant,unlabeled,llm_v2c>llm_v2d,llm_v2c@2026-09-23T02:41:26.713596+00:00,9da653163799d56c+ca3b837dd0b3e85c,user,Qwen/Qwen3-4B-Instruct-2507,direct_then_validated,
119786,at://did:plc:toj3xe4fajjfbtc3niqwz46z/app.bsky.feed.post/3mw3zxo4fhl2s,did:plc:toj3xe4fajjfbtc3niqwz46z,2026-09-22T10:39:29.569000+00:00,bluesky,true,true,false,true,relevant,relevant,unlabeled,llm_v2c>llm_v2d,llm_v2c@2026-09-23T02:41:26.713596+00:00,9da653163799d56c+ca3b837dd0b3e85c,user,Qwen/Qwen3-4B-Instruct-2507,direct_then_validated,
119803,at://did:plc:unejftsz3cgbjugdvrhzxzzx/app.bsky.feed.post/3mw3zhmj5eb2y,did:plc:unejftsz3cgbjugdvrhzxzzx,2026-09-22T10:30:31.104470+00:00,bluesky,true,true,false,true,relevant,relevant,unlabeled,llm_v2c>llm_v2d,llm_v2c@2026-09-23T02:41:26.713596+00:00,9da653163799d56c+ca3b837dd0b3e85c,user,Qwen/Qwen3-4B-Instruct-2507,direct_then_validated,
119828,at://did:plc:p2tpkccfd7p4a4c47zwnz2oe/app.bsky.feed.post/3mw3zrl774c22,did:plc:p2tpkccfd7p4a4c47zwnz2oe,2026-09-22T10:36:05.502000+00:00,bluesky,true,true,false,true,relevant,relevant,unlabeled,llm_v2c>llm_v2d,llm_v2c@2026-09-23T02:41:26.713596+00:00,9da653163799d56c+ca3b837dd0b3e85c,user,Qwen/Qwen3-4B-Instruct-2507,direct_then_validated,
119861,at://did:plc:c7boxmqpjv4wrutpuocir7ss/app.bsky.feed.post/3mw3zgzsmf72n,did:plc:c7boxmqpjv4wrutpuocir7ss,2026-09-22T10:30:11.657130+00:00,bluesky,true,true,false,true,relevant,relevant,unlabeled,llm_v2c>llm_v2d,llm_v2c@2026-09-23T02:41:26.713596+00:00,9da653163799d56c+ca3b837dd0b3e85c,user,Qwen/Qwen3-4B-Instruct-2507,direct_then_validated,
119926,at://did:plc:vw3hnrfdw6yssisz2pot2xhs/app.bsky.feed.post/3mw432dx5mc2c,did:plc:vw3hnrfdw6yssisz2pot2xhs,2026-09-22T10:58:53.629000+00:00,bluesky,false,true,false,true,irrelevant,relevant,unlabeled,llm_v2c>llm_v2d,llm_v2c@2026-09-23T02:41:26.713596+00:00,9da653163799d56c+ca3b837dd0b3e85c,user,Qwen/Qwen3-4B-Instruct-2507,direct_then_validated,failed_mechanical_v1:non_ca_tld
119927,at://did:plc:ril6rzy6m5zutwvxqqrh5a5j/app.bsky.feed.post/3mw42sfdh7b2u,did:plc:ril6rzy6m5zutwvxqqrh5a5j,2026-09-22T10:54:26+00:00,bluesky,true,true,false,true,relevant,relevant,unlabeled,llm_v2c>llm_v2d,llm_v2c@2026-09-23T02:41:26.713596+00:00,9da653163799d56c+ca3b837dd0b3e85c,user,Qwen/Qwen3-4B-Instruct-2507,direct_then_validated,
119954,at://did:plc:hh3brnksirhma2rymwtpnp5w/app.bsky.feed.post/3mw43s7hzku2z,did:plc:hh3brnksirhma2rymwtpnp5w,2026-09-22T11:12:13.989755+00:00,bluesky,true,true,false,true,relevant,relevant,unlabeled,llm_v2c>llm_v2d,llm_v2c@2026-09-23T02:41:26.713596+00:00,9da653163799d56c+ca3b837dd0b3e85c,user,Qwen/Qwen3-4B-Instruct-2507,direct_then_validated,
119956,at://did:plc:u5d54hkw4ysuqtuvcj6cmsin/app.bsky.feed.post/3mw43gaomft2v,did:plc:u5d54hkw4ysuqtuvcj6cmsin,2026-09-22T11:05:32.807846+00:00,bluesky,true,true,false,true,relevant,relevant,unlabeled,llm_v2c>llm_v2d,llm_v2c@2026-09-23T02:41:26.713596+00:00,9da653163799d56c+ca3b837dd0b3e85c,user,Qwen/Qwen3-4B-Instruct-2507,direct_then_validated,
119972,at://did:plc:3m7jjl6ocut5asme5bzzcthq/app.bsky.feed.post/3mw43o5km2s2r,did:plc:3m7jjl6ocut5asme5bzzcthq,2026-09-22T11:09:58.014000+00:00,bluesky,false,true,false,true,irrelevant,relevant,unlabeled,llm_v2c>llm_v2d,llm_v2c@2026-09-23T02:41:26.713596+00:00,9da653163799d56c+ca3b837dd0b3e85c,user,Qwen/Qwen3-4B-Instruct-2507,direct_then_validated,failed_mechanical_v1:non_ca_tld
120075,at://did:plc:mgqpibsvpv6iayfq3ihhhw3u/app.bsky.feed.post/3mw43ijmzus2k,did:plc:mgqpibsvpv6iayfq3ihhhw3u,2026-09-22T11:06:49.351000+00:00,bluesky,true,true,false,true,relevant,relevant,unlabeled,llm_v2c>llm_v2d,llm_v2c@2026-09-23T02:41:26.713596+00:00,9da653163799d56c+ca3b837dd0b3e85c,user,Qwen/Qwen3-4B-Instruct-2507,direct_then_validated,
120080,at://did:plc:i5a2vsezf56iu2yjtmb7m2tb/app.bsky.feed.post/3mw44qoim4k2v,did:plc:i5a2vsezf56iu2yjtmb7m2tb,2026-09-22T11:29:16.613000+00:00,bluesky,true,true,false,true,relevant,relevant,unlabeled,llm_v2c>llm_v2d,llm_v2c@2026-09-23T02:41:26.713596+00:00,9da653163799d56c+ca3b837dd0b3e85c,user,Qwen/Qwen3-4B-Instruct-2507,direct_then_validated,
120107,at://did:plc:aan5ngkrszlyl7lnd6wp5zq3/app.bsky.feed.post/3mw44pagy3m2b,did:plc:aan5ngkrszlyl7lnd6wp5zq3,2026-09-22T11:28:28.310018+00:00,bluesky,true,true,false,true,relevant,relevant,unlabeled,llm_v2c>llm_v2d,llm_v2c@2026-09-23T02:41:26.713596+00:00,9da653163799d56c+ca3b837dd0b3e85c,user,Qwen/Qwen3-4B-Instruct-2507,direct_then_validated,
120181,at://did:plc:u6celkmubfsmbus5m3aqcrla/app.bsky.feed.post/3mw43xrniw724,did:plc:u6celkmubfsmbus5m3aqcrla,2026-09-22T11:15:20+00:00,bluesky,true,true,false,true,relevant,relevant,unlabeled,llm_v2c>llm_v2d,llm_v2c@2026-09-23T02:41:26.713596+00:00,9da653163799d56c+ca3b837dd0b3e85c,user,Qwen/Qwen3-4B-Instruct-2507,direct_then_validated,
120321,at://did:plc:mht5ub4ykjuoxpux77hikixt/app.bsky.feed.post/3mw462pklx52t,did:plc:mht5ub4ykjuoxpux77hikixt,2026-09-22T11:52:39+00:00,bluesky,false,true,false,true,irrelevant,relevant,unlabeled,llm_v2c>llm_v2d,llm_v2c@2026-09-23T02:41:26.713596+00:00,9da653163799d56c+ca3b837dd0b3e85c,user,Qwen/Qwen3-4B-Instruct-2507,direct_then_validated,failed_mechanical_v1:not_in_text
120504,at://did:plc:ppblad4zr4ogqkgdff7asa6l/app.bsky.feed.post/3mw46hsowrh2r,did:plc:ppblad4zr4ogqkgdff7asa6l,2026-09-22T12:00:06.427094+00:00,bluesky,true,true,false,true,relevant,relevant,unlabeled,llm_v2c>llm_v2d,llm_v2c@2026-09-23T02:41:26.713596+00:00,9da653163799d56c+ca3b837dd0b3e85c,user,Qwen/Qwen3-4B-Instruct-2507,direct_then_validated,
120673,at://did:plc:6mp273np4so7urnhv77ifnwo/app.bsky.feed.post/3mw4ajkibfs24,did:plc:6mp273np4so7urnhv77ifnwo,2026-09-22T12:36:52.502000+00:00,bluesky,true,true,false,true,relevant,relevant,unlabeled,llm_v2c>llm_v2d,llm_v2c@2026-09-23T02:41:26.713596+00:00,9da653163799d56c+ca3b837dd0b3e85c,user,Qwen/Qwen3-4B-Instruct-2507,direct_then_validated,
120680,at://did:plc:ygei5vqh4oetmgs5znebhy4a/app.bsky.feed.post/3mw4afux5ly2o,did:plc:ygei5vqh4oetmgs5znebhy4a,2026-09-22T12:34:49+00:00,bluesky,false,true,false,true,irrelevant,relevant,unlabeled,llm_v2c>llm_v2d,llm_v2c@2026-09-23T02:41:26.713596+00:00,9da653163799d56c+ca3b837dd0b3e85c,user,Qwen/Qwen3-4B-Instruct-2507,direct_then_validated,failed_mechanical_v1:not_in_text
120766,at://did:plc:rq7fctpdyjtabonrmz3tkjuj/app.bsky.feed.post/3mw4bkzyqu22d,did:plc:rq7fctpdyjtabonrmz3tkjuj,2026-09-22T12:55:36.072000+00:00,bluesky,true,true,false,true,relevant,relevant,unlabeled,llm_v2c>llm_v2d,llm_v2c@2026-09-23T02:41:26.713596+00:00,9da653163799d56c+ca3b837dd0b3e85c,user,Qwen/Qwen3-4B-Instruct-2507,direct_then_validated,
120781,at://did:plc:ersfxbyptvuo7lwz267grx5h/app.bsky.feed.post/3mw4bb6pzyc2v,did:plc:ersfxbyptvuo7lwz267grx5h,2026-09-22T12:50:05.484000+00:00,bluesky,false,true,false,true,irrelevant,relevant,unlabeled,llm_v2c>llm_v2d,llm_v2c@2026-09-23T02:41:26.713596+00:00,9da653163799d56c+ca3b837dd0b3e85c,user,Qwen/Qwen3-4B-Instruct-2507,direct_then_validated,failed_mechanical_v1:non_ca_tld
120788,at://did:plc:57j4dnzyvdjl2bici4u3oero/app.bsky.feed.post/3mw4axsg4jt24,did:plc:57j4dnzyvdjl2bici4u3oero,2026-09-22T12:44:50.507551+00:00,bluesky,false,true,false,true,irrelevant,relevant,unlabeled,llm_v2c>llm_v2d,llm_v2c@2026-09-23T02:41:26.713596+00:00,9da653163799d56c+ca3b837dd0b3e85c,user,Qwen/Qwen3-4B-Instruct-2507,direct_then_validated,failed_mechanical_v1:non_ca_tld+not_in_text
120851,at://did:plc:hlz5hvdpbzrn7lpwgxlwtxld/app.bsky.feed.post/3mw4b7glzdc2r,did:plc:hlz5hvdpbzrn7lpwgxlwtxld,2026-09-22T12:49:06.634000+00:00,bluesky,true,true,false,true,relevant,relevant,unlabeled,llm_v2c>llm_v2d,llm_v2c@2026-09-23T02:41:26.713596+00:00,9da653163799d56c+ca3b837dd0b3e85c,user,Qwen/Qwen3-4B-Instruct-2507,direct_then_validated,
120860,at://did:plc:7h7srlskyboefvfqmbgy2wax/app.bsky.feed.post/3mw4bve2clb27,did:plc:7h7srlskyboefvfqmbgy2wax,2026-09-22T13:01:20+00:00,bluesky,true,true,false,true,relevant,relevant,unlabeled,llm_v2c>llm_v2d,llm_v2c@2026-09-23T02:41:26.713596+00:00,9da653163799d56c+ca3b837dd0b3e85c,user,Qwen/Qwen3-4B-Instruct-2507,direct_then_validated,
120864,at://did:plc:u6celkmubfsmbus5m3aqcrla/app.bsky.feed.post/3mw4btpcsi42g,did:plc:u6celkmubfsmbus5m3aqcrla,2026-09-22T13:00:26+00:00,bluesky,true,true,false,true,relevant,relevant,unlabeled,llm_v2c>llm_v2d,llm_v2c@2026-09-23T02:41:26.713596+00:00,9da653163799d56c+ca3b837dd0b3e85c,user,Qwen/Qwen3-4B-Instruct-2507,direct_then_validated,
120866,at://did:plc:wlrkxxoo3yqjlloos2amok57/app.bsky.feed.post/3mw4bsylljw2y,did:plc:wlrkxxoo3yqjlloos2amok57,2026-09-22T13:00:02+00:00,bluesky,true,true,false,true,relevant,relevant,unlabeled,llm_v2c>llm_v2d,llm_v2c@2026-09-23T02:41:26.713596+00:00,9da653163799d56c+ca3b837dd0b3e85c,user,Qwen/Qwen3-4B-Instruct-2507,direct_then_validated,
120880,at://did:plc:ltduqwuef6thqkzj3cnay42p/app.bsky.feed.post/3mw4ck5gm3s25,did:plc:ltduqwuef6thqkzj3cnay42p,2026-09-22T13:12:59.859000+00:00,bluesky,true,true,false,true,relevant,relevant,unlabeled,llm_v2c>llm_v2d,llm_v2c@2026-09-23T02:41:26.713596+00:00,9da653163799d56c+ca3b837dd0b3e85c,user,Qwen/Qwen3-4B-Instruct-2507,direct_then_validated,
120885,at://did:plc:vjw5magyoddyfdwc4zzdjk6m/app.bsky.feed.post/3mw4c7s2xos2q,did:plc:vjw5magyoddyfdwc4zzdjk6m,2026-09-22T13:07:12.400000+00:00,bluesky,true,true,false,true,relevant,relevant,unlabeled,llm_v2c>llm_v2d,llm_v2c@2026-09-23T02:41:26.713596+00:00,9da653163799d56c+ca3b837dd0b3e85c,user,Qwen/Qwen3-4B-Instruct-2507,direct_then_validated,
120898,at://did:plc:3vccmk4kr4kly53ipgjtahia/app.bsky.feed.post/3mw4bxx3lob2r,did:plc:3vccmk4kr4kly53ipgjtahia,2026-09-22T13:02:48.182000+00:00,bluesky,false,true,false,true,irrelevant,relevant,unlabeled,llm_v2c>llm_v2d,llm_v2c@2026-09-23T02:41:26.713596+00:00,9da653163799d56c+ca3b837dd0b3e85c,user,Qwen/Qwen3-4B-Instruct-2507,direct_then_validated,failed_mechanical_v1:non_ca_tld
121196,at://did:plc:7yqndmumvqmdaqpak7j5234c/app.bsky.feed.post/3mw4dyfpomw25,did:plc:7yqndmumvqmdaqpak7j5234c,2026-09-22T13:38:50.659205+00:00,bluesky,true,true,false,true,relevant,relevant,unlabeled,llm_v2c>llm_v2d,llm_v2c@2026-09-23T02:41:26.713596+00:00,9da653163799d56c+ca3b837dd0b3e85c,user,Qwen/Qwen3-4B-Instruct-2507,direct_then_validated,
121235,at://did:plc:iwfolblfxhj3opxktfujavve/app.bsky.feed.post/3mw4e4kwygc2l,did:plc:iwfolblfxhj3opxktfujavve,2026-09-22T13:41:11.738000+00:00,bluesky,true,true,false,true,relevant,relevant,unlabeled,llm_v2c>llm_v2d,llm_v2c@2026-09-23T02:41:26.713596+00:00,9da653163799d56c+ca3b837dd0b3e85c,user,Qwen/Qwen3-4B-Instruct-2507,direct_then_validated,
121283,at://did:plc:l7jgzsmm7rlsmenoergvnuxq/app.bsky.feed.post/3mw4ejdqdfz23,did:plc:l7jgzsmm7rlsmenoergvnuxq,2026-09-22T13:48:20+00:00,bluesky,true,true,false,true,relevant,relevant,unlabeled,llm_v2c>llm_v2d,llm_v2c@2026-09-23T02:41:26.713596+00:00,9da653163799d56c+ca3b837dd0b3e85c,user,Qwen/Qwen3-4B-Instruct-2507,direct_then_validated,
121365,at://did:plc:gqyxk7ba34ftackmcovt3yzg/app.bsky.feed.post/3mw4epxxp4e2c,did:plc:gqyxk7ba34ftackmcovt3yzg,2026-09-22T13:52:02.903000+00:00,bluesky,true,true,false,true,relevant,relevant,unlabeled,llm_v2c>llm_v2d,llm_v2c@2026-09-23T02:41:26.713596+00:00,9da653163799d56c+ca3b837dd0b3e85c,user,Qwen/Qwen3-4B-Instruct-2507,direct_then_validated,
121520,at://did:plc:vevngu5t7a2zqvdftysxv26d/app.bsky.feed.post/3mw4fwo3m3s2f,did:plc:vevngu5t7a2zqvdftysxv26d,2026-09-22T14:13:41.204000+00:00,bluesky,true,true,false,true,relevant,relevant,unlabeled,llm_v2c>llm_v2d,llm_v2c@2026-09-23T02:41:26.713596+00:00,9da653163799d56c+ca3b837dd0b3e85c,user,Qwen/Qwen3-4B-Instruct-2507,direct_then_validated,
121597,at://did:plc:2klbilq5kbutfx2fkyijd5u6/app.bsky.feed.post/3mw4gfeqbis2n,did:plc:2klbilq5kbutfx2fkyijd5u6,2026-09-22T14:21:54.708000+00:00,bluesky,true,true,false,true,relevant,relevant,unlabeled,llm_v2c>llm_v2d,llm_v2c@2026-09-23T02:41:26.713596+00:00,9da653163799d56c+ca3b837dd0b3e85c,user,Qwen/Qwen3-4B-Instruct-2507,direct_then_validated,
121694,at://did:plc:ppblad4zr4ogqkgdff7asa6l/app.bsky.feed.post/3mw4gtznkqo23,did:plc:ppblad4zr4ogqkgdff7asa6l,2026-09-22T14:30:06.319405+00:00,bluesky,false,true,false,true,irrelevant,relevant,unlabeled,llm_v2c>llm_v2d,llm_v2c@2026-09-23T02:41:26.713596+00:00,9da653163799d56c+ca3b837dd0b3e85c,user,Qwen/Qwen3-4B-Instruct-2507,direct_then_validated,failed_mechanical_v1:not_in_text
121735,at://did:plc:lrzkd5exmxqrblbruvjieofj/app.bsky.feed.post/3mw4h7umkbi2h,did:plc:lrzkd5exmxqrblbruvjieofj,2026-09-22T14:36:43.465000+00:00,bluesky,true,true,false,true,relevant,relevant,unlabeled,llm_v2c>llm_v2d,llm_v2c@2026-09-23T02:41:26.713596+00:00,9da653163799d56c+ca3b837dd0b3e85c,user,Qwen/Qwen3-4B-Instruct-2507,direct_then_validated,
121838,at://did:plc:opwy3eh6o4dxfs4xelniiahy/app.bsky.feed.post/3mw4ii6477d2q,did:plc:opwy3eh6o4dxfs4xelniiahy,2026-09-22T14:59:15+00:00,bluesky,true,true,false,true,relevant,relevant,unlabeled,llm_v2c>llm_v2d,llm_v2c@2026-09-23T02:41:26.713596+00:00,9da653163799d56c+ca3b837dd0b3e85c,user,Qwen/Qwen3-4B-Instruct-2507,direct_then_validated,
122070,at://did:plc:3dzlsh22j3qywv4f7a3jg6da/app.bsky.feed.post/3mw4inhprxs2h,did:plc:3dzlsh22j3qywv4f7a3jg6da,2026-09-22T15:02:13.562000+00:00,bluesky,true,true,false,true,relevant,relevant,unlabeled,llm_v2c>llm_v2d,llm_v2c@2026-09-23T02:41:26.713596+00:00,9da653163799d56c+ca3b837dd0b3e85c,user,Qwen/Qwen3-4B-Instruct-2507,direct_then_validated,
122195,at://did:plc:2rjj3kjqsa3lyyzvmijslvvr/app.bsky.feed.post/3mw4iwj2s4s2a,did:plc:2rjj3kjqsa3lyyzvmijslvvr,2026-09-22T15:07:17.159000+00:00,bluesky,true,true,false,true,relevant,relevant,unlabeled,llm_v2c>llm_v2d,llm_v2c@2026-09-23T02:41:26.713596+00:00,9da653163799d56c+ca3b837dd0b3e85c,user,Qwen/Qwen3-4B-Instruct-2507,direct_then_validated,
122232,at://did:plc:2hixalwg4bbvolqygbc6v3wx/app.bsky.feed.post/3mw4jrzrygk25,did:plc:2hixalwg4bbvolqygbc6v3wx,2026-09-22T15:22:40.663000+00:00,bluesky,true,true,false,true,relevant,relevant,unlabeled,llm_v2c>llm_v2d,llm_v2c@2026-09-23T02:41:26.713596+00:00,9da653163799d56c+ca3b837dd0b3e85c,user,Qwen/Qwen3-4B-Instruct-2507,direct_then_validated,
122233,at://did:plc:qc765schzqt3itx3carqncru/app.bsky.feed.post/3mw4jhoslms2v,did:plc:qc765schzqt3itx3carqncru,2026-09-22T15:16:53.607000+00:00,bluesky,true,true,false,true,relevant,relevant,unlabeled,llm_v2c>llm_v2d,llm_v2c@2026-09-23T02:41:26.713596+00:00,9da653163799d56c+ca3b837dd0b3e85c,user,Qwen/Qwen3-4B-Instruct-2507,direct_then_validated,
122244,at://did:plc:mri4qfwjhti5j4c3ob5vtudy/app.bsky.feed.post/3mw4joi7bv22o,did:plc:mri4qfwjhti5j4c3ob5vtudy,2026-09-22T15:20:41.564000+00:00,bluesky,true,true,false,true,relevant,relevant,unlabeled,llm_v2c>llm_v2d,llm_v2c@2026-09-23T02:41:26.713596+00:00,9da653163799d56c+ca3b837dd0b3e85c,user,Qwen/Qwen3-4B-Instruct-2507,direct_then_validated,
122360,at://did:plc:kg4ukthk25qxxhemhmia7hiy/app.bsky.feed.post/3mw4jvrelm22z,did:plc:kg4ukthk25qxxhemhmia7hiy,2026-09-22T15:24:46.056000+00:00,bluesky,false,true,false,true,irrelevant,relevant,unlabeled,llm_v2c>llm_v2d,llm_v2c@2026-09-23T02:41:26.713596+00:00,9da653163799d56c+ca3b837dd0b3e85c,user,Qwen/Qwen3-4B-Instruct-2507,direct_then_validated,failed_mechanical_v1:not_in_text
122540,at://did:plc:yvf6aczzjmcu5xyf4oomtnv6/app.bsky.feed.post/3mw4kkifwok2y,did:plc:yvf6aczzjmcu5xyf4oomtnv6,2026-09-22T15:36:21.306000+00:00,bluesky,true,true,false,true,relevant,relevant,unlabeled,llm_v2c>llm_v2d,llm_v2c@2026-09-23T02:41:26.713596+00:00,9da653163799d56c+ca3b837dd0b3e85c,user,Qwen/Qwen3-4B-Instruct-2507,direct_then_validated,
122554,at://did:plc:77rzhl2az4phrv55466pao3x/app.bsky.feed.post/3mw4knixmsc2a,did:plc:77rzhl2az4phrv55466pao3x,2026-09-22T15:38:02.546000+00:00,bluesky,true,true,false,true,relevant,relevant,unlabeled,llm_v2c>llm_v2d,llm_v2c@2026-09-23T02:41:26.713596+00:00,9da653163799d56c+ca3b837dd0b3e85c,user,Qwen/Qwen3-4B-Instruct-2507,direct_then_validated,
122562,at://did:plc:dpmwlesjodhle7ss5227yvvg/app.bsky.feed.post/3mw4k767iyi2o,did:plc:dpmwlesjodhle7ss5227yvvg,2026-09-22T15:30:00+00:00,bluesky,true,true,false,true,relevant,relevant,unlabeled,llm_v2c>llm_v2d,llm_v2c@2026-09-23T02:41:26.713596+00:00,9da653163799d56c+ca3b837dd0b3e85c,user,Qwen/Qwen3-4B-Instruct-2507,direct_then_validated,
122613,at://did:plc:qv4cel4jrf5qqzfq6ddvp6yv/app.bsky.feed.post/3mw4krnwfp32a,did:plc:qv4cel4jrf5qqzfq6ddvp6yv,2026-09-22T15:40:20+00:00,bluesky,false,true,false,true,irrelevant,relevant,unlabeled,llm_v2c>llm_v2d,llm_v2c@2026-09-23T02:41:26.713596+00:00,9da653163799d56c+ca3b837dd0b3e85c,user,Qwen/Qwen3-4B-Instruct-2507,direct_then_validated,failed_mechanical_v1:not_in_text
122614,at://did:plc:qv4cel4jrf5qqzfq6ddvp6yv/app.bsky.feed.post/3mw4krm3ntm2o,did:plc:qv4cel4jrf5qqzfq6ddvp6yv,2026-09-22T15:40:19+00:00,bluesky,true,true,false,true,relevant,relevant,unlabeled,llm_v2c>llm_v2d,llm_v2c@2026-09-23T02:41:26.713596+00:00,9da653163799d56c+ca3b837dd0b3e85c,user,Qwen/Qwen3-4B-Instruct-2507,direct_then_validated,
122616,at://did:plc:qv4cel4jrf5qqzfq6ddvp6yv/app.bsky.feed.post/3mw4krhqhhr2q,did:plc:qv4cel4jrf5qqzfq6ddvp6yv,2026-09-22T15:40:14+00:00,bluesky,true,true,false,true,relevant,relevant,unlabeled,llm_v2c>llm_v2d,llm_v2c@2026-09-23T02:41:26.713596+00:00,9da653163799d56c+ca3b837dd0b3e85c,user,Qwen/Qwen3-4B-Instruct-2507,direct_then_validated,
122619,at://did:plc:dn242yln2biooe6qkd237tqd/app.bsky.feed.post/3mw4kmnngxo23,did:plc:dn242yln2biooe6qkd237tqd,2026-09-22T15:37:33.678000+00:00,bluesky,true,true,false,true,relevant,relevant,unlabeled,llm_v2c>llm_v2d,llm_v2c@2026-09-23T02:41:26.713596+00:00,9da653163799d56c+ca3b837dd0b3e85c,user,Qwen/Qwen3-4B-Instruct-2507,direct_then_validated,
122620,at://did:plc:dn242yln2biooe6qkd237tqd/app.bsky.feed.post/3mw4kmliorv2q,did:plc:dn242yln2biooe6qkd237tqd,2026-09-22T15:37:31.609000+00:00,bluesky,true,true,false,true,relevant,relevant,unlabeled,llm_v2c>llm_v2d,llm_v2c@2026-09-23T02:41:26.713596+00:00,9da653163799d56c+ca3b837dd0b3e85c,user,Qwen/Qwen3-4B-Instruct-2507,direct_then_validated,
122621,at://did:plc:dn242yln2biooe6qkd237tqd/app.bsky.feed.post/3mw4kmjuj3x2a,did:plc:dn242yln2biooe6qkd237tqd,2026-09-22T15:37:29.625000+00:00,bluesky,true,true,false,true,relevant,relevant,unlabeled,llm_v2c>llm_v2d,llm_v2c@2026-09-23T02:41:26.713596+00:00,9da653163799d56c+ca3b837dd0b3e85c,user,Qwen/Qwen3-4B-Instruct-2507,direct_then_validated,
122622,at://did:plc:dn242yln2biooe6qkd237tqd/app.bsky.feed.post/3mw4kmikdnl2g,did:plc:dn242yln2biooe6qkd237tqd,2026-09-22T15:37:28.510000+00:00,bluesky,true,true,false,true,relevant,relevant,unlabeled,llm_v2c>llm_v2d,llm_v2c@2026-09-23T02:41:26.713596+00:00,9da653163799d56c+ca3b837dd0b3e85c,user,Qwen/Qwen3-4B-Instruct-2507,direct_then_validated,
122623,at://did:plc:dn242yln2biooe6qkd237tqd/app.bsky.feed.post/3mw4kmhs3tz2v,did:plc:dn242yln2biooe6qkd237tqd,2026-09-22T15:37:27.535000+00:00,bluesky,true,true,false,true,relevant,relevant,unlabeled,llm_v2c>llm_v2d,llm_v2c@2026-09-23T02:41:26.713596+00:00,9da653163799d56c+ca3b837dd0b3e85c,user,Qwen/Qwen3-4B-Instruct-2507,direct_then_validated,
122624,at://did:plc:dn242yln2biooe6qkd237tqd/app.bsky.feed.post/3mw4kmgvtlc2y,did:plc:dn242yln2biooe6qkd237tqd,2026-09-22T15:37:26.571000+00:00,bluesky,true,true,false,true,relevant,relevant,unlabeled,llm_v2c>llm_v2d,llm_v2c@2026-09-23T02:41:26.713596+00:00,9da653163799d56c+ca3b837dd0b3e85c,user,Qwen/Qwen3-4B-Instruct-2507,direct_then_validated,
122625,at://did:plc:dn242yln2biooe6qkd237tqd/app.bsky.feed.post/3mw4kmgqjru2l,did:plc:dn242yln2biooe6qkd237tqd,2026-09-22T15:37:26.469000+00:00,bluesky,true,true,false,true,relevant,relevant,unlabeled,llm_v2c>llm_v2d,llm_v2c@2026-09-23T02:41:26.713596+00:00,9da653163799d56c+ca3b837dd0b3e85c,user,Qwen/Qwen3-4B-Instruct-2507,direct_then_validated,
122636,at://did:plc:azp4n4gq5lwfgtuljvjljmmo/app.bsky.feed.post/3mw4kwiywtg2k,did:plc:azp4n4gq5lwfgtuljvjljmmo,2026-09-22T15:43:03+00:00,bluesky,true,true,false,true,relevant,relevant,unlabeled,llm_v2c>llm_v2d,llm_v2c@2026-09-23T02:41:26.713596+00:00,9da653163799d56c+ca3b837dd0b3e85c,user,Qwen/Qwen3-4B-Instruct-2507,direct_then_validated,
122657,at://did:plc:e2gatef4rgurutqokoorvrpa/app.bsky.feed.post/3mw4lhr3c5c2v,did:plc:e2gatef4rgurutqokoorvrpa,2026-09-22T15:52:43.471000+00:00,bluesky,true,true,false,true,relevant,relevant,unlabeled,llm_v2c>llm_v2d,llm_v2c@2026-09-23T02:41:26.713596+00:00,9da653163799d56c+ca3b837dd0b3e85c,user,Qwen/Qwen3-4B-Instruct-2507,direct_then_validated,
122660,at://did:plc:lf4mnqqubel7gylthj6ubro7/app.bsky.feed.post/3mw4l7cfhgk22,did:plc:lf4mnqqubel7gylthj6ubro7,2026-09-22T15:47:59.641000+00:00,bluesky,false,true,false,true,irrelevant,relevant,unlabeled,llm_v2c>llm_v2d,llm_v2c@2026-09-23T02:41:26.713596+00:00,9da653163799d56c+ca3b837dd0b3e85c,user,Qwen/Qwen3-4B-Instruct-2507,direct_then_validated,failed_mechanical_v1:non_ca_tld+not_in_text
122670,at://did:plc:mht5ub4ykjuoxpux77hikixt/app.bsky.feed.post/3mw4lhgorj42b,did:plc:mht5ub4ykjuoxpux77hikixt,2026-09-22T15:52:32.395000+00:00,bluesky,true,true,false,true,relevant,relevant,unlabeled,llm_v2c>llm_v2d,llm_v2c@2026-09-23T02:41:26.713596+00:00,9da653163799d56c+ca3b837dd0b3e85c,user,Qwen/Qwen3-4B-Instruct-2507,direct_then_validated,
122868,at://did:plc:3vccmk4kr4kly53ipgjtahia/app.bsky.feed.post/3mw4lx4jatq2t,did:plc:3vccmk4kr4kly53ipgjtahia,2026-09-22T16:01:18.707000+00:00,bluesky,false,true,false,true,irrelevant,relevant,unlabeled,llm_v2c>llm_v2d,llm_v2c@2026-09-23T02:41:26.713596+00:00,9da653163799d56c+ca3b837dd0b3e85c,user,Qwen/Qwen3-4B-Instruct-2507,direct_then_validated,failed_mechanical_v1:non_ca_tld
123098,at://did:plc:mvw7btcxe6jgznss25lcmus7/app.bsky.feed.post/3mw4mrt4gxk2f,did:plc:mvw7btcxe6jgznss25lcmus7,2026-09-22T16:16:14.891000+00:00,bluesky,true,true,false,true,relevant,relevant,unlabeled,llm_v2c>llm_v2d,llm_v2c@2026-09-23T02:41:26.713596+00:00,9da653163799d56c+ca3b837dd0b3e85c,user,Qwen/Qwen3-4B-Instruct-2507,direct_then_validated,
123394,at://did:plc:sicqwxlso7bs3oyiqm6nb3ym/app.bsky.feed.post/3mw4nwz5h6r2l,did:plc:sicqwxlso7bs3oyiqm6nb3ym,2026-09-22T16:37:01.633000+00:00,bluesky,true,true,false,true,relevant,relevant,unlabeled,llm_v2c>llm_v2d,llm_v2c@2026-09-23T02:41:26.713596+00:00,9da653163799d56c+ca3b837dd0b3e85c,user,Qwen/Qwen3-4B-Instruct-2507,direct_then_validated,
123404,at://did:plc:57j4dnzyvdjl2bici4u3oero/app.bsky.feed.post/3mw4nny2zj32l,did:plc:57j4dnzyvdjl2bici4u3oero,2026-09-22T16:31:59.535182+00:00,bluesky,false,true,false,true,irrelevant,relevant,unlabeled,llm_v2c>llm_v2d,llm_v2c@2026-09-23T02:41:26.713596+00:00,9da653163799d56c+ca3b837dd0b3e85c,user,Qwen/Qwen3-4B-Instruct-2507,direct_then_validated,failed_mechanical_v1:non_ca_tld+not_in_text
123909,at://did:plc:lw5ojqqpvsana66s5azkzxiv/app.bsky.feed.post/3mw4pjq5h3t2q,did:plc:lw5ojqqpvsana66s5azkzxiv,2026-09-22T17:05:24.268000+00:00,bluesky,false,true,false,true,irrelevant,relevant,unlabeled,llm_v2c>llm_v2d,llm_v2c@2026-09-23T02:41:26.713596+00:00,9da653163799d56c+ca3b837dd0b3e85c,user,Qwen/Qwen3-4B-Instruct-2507,direct_then_validated,failed_mechanical_v1:non_ca_tld
123939,at://did:plc:hspls7u3a3ozk4oqkv6fy52s/app.bsky.feed.post/3mw4qmwjowc2w,did:plc:hspls7u3a3ozk4oqkv6fy52s,2026-09-22T17:25:05.669000+00:00,bluesky,true,true,false,true,relevant,relevant,unlabeled,llm_v2c>llm_v2d,llm_v2c@2026-09-23T02:41:26.713596+00:00,9da653163799d56c+ca3b837dd0b3e85c,user,Qwen/Qwen3-4B-Instruct-2507,direct_then_validated,
124079,at://did:plc:lfa65vcyknlf6glsahhiculh/app.bsky.feed.post/3mw4qnhvcqs2h,did:plc:lfa65vcyknlf6glsahhiculh,2026-09-22T17:25:23+00:00,bluesky,true,true,false,true,relevant,relevant,unlabeled,llm_v2c>llm_v2d,llm_v2c@2026-09-23T02:41:26.713596+00:00,9da653163799d56c+ca3b837dd0b3e85c,user,Qwen/Qwen3-4B-Instruct-2507,direct_then_validated,
124237,at://did:plc:gmfcvrfpr77wgw2jg6z5b7oj/app.bsky.feed.post/3mw4qvato2c24,did:plc:gmfcvrfpr77wgw2jg6z5b7oj,2026-09-22T17:29:44.918000+00:00,bluesky,false,true,false,true,irrelevant,relevant,unlabeled,llm_v2c>llm_v2d,llm_v2c@2026-09-23T02:41:26.713596+00:00,9da653163799d56c+ca3b837dd0b3e85c,user,Qwen/Qwen3-4B-Instruct-2507,direct_then_validated,failed_mechanical_v1:not_in_text
124268,at://did:plc:j45t2elmrqmann2mkwwewkvh/app.bsky.feed.post/3mw4qvyjqem2e,did:plc:j45t2elmrqmann2mkwwewkvh,2026-09-22T17:30:09.124000+00:00,bluesky,false,true,false,true,irrelevant,relevant,unlabeled,llm_v2c>llm_v2d,llm_v2c@2026-09-23T02:41:26.713596+00:00,9da653163799d56c+ca3b837dd0b3e85c,user,Qwen/Qwen3-4B-Instruct-2507,direct_then_validated,failed_mechanical_v1:not_in_text
124341,at://did:plc:jhpu65fmdl4lm2aann5pjjyl/app.bsky.feed.post/3mw4rmpmqrs2w,did:plc:jhpu65fmdl4lm2aann5pjjyl,2026-09-22T17:42:52.146000+00:00,bluesky,true,true,false,true,relevant,relevant,unlabeled,llm_v2c>llm_v2d,llm_v2c@2026-09-23T02:41:26.713596+00:00,9da653163799d56c+ca3b837dd0b3e85c,user,Qwen/Qwen3-4B-Instruct-2507,direct_then_validated,
124409,at://did:plc:u6celkmubfsmbus5m3aqcrla/app.bsky.feed.post/3mw4rr4xont2z,did:plc:u6celkmubfsmbus5m3aqcrla,2026-09-22T17:45:20+00:00,bluesky,true,true,false,true,relevant,relevant,unlabeled,llm_v2c>llm_v2d,llm_v2c@2026-09-23T02:41:26.713596+00:00,9da653163799d56c+ca3b837dd0b3e85c,user,Qwen/Qwen3-4B-Instruct-2507,direct_then_validated,
124481,at://did:plc:sj7x2xctlsf6pilv4chfnz3t/app.bsky.feed.post/3mw4smvr3vy2l,did:plc:sj7x2xctlsf6pilv4chfnz3t,2026-09-22T18:00:51.396000+00:00,bluesky,true,true,false,true,relevant,relevant,unlabeled,llm_v2c>llm_v2d,llm_v2c@2026-09-23T02:41:26.713596+00:00,9da653163799d56c+ca3b837dd0b3e85c,user,Qwen/Qwen3-4B-Instruct-2507,direct_then_validated,
124507,at://did:plc:sj7x2xctlsf6pilv4chfnz3t/app.bsky.feed.post/3mw4smnoyko23,did:plc:sj7x2xctlsf6pilv4chfnz3t,2026-09-22T18:00:42.872000+00:00,bluesky,true,true,false,true,relevant,relevant,unlabeled,llm_v2c>llm_v2d,llm_v2c@2026-09-23T02:41:26.713596+00:00,9da653163799d56c+ca3b837dd0b3e85c,user,Qwen/Qwen3-4B-Instruct-2507,direct_then_validated,
124568,at://did:plc:sj7x2xctlsf6pilv4chfnz3t/app.bsky.feed.post/3mw4smf6t2e2v,did:plc:sj7x2xctlsf6pilv4chfnz3t,2026-09-22T18:00:34.095000+00:00,bluesky,true,true,false,true,relevant,relevant,unlabeled,llm_v2c>llm_v2d,llm_v2c@2026-09-23T02:41:26.713596+00:00,9da653163799d56c+ca3b837dd0b3e85c,user,Qwen/Qwen3-4B-Instruct-2507,direct_then_validated,
124599,at://did:plc:sj7x2xctlsf6pilv4chfnz3t/app.bsky.feed.post/3mw4smjgxsm2u,did:plc:sj7x2xctlsf6pilv4chfnz3t,2026-09-22T18:00:38.331000+00:00,bluesky,false,true,false,true,irrelevant,relevant,unlabeled,llm_v2c>llm_v2d,llm_v2c@2026-09-23T02:41:26.713596+00:00,9da653163799d56c+ca3b837dd0b3e85c,user,Qwen/Qwen3-4B-Instruct-2507,direct_then_validated,failed_mechanical_v1:not_in_text
124600,at://did:plc:sj7x2xctlsf6pilv4chfnz3t/app.bsky.feed.post/3mw4slxsacy2l,did:plc:sj7x2xctlsf6pilv4chfnz3t,2026-09-22T18:00:19.418000+00:00,bluesky,false,true,false,true,irrelevant,relevant,unlabeled,llm_v2c>llm_v2d,llm_v2c@2026-09-23T02:41:26.713596+00:00,9da653163799d56c+ca3b837dd0b3e85c,user,Qwen/Qwen3-4B-Instruct-2507,direct_then_validated,failed_mechanical_v1:not_in_text
124620,at://did:plc:4ownlsrdmnvwgzmcdi2bof6s/app.bsky.feed.post/3mw4suy23nk2x,did:plc:4ownlsrdmnvwgzmcdi2bof6s,2026-09-22T18:05:23.173000+00:00,bluesky,false,true,false,true,irrelevant,relevant,unlabeled,llm_v2c>llm_v2d,llm_v2c@2026-09-23T02:41:26.713596+00:00,9da653163799d56c+ca3b837dd0b3e85c,user,Qwen/Qwen3-4B-Instruct-2507,direct_then_validated,failed_mechanical_v1:not_in_text
124723,at://did:plc:kfk42qurfkcmglewpm5xnzon/app.bsky.feed.post/3mw4u4jbges2w,did:plc:kfk42qurfkcmglewpm5xnzon,2026-09-22T18:27:29.861000+00:00,bluesky,false,true,false,true,irrelevant,relevant,unlabeled,llm_v2c>llm_v2d,llm_v2c@2026-09-23T02:41:26.713596+00:00,9da653163799d56c+ca3b837dd0b3e85c,user,Qwen/Qwen3-4B-Instruct-2507,direct_then_validated,failed_mechanical_v1:non_ca_tld
124748,at://did:plc:nhdnrajhow3pqndjvgrycafe/app.bsky.feed.post/3mw4tsy7kik2k,did:plc:nhdnrajhow3pqndjvgrycafe,2026-09-22T18:22:09.986000+00:00,bluesky,true,true,false,true,relevant,relevant,unlabeled,llm_v2c>llm_v2d,llm_v2c@2026-09-23T02:41:26.713596+00:00,9da653163799d56c+ca3b837dd0b3e85c,user,Qwen/Qwen3-4B-Instruct-2507,direct_then_validated,
124972,at://did:plc:a3bytqa2zaerm5c5tg3ja4tc/app.bsky.feed.post/3mw4v2e6e2w2n,did:plc:a3bytqa2zaerm5c5tg3ja4tc,2026-09-22T19:44:04+00:00,bluesky,true,true,false,true,relevant,relevant,unlabeled,llm_v2c>llm_v2d,llm_v2c@2026-09-23T02:41:26.713596+00:00,9da653163799d56c+ca3b837dd0b3e85c,user,Qwen/Qwen3-4B-Instruct-2507,direct_then_validated,
125085,at://did:plc:qmchotm2vzt4dryg7rs3ubo5/app.bsky.feed.post/3mw4unw7ous2l,did:plc:qmchotm2vzt4dryg7rs3ubo5,2026-09-22T18:37:13.862000+00:00,bluesky,true,true,false,true,relevant,relevant,unlabeled,llm_v2c>llm_v2d,llm_v2c@2026-09-23T02:41:26.713596+00:00,9da653163799d56c+ca3b837dd0b3e85c,user,Qwen/Qwen3-4B-Instruct-2507,direct_then_validated,
125121,at://did:plc:lzmreef65cnlufxhhb4tvoyt/app.bsky.feed.post/3mw4vaxrheg2p,did:plc:lzmreef65cnlufxhhb4tvoyt,2026-09-22T18:47:52.377000+00:00,bluesky,false,true,false,true,irrelevant,relevant,unlabeled,llm_v2c>llm_v2d,llm_v2c@2026-09-23T02:41:26.713596+00:00,9da653163799d56c+ca3b837dd0b3e85c,user,Qwen/Qwen3-4B-Instruct-2507,direct_then_validated,failed_mechanical_v1:not_in_text
125359,at://did:plc:2ctum5frtxc7xzjcpq2pvnyi/app.bsky.feed.post/3mw4vyvdprs26,did:plc:2ctum5frtxc7xzjcpq2pvnyi,2026-09-22T19:01:15.788000+00:00,bluesky,false,true,false,true,irrelevant,relevant,unlabeled,llm_v2c>llm_v2d,llm_v2c@2026-09-23T02:41:26.713596+00:00,9da653163799d56c+ca3b837dd0b3e85c,user,Qwen/Qwen3-4B-Instruct-2507,direct_then_validated,failed_mechanical_v1:not_in_text
125631,at://did:plc:aiyfdnh4apfqvumtd7qyqttf/app.bsky.feed.post/3mw4xjjepr22y,did:plc:aiyfdnh4apfqvumtd7qyqttf,2026-09-22T19:28:27.402000+00:00,bluesky,false,true,false,true,irrelevant,relevant,unlabeled,llm_v2c>llm_v2d,llm_v2c@2026-09-23T02:41:26.713596+00:00,9da653163799d56c+ca3b837dd0b3e85c,user,Qwen/Qwen3-4B-Instruct-2507,direct_then_validated,failed_mechanical_v1:not_in_text
125809,at://did:plc:dpmwlesjodhle7ss5227yvvg/app.bsky.feed.post/3mw4xmizmhu2u,did:plc:dpmwlesjodhle7ss5227yvvg,2026-09-22T19:30:07+00:00,bluesky,true,true,false,true,relevant,relevant,unlabeled,llm_v2c>llm_v2d,llm_v2c@2026-09-23T02:41:26.713596+00:00,9da653163799d56c+ca3b837dd0b3e85c,user,Qwen/Qwen3-4B-Instruct-2507,direct_then_validated,
125810,at://did:plc:dpmwlesjodhle7ss5227yvvg/app.bsky.feed.post/3mw4xmd4cvz2l,did:plc:dpmwlesjodhle7ss5227yvvg,2026-09-22T19:30:00+00:00,bluesky,true,true,false,true,relevant,relevant,unlabeled,llm_v2c>llm_v2d,llm_v2c@2026-09-23T02:41:26.713596+00:00,9da653163799d56c+ca3b837dd0b3e85c,user,Qwen/Qwen3-4B-Instruct-2507,direct_then_validated,
126022,at://did:plc:vjlzmzpkrou44q7udrogms2m/app.bsky.feed.post/3mw4zdwzbdl2b,did:plc:vjlzmzpkrou44q7udrogms2m,2026-09-22T20:01:07+00:00,bluesky,true,true,false,true,relevant,relevant,unlabeled,llm_v2c>llm_v2d,llm_v2c@2026-09-23T02:41:26.713596+00:00,9da653163799d56c+ca3b837dd0b3e85c,user,Qwen/Qwen3-4B-Instruct-2507,direct_then_validated,
126025,at://did:plc:muw5gsnsqef3ezjrqyqhkye5/app.bsky.feed.post/3mw4zy4fgl22w,did:plc:muw5gsnsqef3ezjrqyqhkye5,2026-09-22T20:12:24.597000+00:00,bluesky,true,true,false,true,relevant,relevant,unlabeled,llm_v2c>llm_v2d,llm_v2c@2026-09-23T02:41:26.713596+00:00,9da653163799d56c+ca3b837dd0b3e85c,user,Qwen/Qwen3-4B-Instruct-2507,direct_then_validated,
126343,at://did:plc:dn242yln2biooe6qkd237tqd/app.bsky.feed.post/3mw4zmfqxqt2l,did:plc:dn242yln2biooe6qkd237tqd,2026-09-22T20:05:51.545000+00:00,bluesky,true,true,false,true,relevant,relevant,unlabeled,llm_v2c>llm_v2d,llm_v2c@2026-09-23T02:41:26.713596+00:00,9da653163799d56c+ca3b837dd0b3e85c,user,Qwen/Qwen3-4B-Instruct-2507,direct_then_validated,
126442,at://did:plc:57j4dnzyvdjl2bici4u3oero/app.bsky.feed.post/3mw52eoq77e2j,did:plc:57j4dnzyvdjl2bici4u3oero,2026-09-22T20:19:26.396095+00:00,bluesky,false,true,false,true,irrelevant,relevant,unlabeled,llm_v2c>llm_v2d,llm_v2c@2026-09-23T02:41:26.713596+00:00,9da653163799d56c+ca3b837dd0b3e85c,user,Qwen/Qwen3-4B-Instruct-2507,direct_then_validated,failed_mechanical_v1:non_ca_tld+not_in_text
126926,at://did:plc:73p2ez3guvhdsqp6g263jmww/app.bsky.feed.post/3mw53opmmrk22,did:plc:73p2ez3guvhdsqp6g263jmww,2026-09-22T20:42:56.680000+00:00,bluesky,true,true,false,true,relevant,relevant,unlabeled,llm_v2c>llm_v2d,llm_v2c@2026-09-23T02:41:26.713596+00:00,9da653163799d56c+ca3b837dd0b3e85c,user,Qwen/Qwen3-4B-Instruct-2507,direct_then_validated,
126931,at://did:plc:snzdvc77vmcdmkoxklypggvo/app.bsky.feed.post/3mw53s4bpmi2x,did:plc:snzdvc77vmcdmkoxklypggvo,2026-09-22T20:44:50+00:00,bluesky,true,true,false,true,relevant,relevant,unlabeled,llm_v2c>llm_v2d,llm_v2c@2026-09-23T02:41:26.713596+00:00,9da653163799d56c+ca3b837dd0b3e85c,user,Qwen/Qwen3-4B-Instruct-2507,direct_then_validated,
127511,at://did:plc:3qx3wgjvwbhbr2uvbv5qnot4/app.bsky.feed.post/3mw56w25cas2m,did:plc:3qx3wgjvwbhbr2uvbv5qnot4,2026-09-22T21:40:43+00:00,bluesky,true,true,false,true,relevant,relevant,unlabeled,llm_v2c>llm_v2d,llm_v2c@2026-09-23T02:41:26.713596+00:00,9da653163799d56c+ca3b837dd0b3e85c,user,Qwen/Qwen3-4B-Instruct-2507,direct_then_validated,
127512,at://did:plc:qv4cel4jrf5qqzfq6ddvp6yv/app.bsky.feed.post/3mw56uzaoq42n,did:plc:qv4cel4jrf5qqzfq6ddvp6yv,2026-09-22T21:40:08+00:00,bluesky,false,true,false,true,irrelevant,relevant,unlabeled,llm_v2c>llm_v2d,llm_v2c@2026-09-23T02:41:26.713596+00:00,9da653163799d56c+ca3b837dd0b3e85c,user,Qwen/Qwen3-4B-Instruct-2507,direct_then_validated,failed_mechanical_v1:not_in_text
127545,at://did:plc:luqklzbsnbqr37mcgvnesvi7/app.bsky.feed.post/3mw573vngea2r,did:plc:luqklzbsnbqr37mcgvnesvi7,2026-09-22T21:45:03.515000+00:00,bluesky,true,true,false,true,relevant,relevant,unlabeled,llm_v2c>llm_v2d,llm_v2c@2026-09-23T02:41:26.713596+00:00,9da653163799d56c+ca3b837dd0b3e85c,user,Qwen/Qwen3-4B-Instruct-2507,direct_then_validated,
127586,at://did:plc:n5nf4rvyapkfnu2nw2gijmq6/app.bsky.feed.post/3mw57q7ss3s2j,did:plc:n5nf4rvyapkfnu2nw2gijmq6,2026-09-22T21:55:22.195000+00:00,bluesky,false,true,false,true,irrelevant,relevant,unlabeled,llm_v2c>llm_v2d,llm_v2c@2026-09-23T02:41:26.713596+00:00,9da653163799d56c+ca3b837dd0b3e85c,user,Qwen/Qwen3-4B-Instruct-2507,direct_then_validated,failed_mechanical_v1:not_in_text
127622,at://did:plc:3qx3wgjvwbhbr2uvbv5qnot4/app.bsky.feed.post/3mw57eefcce2m,did:plc:3qx3wgjvwbhbr2uvbv5qnot4,2026-09-22T21:48:44+00:00,bluesky,true,true,false,true,relevant,relevant,unlabeled,llm_v2c>llm_v2d,llm_v2c@2026-09-23T02:41:26.713596+00:00,9da653163799d56c+ca3b837dd0b3e85c,user,Qwen/Qwen3-4B-Instruct-2507,direct_then_validated,
127638,at://did:plc:lgxv6ume34atm2wb665bovgl/app.bsky.feed.post/3mw5arq6jmc2n,did:plc:lgxv6ume34atm2wb665bovgl,2026-09-22T22:14:06.654000+00:00,bluesky,true,true,false,true,relevant,relevant,unlabeled,llm_v2c>llm_v2d,llm_v2c@2026-09-23T02:41:26.713596+00:00,9da653163799d56c+ca3b837dd0b3e85c,user,Qwen/Qwen3-4B-Instruct-2507,direct_then_validated,
127716,at://did:plc:mri4qfwjhti5j4c3ob5vtudy/app.bsky.feed.post/3mw57zgqe2c24,did:plc:mri4qfwjhti5j4c3ob5vtudy,2026-09-22T22:00:31.445000+00:00,bluesky,true,true,false,true,relevant,relevant,unlabeled,llm_v2c>llm_v2d,llm_v2c@2026-09-23T02:41:26.713596+00:00,9da653163799d56c+ca3b837dd0b3e85c,user,Qwen/Qwen3-4B-Instruct-2507,direct_then_validated,
127717,at://did:plc:dpmwlesjodhle7ss5227yvvg/app.bsky.feed.post/3mw57z2nyln2h,did:plc:dpmwlesjodhle7ss5227yvvg,2026-09-22T22:00:17+00:00,bluesky,true,true,false,true,relevant,relevant,unlabeled,llm_v2c>llm_v2d,llm_v2c@2026-09-23T02:41:26.713596+00:00,9da653163799d56c+ca3b837dd0b3e85c,user,Qwen/Qwen3-4B-Instruct-2507,direct_then_validated,
127782,at://did:plc:jgyjwcu2xxqe72wepoinmm7w/app.bsky.feed.post/3mw5a2snnrk2f,did:plc:jgyjwcu2xxqe72wepoinmm7w,2026-09-22T22:01:17.493000+00:00,bluesky,true,true,false,true,relevant,relevant,unlabeled,llm_v2c>llm_v2d,llm_v2c@2026-09-23T02:41:26.713596+00:00,9da653163799d56c+ca3b837dd0b3e85c,user,Qwen/Qwen3-4B-Instruct-2507,direct_then_validated,
127891,at://did:plc:3rnjaetdccin7mu5a4r4c52c/app.bsky.feed.post/3mw5auz6m322c,did:plc:3rnjaetdccin7mu5a4r4c52c,2026-09-22T22:15:56.756000+00:00,bluesky,true,true,false,true,relevant,relevant,unlabeled,llm_v2c>llm_v2d,llm_v2c@2026-09-23T02:41:26.713596+00:00,9da653163799d56c+ca3b837dd0b3e85c,user,Qwen/Qwen3-4B-Instruct-2507,direct_then_validated,
127903,at://did:plc:lirc57u4hu54xlmqfl2holat/app.bsky.feed.post/3mw5bbswzq22z,did:plc:lirc57u4hu54xlmqfl2holat,2026-09-22T22:23:06.423000+00:00,bluesky,true,true,false,true,relevant,relevant,unlabeled,llm_v2c>llm_v2d,llm_v2c@2026-09-23T02:41:26.713596+00:00,9da653163799d56c+ca3b837dd0b3e85c,user,Qwen/Qwen3-4B-Instruct-2507,direct_then_validated,
128103,at://did:plc:ujcfuunnifiu3jwuf3vek6ee/app.bsky.feed.post/3mw5aufjtvj2t,did:plc:ujcfuunnifiu3jwuf3vek6ee,2026-09-22T22:15:13+00:00,bluesky,false,true,false,true,irrelevant,relevant,unlabeled,llm_v2c>llm_v2d,llm_v2c@2026-09-23T02:41:26.713596+00:00,9da653163799d56c+ca3b837dd0b3e85c,user,Qwen/Qwen3-4B-Instruct-2507,direct_then_validated,failed_mechanical_v1:not_in_text
128191,at://did:plc:oudtcg4qp7uzkgm3ng733bga/app.bsky.feed.post/3mw5bncxals2c,did:plc:oudtcg4qp7uzkgm3ng733bga,2026-09-22T22:29:32.307000+00:00,bluesky,true,true,false,true,relevant,relevant,unlabeled,llm_v2c>llm_v2d,llm_v2c@2026-09-23T02:41:26.713596+00:00,9da653163799d56c+ca3b837dd0b3e85c,user,Qwen/Qwen3-4B-Instruct-2507,direct_then_validated,
128287,at://did:plc:lzy35mvnif6fmbevsc2kxewf/app.bsky.feed.post/3mw5dlazj7s2o,did:plc:lzy35mvnif6fmbevsc2kxewf,2026-09-22T23:04:10.660000+00:00,bluesky,false,true,false,true,irrelevant,relevant,unlabeled,llm_v2c>llm_v2d,llm_v2c@2026-09-23T02:41:26.713596+00:00,9da653163799d56c+ca3b837dd0b3e85c,user,Qwen/Qwen3-4B-Instruct-2507,direct_then_validated,failed_mechanical_v1:non_ca_tld
128289,at://did:plc:eto6t7rpubrs7rfjbpk47ji6/app.bsky.feed.post/3mw5dzc3lfw2c,did:plc:eto6t7rpubrs7rfjbpk47ji6,2026-09-22T23:12:00.652000+00:00,bluesky,true,true,false,true,relevant,relevant,unlabeled,llm_v2c>llm_v2d,llm_v2c@2026-09-23T02:41:26.713596+00:00,9da653163799d56c+ca3b837dd0b3e85c,user,Qwen/Qwen3-4B-Instruct-2507,direct_then_validated,
128295,at://did:plc:hmaktyrbo2tr5ua77daz2qgx/app.bsky.feed.post/3mw5dklk73c2m,did:plc:hmaktyrbo2tr5ua77daz2qgx,2026-09-22T23:03:48.136000+00:00,bluesky,true,true,false,true,relevant,relevant,unlabeled,llm_v2c>llm_v2d,llm_v2c@2026-09-23T02:41:26.713596+00:00,9da653163799d56c+ca3b837dd0b3e85c,user,Qwen/Qwen3-4B-Instruct-2507,direct_then_validated,
128444,at://did:plc:a3ao5kas7dyi5ooog5saz2ko/app.bsky.feed.post/3mw5ddmjmja2s,did:plc:a3ao5kas7dyi5ooog5saz2ko,2026-09-22T22:59:54.224000+00:00,bluesky,true,true,false,true,relevant,relevant,unlabeled,llm_v2c>llm_v2d,llm_v2c@2026-09-23T02:41:26.713596+00:00,9da653163799d56c+ca3b837dd0b3e85c,user,Qwen/Qwen3-4B-Instruct-2507,direct_then_validated,
128635,at://did:plc:yz3mevhw47d6mkipfl2fhelz/app.bsky.feed.post/3mw5fckj2j42s,did:plc:yz3mevhw47d6mkipfl2fhelz,2026-09-22T23:35:03+00:00,bluesky,true,true,false,true,relevant,relevant,unlabeled,llm_v2c>llm_v2d,llm_v2c@2026-09-23T02:41:26.713596+00:00,9da653163799d56c+ca3b837dd0b3e85c,user,Qwen/Qwen3-4B-Instruct-2507,direct_then_validated,
128800,at://did:plc:o5rvrcbz6kvgiutmlcgf4ddu/app.bsky.feed.post/3mw5g6miapk22,did:plc:o5rvrcbz6kvgiutmlcgf4ddu,2026-09-22T23:50:47.694000+00:00,bluesky,true,true,false,true,relevant,relevant,unlabeled,llm_v2c>llm_v2d,llm_v2c@2026-09-23T02:41:26.713596+00:00,9da653163799d56c+ca3b837dd0b3e85c,user,Qwen/Qwen3-4B-Instruct-2507,direct_then_validated,
128804,at://did:plc:lt7c4t2kmpb2l6irvz2tyonf/app.bsky.feed.post/3mw5h42igxs2x,did:plc:lt7c4t2kmpb2l6irvz2tyonf,2026-09-23T00:07:15.458000+00:00,bluesky,false,true,false,true,irrelevant,relevant,unlabeled,llm_v2c>llm_v2d,llm_v2c@2026-09-23T02:41:26.713596+00:00,9da653163799d56c+ca3b837dd0b3e85c,user,Qwen/Qwen3-4B-Instruct-2507,direct_then_validated,failed_mechanical_v1:not_in_text
128845,at://did:plc:yrry24lfrtfzidba3kbmgdwm/app.bsky.feed.post/3mw5gpkqe7n2q,did:plc:yrry24lfrtfzidba3kbmgdwm,2026-09-23T00:00:16.206529+00:00,bluesky,false,true,false,true,irrelevant,relevant,unlabeled,llm_v2c>llm_v2d,llm_v2c@2026-09-23T02:41:26.713596+00:00,9da653163799d56c+ca3b837dd0b3e85c,user,Qwen/Qwen3-4B-Instruct-2507,direct_then_validated,failed_mechanical_v1:non_ca_tld+not_in_text
128946,at://did:plc:rvgczjwe4vpieijepny5voy7/app.bsky.feed.post/3mw5gugfmuu2t,did:plc:rvgczjwe4vpieijepny5voy7,2026-09-23T00:02:59.417186+00:00,bluesky,false,true,false,true,irrelevant,relevant,unlabeled,llm_v2c>llm_v2d,llm_v2c@2026-09-23T02:41:26.713596+00:00,9da653163799d56c+ca3b837dd0b3e85c,user,Qwen/Qwen3-4B-Instruct-2507,direct_then_validated,failed_mechanical_v1:not_in_text
128982,at://did:plc:yrry24lfrtfzidba3kbmgdwm/app.bsky.feed.post/3mw5hkkrxji2h,did:plc:yrry24lfrtfzidba3kbmgdwm,2026-09-23T00:15:22.210926+00:00,bluesky,false,true,false,true,irrelevant,relevant,unlabeled,llm_v2c>llm_v2d,llm_v2c@2026-09-23T02:41:26.713596+00:00,9da653163799d56c+ca3b837dd0b3e85c,user,Qwen/Qwen3-4B-Instruct-2507,direct_then_validated,failed_mechanical_v1:non_ca_tld+not_in_text
129069,at://did:plc:hs2w3wx6c3dkya7tjpaoxdve/app.bsky.feed.post/3mw5i2wxuzk2i,did:plc:hs2w3wx6c3dkya7tjpaoxdve,2026-09-23T00:24:31.935000+00:00,bluesky,true,true,false,true,relevant,relevant,unlabeled,llm_v2c>llm_v2d,llm_v2c@2026-09-23T02:41:26.713596+00:00,9da653163799d56c+ca3b837dd0b3e85c,user,Qwen/Qwen3-4B-Instruct-2507,direct_then_validated,
129143,at://did:plc:mri4qfwjhti5j4c3ob5vtudy/app.bsky.feed.post/3mw5jqepz4c2h,did:plc:mri4qfwjhti5j4c3ob5vtudy,2026-09-23T00:54:24.765000+00:00,bluesky,false,true,false,true,irrelevant,relevant,unlabeled,llm_v2c>llm_v2d,llm_v2c@2026-09-23T02:41:26.713596+00:00,9da653163799d56c+ca3b837dd0b3e85c,user,Qwen/Qwen3-4B-Instruct-2507,direct_then_validated,failed_mechanical_v1:non_ca_tld
129187,at://did:plc:qn32pbmcspvqexb7eccysjq4/app.bsky.feed.post/3mw5jbrvskcao,did:plc:qn32pbmcspvqexb7eccysjq4,2026-09-23T00:46:15+00:00,bluesky,true,true,false,true,relevant,relevant,unlabeled,llm_v2c>llm_v2d,llm_v2c@2026-09-23T02:41:26.713596+00:00,9da653163799d56c+ca3b837dd0b3e85c,user,Qwen/Qwen3-4B-Instruct-2507,direct_then_validated,
129196,at://did:plc:khdypayczwrmptfeqizjyewo/app.bsky.feed.post/3mw5kj4o2gc2g,did:plc:khdypayczwrmptfeqizjyewo,2026-09-23T01:08:15.166000+00:00,bluesky,true,true,false,true,relevant,relevant,unlabeled,llm_v2c>llm_v2d,llm_v2c@2026-09-23T02:41:26.713596+00:00,9da653163799d56c+ca3b837dd0b3e85c,user,Qwen/Qwen3-4B-Instruct-2507,direct_then_validated,
129208,at://did:plc:js7ugonmht5s7maqufxx3woj/app.bsky.feed.post/3mw5k2jpdcw24,did:plc:js7ugonmht5s7maqufxx3woj,2026-09-23T01:00:04.128000+00:00,bluesky,false,true,false,true,irrelevant,relevant,unlabeled,llm_v2c>llm_v2d,llm_v2c@2026-09-23T02:41:26.713596+00:00,9da653163799d56c+ca3b837dd0b3e85c,user,Qwen/Qwen3-4B-Instruct-2507,direct_then_validated,failed_mechanical_v1:not_in_text
129214,at://did:plc:v3kgm6hujff4gbxies5vwbnb/app.bsky.feed.post/3mw5k6fcvkk2r,did:plc:v3kgm6hujff4gbxies5vwbnb,2026-09-23T01:02:15.144000+00:00,bluesky,true,true,false,true,relevant,relevant,unlabeled,llm_v2c>llm_v2d,llm_v2c@2026-09-23T02:41:26.713596+00:00,9da653163799d56c+ca3b837dd0b3e85c,user,Qwen/Qwen3-4B-Instruct-2507,direct_then_validated,
129269,at://did:plc:7oeufzwrvqyzfmj3jffojbjw/app.bsky.feed.post/3mw5lnd6y5b2i,did:plc:7oeufzwrvqyzfmj3jffojbjw,2026-09-23T01:28:20+00:00,bluesky,false,true,false,true,irrelevant,relevant,unlabeled,llm_v2c>llm_v2d,llm_v2c@2026-09-23T02:41:26.713596+00:00,9da653163799d56c+ca3b837dd0b3e85c,user,Qwen/Qwen3-4B-Instruct-2507,direct_then_validated,failed_mechanical_v1:not_in_text
129271,at://did:plc:pcievrygrnjjg5ni7mjfgctb/app.bsky.feed.post/3mw5ljaqejc2d,did:plc:pcievrygrnjjg5ni7mjfgctb,2026-09-23T01:26:13.124000+00:00,bluesky,true,true,false,true,relevant,relevant,unlabeled,llm_v2c>llm_v2d,llm_v2c@2026-09-23T02:41:26.713596+00:00,9da653163799d56c+ca3b837dd0b3e85c,user,Qwen/Qwen3-4B-Instruct-2507,direct_then_validated,
129336,at://did:plc:3xazje6vq45bh4xml7goiqiv/app.bsky.feed.post/3mw5m7elzbh2i,did:plc:3xazje6vq45bh4xml7goiqiv,2026-09-23T01:38:33+00:00,bluesky,true,true,false,true,relevant,relevant,unlabeled,llm_v2c>llm_v2d,llm_v2c@2026-09-23T02:41:26.713596+00:00,9da653163799d56c+ca3b837dd0b3e85c,user,Qwen/Qwen3-4B-Instruct-2507,direct_then_validated,
129510,at://did:plc:ztvxledew74v3zmjgx7lv74j/app.bsky.feed.post/3mw5npggbl22g,did:plc:ztvxledew74v3zmjgx7lv74j,2026-09-23T02:05:27.956000+00:00,bluesky,true,true,false,true,relevant,relevant,unlabeled,llm_v2c>llm_v2d,llm_v2c@2026-09-23T02:41:26.713596+00:00,9da653163799d56c+ca3b837dd0b3e85c,user,Qwen/Qwen3-4B-Instruct-2507,direct_then_validated,
129548,at://did:plc:57j4dnzyvdjl2bici4u3oero/app.bsky.feed.post/3mw5opnkvwh2v,did:plc:57j4dnzyvdjl2bici4u3oero,2026-09-23T02:23:29.109510+00:00,bluesky,false,true,false,true,irrelevant,relevant,unlabeled,llm_v2c>llm_v2d,llm_v2c@2026-09-23T02:41:26.713596+00:00,9da653163799d56c+ca3b837dd0b3e85c,user,Qwen/Qwen3-4B-Instruct-2507,direct_then_validated,failed_mechanical_v1:non_ca_tld+not_in_text
